"129.67300,1,25,16777215,1617451687,0,52f7abe7,47348193570586631",建议女生不要玩小小梦魇
"113.51900,1,25,16777215,1616165477,0,60407c9e,46673849225838597",太掉san了
"364.75000,1,25,16707842,1615982176,0,5eec1c48,46577746707480579",哦哦哦涩狐狸我好爱
"127.46300,1,25,16777215,1615698344,0,7668a7c1,46428937057206277",脖人传
"577.42700,1,25,16777215,1615650399,0,43e775f7,46403800234721287",《我以为这是cg》
"372.02500,1,25,16777215,1615633055,0,726990db,46394706851528707",害怕，这婆娘疯了
"577.46800,1,25,16777215,1615569091,0,2dcbb3f1,46361171000819719",拒绝套娃
"545.44800,1,25,16777215,1615569050,0,2dcbb3f1,46361149885644805",啊这
"64.78800,1,25,16777215,1615568567,0,2dcbb3f1,46360896413368323",人已经笑没了哈哈哈哈哈
"263.91800,1,25,16777215,1615467757,0,74c793b8,46308042932224005",哈哈乐极生悲啊
"601.55000,1,25,16777215,1615363844,0,d417ea0c,46253562852802565",致命空刀
"571.84900,1,25,16777215,1615363815,0,d417ea0c,46253547262574599",哈哈哈
"411.18000,1,25,16777215,1615363654,0,d417ea0c,46253462967549957",你感动吗
"372.38600,1,25,16777215,1615363615,0,d417ea0c,46253442604204039",妈耶
"37.49900,1,25,16777215,1615303721,0,c2ba8ae6,46222041045008391",让你跳那一下
"97.47200,1,25,16777215,1615220272,0,327a1f47,46178289364500487",哈哈哈哈
"632.18500,1,25,16777215,1615212498,0,fe3cddfe,46174213880414213",哈哈哈哈
"615.65800,1,25,16777215,1615212482,0,fe3cddfe,46174205283663875",折磨
"29.42100,1,25,16777215,1615208611,0,f40efe2d,46172176014376967",awsl
"452.53100,1,25,16777215,1615194579,0,cf19e12f,46164819155877893",老倭瓜哈哈哈哈
"12.44900,1,25,16777215,1615194507,0,cf19e12f,46164781516718087",涩狐狸！
"206.97500,1,25,16777215,1615185270,0,7bbe4803,46159938706735111",看给妈吓得
"302.01700,1,25,16777215,1615177134,0,8e592b31,46155672948572163",这里给衫妈吓哭了
"377.49900,1,25,16777215,1615174612,0,fd6fd9f2,46154350542192643",这段衫妈巨折磨观众
"610.17900,1,25,16777215,1615166859,0,a9f61a2c,46150285724745735",鸭哒！
"539.61900,1,25,16777215,1615166778,0,a9f61a2c,46150243177725957",草
"433.05900,1,25,16777215,1615166667,0,a9f61a2c,46150185392799747",草
"420.37900,1,25,16777215,1615166651,0,a9f61a2c,46150176582664195",敌不动我不动哈哈哈哈
"397.81900,1,25,16777215,1615166619,0,a9f61a2c,46150160144662531",死亡对视
"346.69900,1,25,16777215,1615166546,0,a9f61a2c,46150121711206403",我水开了（不是
"311.07900,1,25,16777215,1615166500,0,a9f61a2c,46150097827790851",草
"137.38700,1,25,16777215,1615154155,0,4f02f93e,46143625413263367",推荐从第一部开始玩
"485.97000,5,25,15138834,1615149679,0,4022368c,46141278310105095",弹幕好空
"4.45500,5,25,15138834,1615149447,0,4022368c,46141157068505091",不慌我的饭已经准备好了
"0.39000,1,25,16777215,1615146555,0,44fc6b1c,46139640803491843",害怕
"13.07700,1,25,16777215,1615149231,0,341b8978,46141043416498181",陆小凤来啦
"4.53900,1,25,16777215,1620310165,0,2558b79f,48846859678515203",两人都有两颗痣
"19.53900,1,25,16777215,1619697826,0,2558b79f,48525817170362375",神仙落泪
"8.05900,1,25,16777215,1619697803,0,2558b79f,48525805612957703",这里好好看啊
"25.67100,1,25,16777215,1619271128,0,2558b79f,48302104837095431",哈哈有故事啊
"12.75000,1,25,16777215,1619271115,0,2558b79f,48302098044944391",好好看
"4.98000,1,25,16777215,1619271107,0,2558b79f,48302093950779397",好美
"22.24800,1,25,16777215,1615206984,0,de954393,46171322897137667",关晓彤宋亚轩
"3772.44500,1,25,16777215,1615140109,0,b733e635,46138733113114629",我也觉得！她不是指向技能！
"3665.44000,1,25,16777215,1615140002,0,b733e635,46138733117308935",我朋友给我3.8买了巧克力（现在是叫女神节吗
"1828.31600,1,25,16777215,1615138165,0,394ef312,46138733115736071",感谢礼物～
"1734.48000,1,25,16777215,1615138071,0,b733e635,46138733114163207",点了就阔以记住经常来找我玩了！
"1694.76400,1,25,16777215,1615138031,0,2a5fca64,46138733105774597",我是不是留个坐标(･∀･)
"1646.37400,1,25,16777215,1615137983,0,b733e635,46138733103677445",老板大气！
"1431.79900,1,25,16777215,1615137768,0,2a5fca64,46138733108396039",服务员，来个干果盘
"565.47200,1,25,16777215,1615136902,0,b733e635,46138733106823175",筱筱宝贝晚好！
"200.82900,1,18,16777215,1615278234,0,57a8d0c6,46208678236782599",q
"2.16900,1,25,16777215,1616579341,0,120d521,46890833326637063",指挥部:请空降到01:39
"235.73200,1,25,16777215,1615713907,0,7a538cda,46437096709160963",奥利给
"230.25700,1,25,16777215,1615713902,0,7a538cda,46437093648367619",牛哇
"15.57900,1,25,16777215,1621855955,0,59927b65,49657298594299911",wc啥手机这么稳
"95.97900,1,25,16777215,1620488747,0,9e86066a,48940487809695751",安卓和苹果就不要合区
"98.23100,1,25,16777215,1616512668,0,228b1ab2,46855877335449605",这是苹果？咋感觉有点卡
"25.01300,1,25,16777215,1616512551,0,228b1ab2,46855816042512391",弹舌牛批
"62.14400,1,25,16777215,1616511374,0,7c4e1466,46855198815551491",单纯就是天美优化问题而已
"77.77200,1,25,16777215,1616346021,0,da3eb54b,46768506024755205",iOS流畅到飞起
"5.12200,4,25,15138834,1615646572,0,804d60d,46401793587412999",首先价格摆在那里！
"0.00000,4,25,16777215,1615646561,0,804d60d,46401787555479555",首先价格摆在那里！
"32.45900,1,25,16777215,1615194756,0,849887d3,46164911961669637",意思就是游戏优化不好呗非常吃机型
"210.88900,1,25,16777215,1621962269,0,ebd11e28,49713037472956421",禁止夹带私货（）
"70.66900,1,25,16777215,1615200452,0,af69fb39,46167898132054023",好家伙
"95.76400,1,25,16777215,1615197390,0,c35223a0,46166293028536323",up可以一起玩吗
"130.49900,1,25,16777215,1615185227,0,eb69446b,46159916077416455",哈哈哈哈哈哈
"78.31300,1,25,16707842,1615179889,0,fd3307bd,46157117410770949",报个班上吧（doge
"83.82800,1,25,16777215,1616912859,0,d935267b,47065692470509571",sofa
"140.29600,1,25,16777215,1620112958,0,b896bc2d,48743465915777031",挺好看
"127.26200,1,25,16777215,1618331424,0,3c492c8e,47809429053636613",不看机芯么
"55.74600,1,25,16777215,1618110795,0,ef223740,47693756240494595",好靓
"140.64400,1,25,16777215,1617860873,0,c259c0a,47562724853415939",我还真不是不喜欢，感觉怀表都比较贵……
"175.11900,1,25,16777215,1616506554,0,cdffbfe,46852671791431683",值
"137.62500,1,25,16777215,1615740765,0,b9d6f25b,46451177870065667",吃药?
"170.95400,1,25,16777215,1615454514,0,b33a95eb,46301099867504645",血亏
"156.77200,1,25,41194,1615385749,0,747af533,46265047323770883",应该是圣乔治屠龙的故事…
"86.79800,1,25,16777215,1615375461,0,ecf687b3,46259653314609159",呵呵
"17.59600,1,25,16777215,1615261539,0,fb35c4ea,46199925537505285",包上？
"53.97700,1,25,16777215,1615260219,0,6e3249c9,46199233292271623",勇士格奥尔基手持长矛刺杀毒龙。也是莫斯科市徽。相传在刺死毒龙处建立莫斯科。
"171.91500,1,25,16777215,1615229403,0,64da40fd,46183076627742725",买了个寂寞。你喜欢就好
"159.59100,1,25,16777215,1615186714,0,c3ae0cf2,46160695424712711",坏了吧
"139.35400,1,25,16777215,1615182546,0,aac0d2f3,46158510136754183",我就喜欢戴怀表
"40.94800,1,25,16777215,1615180287,0,fa6a9e99,46157325671071747",？
"32.96300,1,25,16777215,1615180278,0,fa6a9e99,46157321462087685",十分钟  我来的挺早的
"23189.57200,1,25,16777215,1615130621,0,d5f74220,46138821651202053",开着虚拟形象玩
"23040.37000,1,25,16777215,1615130472,0,c0bcdc39,46138821649629189",只管左键摁到底，剩下的交给坚持和努力。
"21197.88500,1,25,16777215,1615128630,0,d5f74220,46138821656444931",没然后，外卖到了
"20753.79900,1,25,16777215,1615128186,0,6f14f78b,46138821654347779",所以猫猫早点睡呀
"20167.56800,1,25,16777215,1615127600,0,d5f74220,46138821652774915",懂了，给自己套个复活buff
"17004.11900,1,25,16777215,1615124437,0,d5f74220,46138821651202051",刚准备去玩网易MC的花雨庭
"16656.47300,1,25,16777215,1615124089,0,457ca004,46138821640716293",今天又有老板糊涂了啊
"15706.12500,1,25,16777215,1615123139,0,7166a572,46138821639143429",咱们每天看见他都是他睡醒了
"15154.35000,1,25,16777215,1615122587,0,7166a572,46138821646483459",这人绕后这么马
"15112.01800,1,25,16777215,1615122545,0,bd080d2f,46138821635997701",我搁宿舍看猫猫，针不戳
"15038.88900,1,25,16777215,1615122471,0,bd080d2f,46138821642813443",鲨鱼来我直播间直接给我一个礼花
"15007.60100,1,25,16777215,1615122440,0,6f14f78b,46138821641240579",鲨鱼送礼物都挺贵的
"14907.68800,1,25,16777215,1615122340,0,7166a572,46138821639667715",寻梦怎么送了110的礼物啊
"14488.46900,1,25,16777215,1615121921,0,7166a572,46138821638094851",你这醒的真是时候
"14446.64800,1,25,16777215,1615121879,0,a83d1f55,46138821636521987",刚好睡醒练练手
"13936.05400,1,25,16777215,1615121369,0,7166a572,46138821634949123",我要举报这里聚众斗殴
"11526.75800,1,25,16777215,1615118959,0,6f14f78b,46138821633900551",不不不，人家是给猫猫送经验的
"11095.99100,1,25,16777215,1615118529,0,6f14f78b,46138821631279107",配音：呃呃呃
"10815.74600,1,25,16777215,1615118248,0,6f14f78b,46138821621317637",灵活的猫猫
"9587.30300,1,25,16777215,1615117019,0,dad40708,46138821628133379",然后是刻晴
"9498.00500,1,25,16777215,1615116930,0,dad40708,46138821618171909",我先睡了，记得明早叫醒我
"9473.05000,1,25,16777215,1615116905,0,dad40708,46138821616599045",散了吧，今晚都是找巨蜥了
"9381.65200,1,25,16777215,1615116814,0,6f14f78b,46138821615026181",不，我世界来过大佬帮我打龙蜥
"9301.88400,1,25,16777215,1615116734,0,dad40708,46138821613453317",我怕你打不过巨蜥
"8679.45300,1,25,16777215,1615116111,0,dad40708,46138821611880453",你要是帮我打，就帮我把巨蜥打了把
"8544.82300,1,25,16777215,1615115977,0,dad40708,46138821618696195",蓝色是蒙德翅膀
"8155.99700,1,25,16777215,1615115588,0,7166a572,46138821617647623",这一会开几个游戏了
"8135.47800,1,25,16777215,1615115567,0,7166a572,46138821615550467",新进来的小宝贝点个关注叭~
"7643.18500,1,25,16777215,1615115075,0,af8c804,46138821613453315",好家伙，这么晚
"7011.93400,1,25,16777215,1615114444,0,6f14f78b,46138821611880451",夭寿了
"5970.88900,1,25,16777215,1615113403,0,6f14f78b,46138821601394693",我感觉肯德基最多的是土豆泥
"5454.50700,1,25,16777215,1615112887,0,7166a572,46138821599821829",当头一瓜
"4624.88100,1,25,16777215,1615112057,0,6f14f78b,46138821607161859",猫猫喜欢给自己立flag
"4436.73300,1,25,16777215,1615111869,0,af8c804,46138821603491843",某猫:我被气死了
"4097.78600,1,25,16777215,1615111530,0,7166a572,46138821593006085",都会抢答了
"3372.45100,1,25,16777215,1615110805,0,6f14f78b,46138821600346115",自己跳缝里了
"3367.93500,1,25,16777215,1615110800,0,dad40708,46138821598773251",果然是猫猫
"3365.47700,1,25,16777215,1615110798,0,f3856b44,46138821597724679",我原称之为绝活
"3219.01500,1,25,16777215,1615110651,0,dad40708,46138821595103235",好家伙，一堆猫猫在推红球
"3148.03900,1,25,16777215,1615110580,0,6f14f78b,46138821585141765",众所周知，博人传是不可燃物
"3043.47400,1,25,16777215,1615110476,0,6f14f78b,46138821583044613",堆家门口就能防火了
"3015.68300,1,25,16777215,1615110448,0,6f14f78b,46138821585666051",猫猫又要飞了
"2752.85300,1,25,16777215,1615110185,0,f3856b44,46138821583568899",好家伙居然过了
"2664.99200,1,25,16777215,1615110097,0,f3856b44,46138821582520327",又开始白给起来了
"2638.57300,1,25,16777215,1615110071,0,ff506e13,46138821580947463",明明我才是最聪明的
"2529.29000,1,25,16777215,1615109962,0,dad40708,46138821578326019",黄队只有一个猫猫，红队全是猫猫
"2517.65500,1,25,16777215,1615109950,0,6f14f78b,46138821576228867",不要停下白给的脚步
"2210.82500,1,25,16777215,1615109643,0,dad40708,46138821574656007",一颗蛋都抢不到只会白给的猫猫是屑
"2035.98600,1,25,16777215,1615109468,0,af8c804,46138821573083143",点歌：葫芦娃
"1244.56900,1,25,16777215,1615108678,0,7166a572,46138821570985991",我也不是什么学霸
"1164.99000,1,25,16777215,1615108598,0,ff506e13,46138821569413127",好家伙都是读书人
"975.50200,1,25,16777215,1615108409,0,7166a572,46138821566791747",早上好猫猫
"832.94400,1,25,16777215,1615108266,0,6f14f78b,46138821562597383",猫猫又吃鸡了(°∀°)ﾉ
"111.60100,1,25,16777215,1617385203,0,d50b0f61,47313336857526279",老实人子敬
"127.85900,1,25,16777215,1616315778,0,9e858f35,46752650230235141",up和都督有仇
"58.17900,1,25,16777215,1616315695,0,9e858f35,46752606938202119",诸葛村夫，骂完人就跑
"93.57900,1,25,16777215,1616196434,0,6fff45cd,46690079357796357",囍
"7.73900,1,25,16777215,1615826435,0,deac12f0,46496093776642055",城中可有（  ）
"38.23500,1,25,16777215,1615807602,0,6f65af7f,46486219554553859",对曹老板是又爱又恨
"110.66600,1,25,16777215,1615806661,0,85a4e74e,46485726099931141",时间他亏欠的 是我们这些记性好 喜欢念旧的人
"49.45900,1,25,16777215,1615785292,0,5144b18b,46474522920484869",长坂坡三杰
"22.80400,1,25,16777215,1615776936,0,c536b5ad,46470141658005507",你Tm倒是上个图啊.jpg
"21.31800,1,25,16777215,1615680315,0,4d203c6f,46419484468576259",见封进哈哈哈
"133.83900,1,25,16777215,1615542707,0,b65cfafd,46347338471440389",为什么捂左胸
"91.95900,1,25,16777215,1615542654,0,b65cfafd,46347310847229959",嘟嘟好帅
"46.13900,1,25,16777215,1615542602,0,b65cfafd,46347283352518663",子龙一身是胆
"6.53900,1,25,16777215,1615542557,0,b65cfafd,46347259567144965",熟悉的音乐
"80.28400,1,25,16777215,1615512689,0,9405985b,46331600202891267",暂停成功
"164.72500,1,25,16777215,1615441046,0,d377e3b,46294038975348743",公瑾啊
"136.50700,1,25,16777215,1615187542,0,334785af,46161129480126467",大都督
"180.43500,1,25,16777215,1615176372,0,4554b0d,46155273121824773",世界名画
"155.39600,1,25,16777215,1615176347,0,4554b0d,46155260028256261",嘟嘟～
"77.66000,1,25,16777215,1615176269,0,4554b0d,46155219265912835",本期最鲜活：曹操
"37.65000,1,25,16777215,1622906991,0,7104884a,50208344205950979",怼天怼地 怼公公
"510.09900,1,25,16777215,1622782100,0,2c901cb8,50142865109024773",阿星和天骐都是小天使，没什么配不配得上的，俗了
"423.32000,1,25,16777215,1622732839,0,53bcc756,50117038175682565",比你的好看哦
"382.22000,1,25,16777215,1622732790,0,53bcc756,50117012472987651",哈哈，两个人关注点完全不同
"228.54000,1,25,16777215,1622732604,0,53bcc756,50116915163037701",霸气
"148.00000,1,25,16777215,1622732516,0,53bcc756,50116869105909765",父母只是会照着自己的方式对待子女，却不在意子女想要的是什么，开不开心
"117.18000,1,25,16777215,1622732382,0,53bcc756,50116798759567363",说得太好了
"235.19300,1,25,16777215,1622624545,0,3667391c,50060260982915079",哈哈哈阿星太棒啦
"139.22500,1,25,16707842,1622032850,0,6573cb95,49750042665287685",把老婆搞自杀了之后，又抛弃情人和私生子，就你还好意思管你儿子的婚姻，你的婚姻是有多成功
"136.58000,1,25,16707842,1622032799,0,6573cb95,49750015767740419",他在他情人那里哈哈哈哈哈
"133.20000,1,25,16777215,1621834943,0,48f7bdda,49646282017341443",女主真的很好
"111.71900,1,25,16777215,1621251379,0,8334a72,49340326392365063",确实
"386.97700,1,25,16777215,1620654130,0,e6ddc994,49027196328083461",哈哈哈哈哈哈哈哈哈
"116.50000,1,25,16777215,1620653875,0,e6ddc994,49027062355722243",大家觉得中肯，是因为大家都长大了
"76.91800,1,25,16777215,1620653835,0,e6ddc994,49027041533624325",玩一玩...好恶心
"433.12400,1,25,16777215,1620311262,0,39e0391,48847434802528263",哈哈哈哈哈比你大
"245.18500,1,25,16777215,1619797309,0,303f9f8b,48577974941253639",噗
"52.30400,1,25,16777215,1619530377,0,a60ddaaa,48438025816899591",其实说的有道理的
"419.91100,1,25,41194,1618902478,0,dbc0cc2,48108826053836803",欧雅若就是看不得别人好
"165.42000,1,25,41194,1618902405,0,dbc0cc2,48108787724713989",因为阿星特别关心天骐
"87.34600,1,25,16777215,1618902343,0,dbc0cc2,48108755436437511",非常现实
"553.18300,1,25,16777215,1618795754,0,26f3543b,48052872124825607",欧雅若还是有点良心的
"511.68300,1,25,16777215,1618795713,0,26f3543b,48052850435031043",阿星的穿着真的很不错
"424.68300,1,25,16777215,1618795626,0,26f3543b,48052804679368711",也不是自己拿到的
"413.68300,1,25,16777215,1618795615,0,26f3543b,48052798908530695",阿星还是善良了
"399.68200,1,25,16777215,1618795601,0,26f3543b,48052791577411587",但是还是亲了啊
"364.18200,1,25,16777215,1618795565,0,26f3543b,48052772958896133",欧雅若是阿星的反面
"255.68300,1,25,16777215,1618795457,0,26f3543b,48052716254527493",bgm太给力了
"238.68300,1,25,16777215,1618795440,0,26f3543b,48052707272425479",这里我看了无数遍
"151.18300,1,25,16777215,1618795353,0,26f3543b,48052661462761475",阿星很正
"247.11700,1,25,16777215,1618626337,0,a8f6a9b1,47964048672686147",哈哈哈
"67.60300,1,25,16777215,1618626157,0,a8f6a9b1,47963954176065539",阿星设计不错，一样很好
"311.24000,1,25,16777215,1618079699,0,b74c8fcf,47677452861308935",hhh我就去告诉我老公
"46.27200,1,25,16777215,1617463101,0,9bbe714e,47354177980465155",哈哈哈哈？
"461.73900,1,25,16777215,1617120960,0,ea565c61,47174797675724803",阿星太可爱了
"150.70100,1,25,16777215,1617102185,0,126c57bc,47164953832456197",欧雅若：这女人好有种
"80.87300,1,25,16777215,1616603521,0,7b53bb7d,46903510565388357",老渣男了
"124.30900,1,25,16777215,1616596132,0,3a5ed758,46899636290977797",小时候觉得很生气，但现在看来爸爸说得很有道理
"52.19700,1,25,16777215,1616587248,0,691e3b1,46894978584018947",那娶个翻译？
"45.33800,1,25,16777215,1616064691,0,1cd107a8,46621008407822339",哈哈哈哈哈哈哈哈
"546.50900,1,25,16777215,1615746015,0,9eb02a48,46453930128834563",哈哈哈 阿星的排比句一气呵成
"50.91000,1,25,16777215,1615553444,0,ad868ef3,46352967813562375",欧雅若演技好好
"274.94100,1,25,16777215,1615532591,0,547672ce,46342034519228423",是小天使仲天骐没错了
"95.91800,1,25,16777215,1615453855,0,6383ea0a,46300754200756231",欧亚若美
"376.82300,1,25,16777215,1615436240,0,2ed76eb7,46291518888607747",这两人个子都好高啊
"308.52200,1,25,16777215,1615436169,0,2ed76eb7,46291481911623683",阿星后期比前期脸圆了
"254.80000,1,25,16777215,1615430174,0,f1ea9b68,46288338492063751",这什么台词啊
"436.31300,1,25,16777215,1615389905,0,1671aaa0,46267226357497861",这些员工是真的不想干了
"197.65000,1,25,16777215,1615389667,0,1671aaa0,46267101283352579",记者怎么情绪那么大
"78.13000,1,25,16777215,1615386065,0,2316219d,46265212702556163",金善美挺好的，大方可爱
"38.39200,1,25,16777215,1615386025,0,2316219d,46265191869448199",颜值都好高啊
"157.10000,1,25,16777215,1615385132,0,a9b11561,46264723618398215",阿星这样好美
"117.52900,1,25,16777215,1615384258,0,88b3c256,46264265696346119",你们两不合适
"98.32600,1,25,16777215,1615384239,0,88b3c256,46264255695552519",我也觉得他说的是事实
"500.06600,1,25,16777215,1615377985,0,5ede238,46260976813604869",这个女生美好到我觉得男主配不上
"427.64500,1,25,16777215,1615370215,0,3551ab55,46256902783893507",比你那个还大
"169.69900,1,25,16777215,1615365539,0,4c419af9,46254451499991043",小时候和现在很喜欢阿星
"459.91400,1,25,16777215,1615357741,0,9d3150c9,46250363068612611",可可爱爱
"469.77400,1,25,16777215,1615352747,0,5712190e,46247744615481347",干得漂亮
"179.17900,5,25,15138834,1615347442,0,282c5825,46244963085713415",名场面
"388.56900,1,25,16777215,1615343355,0,aa41b4ef,46242820776787975",女主的推理能力
"441.90000,1,25,16777215,1615337082,0,a024c43b,46239531606212615",这个蓝宝石是韩志毅的
"80.01100,1,25,16777215,1615324538,0,6589ee91,46232955231666179",这是在面试嘛？
"460.11800,1,25,16777215,1615313909,0,c33dbfd6,46227382295592967",哈哈哈哈哈哈哈
"250.34700,1,25,16777215,1615313674,0,c33dbfd6,46227258948976647",哈哈哈哈哈哈哈
"64.67800,1,25,16777215,1615313534,0,412ee42,46227185892589571",low君是为了吐槽而吐槽的  取关了
"55.14600,1,25,16777215,1615310586,0,cf8c1ecc,46225639870562307",low早就取关了 很多解说都很片面且严重怀疑根本没看过剧
"344.49200,1,25,16777215,1615309825,0,70ffd2de,46225241284804615",一天8个小时不够
"14.73800,1,25,16777215,1615307685,0,eb9db141,46224118920511493",太同意了！！！我以前喜欢看，现在再也不看了！很多吐槽都在瞎扯博关注
"234.86700,1,25,16777215,1615307326,0,33f20291,46223930701643783",忽然发现这个配音是中华小当家四郎的配音吗？
"10.65500,1,25,16777215,1615304879,0,3bd1c757,46222648075616259",江别鹤是你
"456.07100,1,25,16777215,1615300944,0,738ee47e,46220584785281029",好可爱
"256.61900,1,25,16777215,1615300818,0,738ee47e,46220518824083459",阿星好棒
"54.53400,1,25,16777215,1615300576,0,ecb8cea6,46220392063303685",哈哈哈哈哈哈哈哈
"196.13900,1,25,16777215,1615300424,0,738ee47e,46220312408227843",wuli阿星伊布哒～
"124.25900,1,25,16777215,1615300297,0,738ee47e,46220245803204615",想象一下片场阿星说的全是韩语……
"85.89900,1,25,16777215,1615300229,0,738ee47e,46220209855397891",其实他说的没错……但还是心疼阿星
"67.71900,1,25,16777215,1615300185,0,738ee47e,46220187089764359",你就是！
"159.93300,1,25,16777215,1615299662,0,4540f404,46219912696299527",并不是真心为他好，只是觉得他和夏之星在一起很丢脸罢了
"133.93300,1,25,16777215,1615299636,0,4540f404,46219899015528455",天骐变成这样他爸爸有很大责任的
"305.61800,1,25,16777215,1615299297,0,d4ed66c7,46219721629499397",这个衣服超好看
"451.17600,1,25,16777215,1615298671,0,c68272b3,46219393357053957",那是她办公桌阿
"407.54900,1,25,16777215,1615298308,0,f15670ba,46219203066200069",是一串
"284.10500,1,25,16777215,1615298180,0,f15670ba,46219135820496903",戴歪了 看着难受
"256.13900,1,25,16777215,1615294507,0,5e6f1998,46217210304135173",完蛋，我现在觉得这个钻太小了，娱乐圈炫富太频繁了，影响了我的三观
"128.96000,1,25,16777215,1615291704,0,339aa4d4,46215740336898117",所以阿星是阿星，她从不说冠冕堂皇的话，她在意的只有天骐开不开心
"3.67900,1,25,16777215,1615287865,0,d678b41e,46213727972753411",炸鸡？2333
"123.60700,1,25,16777215,1615285723,0,96e45762,46212604655304709",背后灵
"216.63700,1,25,16777215,1615284499,0,6cd2d9a7,46211962969260035",都是凡人
"61.09600,1,25,16777215,1615283940,0,19abfa74,46211669877587973",怎么搞的像面试哈哈哈
"123.90500,1,25,16777215,1615283856,0,f07fe1c4,46211626076471303",吃口香糖都不行吗哈哈哈哈哈哈
"457.86200,1,25,16777215,1615281931,0,eef315ce,46210616864014341",哈哈哈哈哈哈哈哈哈哈哈哈哈
"92.19400,1,25,16777215,1615281568,0,eef315ce,46210426089242627",阿星对事业也有帮助呀，她的设计才能不输欧雅若
"113.27800,1,25,16777215,1615279529,0,9fa05660,46209357349126149",老头子大舌头哈哈
"79.63800,1,25,16777215,1615279495,0,9fa05660,46209339749826563",这老头说的为啥挺中肯的？
"247.08700,1,25,16777215,1615279026,0,d8bcdf6e,46209093634359299",笑死了
"121.55800,1,25,16777215,1615278883,0,d8bcdf6e,46209018647543811",情侣装
"136.93200,1,25,16777215,1615277234,0,1e44d237,46208154156924931",欧雅若好美
"457.40700,1,25,16777215,1615275007,0,9bf76ffa,46206986707533829",这里太可爱了
"461.09700,1,25,16777215,1615274390,0,22b8d746,46206663015792647",哈哈哈哈哈哈哈哈哈哈
"362.25900,1,25,16777215,1615272831,0,7ca65dc2,46205845626683399",哈哈哈这个发音
"77.13900,1,25,16777215,1615271417,0,11080b46,46205104522526725",其实爸爸这么想很正常
"344.90500,1,25,16777215,1615270179,0,19a97d01,46204455125254147",助攻
"269.43700,1,25,16777215,1615270103,0,19a97d01,46204415578734595",嘿嘿，也太甜了
"154.23900,1,25,16777215,1615269988,0,19a97d01,46204355177086983",鼓掌！
"203.66300,1,25,16777215,1615269036,0,f367cb79,46203855800107011",这些记者好搞笑
"432.98300,1,25,16777215,1615268304,0,96db095d,46203471972532293",呜呜呜接下来就是火场了
"460.24100,1,25,16777215,1615267821,0,36b8a5d9,46203218838945797",可可爱爱
"455.80100,1,25,16777215,1615267810,0,36b8a5d9,46203213144129539",可可爱爱
"248.21400,1,25,16777215,1615267553,0,ed4a5ef2,46203078471319559",哈哈哈哈哈
"450.96000,5,25,41194,1615265521,0,71e57a17,46202013253369859",哈哈哈哈哈哈哈哈哈哈哈
"451.72100,5,25,41194,1615265500,0,71e57a17,46202002260623363",哈哈哈哈哈哈哈哈哈哈哈
"460.17200,1,25,16777215,1615263969,0,520a8a81,46201199635464263",哈哈哈哈哈
"275.08500,1,25,16777215,1615263565,0,a0714ed3,46200987677360131",林志颖耍帅真的好好笑
"113.47400,1,25,16777215,1615263380,0,a0714ed3,46200890510016517",晴子吸独了
"277.49200,1,25,16777215,1615262194,0,70774396,46200268730138627",戒指尺寸也太大了吧
"466.10200,1,25,16777215,1615259774,0,4d1054e7,46198999853039619",好好看
"41.69700,1,25,16777215,1615259613,0,d0840627,46198915692232711",你普通话都说不好要求别人？？？
"383.96200,1,25,16777215,1615256228,0,f742a152,46197140652818437",这里不落俗套好搞笑哈哈哈哈
"420.79200,1,25,16777215,1615254026,0,8bcd7576,46195986371969027",bgm一出来我DNA动了
"185.87300,1,25,16777215,1615253805,0,57f325af,46195870371151875",五年后所有的反派都是助攻
"457.41600,1,25,16777215,1615253031,0,8da016a1,46195464581677059",哈哈哈哈可爱
"440.01200,1,25,16777215,1615252056,0,20560a67,46194953440722951",为什么包不要了哈哈哈
"262.71600,1,25,16777215,1615251254,0,ae7189c5,46194533176705029",哈哈哈哈～冒爱心泡泡
"419.68200,1,25,16777215,1615247326,0,9f04f935,46192473711575043",这可是总裁夫人诶，这些员工要这么说话吗哈哈哈哈
"242.12000,1,25,16777215,1615245778,0,624939d2,46191662084390917",哈哈哈哈
"254.92500,1,25,16777215,1615228242,0,21292bf2,46182467935666181",好可爱
"49.37800,1,25,16707842,1615226903,0,4cb1f7d,46181765935529991",我也觉得他说话气人呢
"108.71200,1,25,16777215,1615225691,0,475f47c9,46181130704519175",诶，突然发现晴紫
"373.01300,5,18,14811775,1615224830,0,dc069e7b,46180679496499203",欧雅若好漂亮
"66.10500,1,25,16777215,1615223039,0,79607f88,46179740549644293",阿星好美
"242.32700,1,25,16777215,1615222739,0,51a3138b,46179583048810503",呃……
"153.71200,1,25,16777215,1615222472,0,46f36c63,46179442910298119",好美好美
"34.43300,1,25,16777215,1615221799,0,9adc3241,46179089995268101",女二瑟瑟发抖
"66.79000,1,25,16777215,1615220572,0,a14c0038,46178446926675975",口胡
"278.25100,1,25,16777215,1615220451,0,6e0a7457,46178383194750981",好帅啊
"38.07900,1,25,16777215,1615219244,0,eaec8c2e,46177750582558725",梦话一种方言一种，开车的时候还有一种
"76.95900,1,25,16777215,1615212837,0,febbfecd,46174391282696195",挺现实，偶像剧大概就是虽然现实但是相爱总能重逢叭
"68.67900,1,25,16777215,1615212175,0,673d49df,46174044247556099",其实这个剧 说是偶像剧 其实很现实
"62.91900,1,25,16777215,1615212147,0,673d49df,46174029864763395",雅若还好点 事业有帮助
"164.76000,1,25,16777215,1615212115,0,d5dde16d,46174013200793607",他们真的没有看到后边两个人么
"39.03900,1,25,16777215,1615211880,0,673d49df,46173890001502213",就是 韩语算不算
"37.59600,1,25,16777215,1615208659,0,9ee7bef2,46172201010855943",多笋啊
"399.31700,1,25,16777215,1615199844,0,53b4c326,46167579599306755",这里 欧总监是白嫖一颗宝石吗
"5.42800,1,25,16777215,1615185129,0,34238263,46159864376328199",来了啦了 low君说的太气人了!
"58.18000,1,25,16777215,1615177147,0,cb7f5f58,46155679437684739",欧雅若慌了哈哈哈
"46.14800,1,25,16777215,1615174977,0,6804bccb,46154541938769923",是的，low君星星的吐槽让我原地取关了
"3.37900,1,25,16777215,1615988545,0,61f0a696,46581085783982087",张泽禹好可爱！
"508.15300,1,25,16777215,1619799459,0,4d6c558b,48579102597709831",呵呵^_^
"64.71900,1,25,16777215,1615721886,0,cad0febf,46441279836389381",一路火花带闪电
"13388.27800,1,25,16777215,1615142715,0,6fc7a951,46138806373449733",嘻嘻，果然猫猫比女孩子可爱
"13296.43500,1,25,16777215,1615142623,0,d56f9449,46138806378168327",老欺负猫猫了
"13267.58300,1,25,16777215,1615142594,0,68a3f2c9,46138806365585413",猫咪：如果我俩角色互换我会让你知道
"13246.19300,1,25,16777215,1615142573,0,d56f9449,46138806369779719",别啊，猫猫好不容易趴一会
"13157.26500,1,25,16777215,1615142484,0,68a3f2c9,46138806356672517",你这个池塘让我想到了迟遇
"13103.32600,1,25,16777215,1615142430,0,6fc7a951,46138806352478213",改完瞬间索然无味了
"13093.32300,1,25,16777215,1615142420,0,68a3f2c9,46138806348808197",我大概懂辽你的直男思维是啥意思了
"13072.19300,1,25,16777215,1615142399,0,d56f9449,46138806352478211",猫咪又巡视了一圈
"13006.31400,1,25,16777215,1615142333,0,75e5768e,46138806348808199",晚上吃火锅！美女中午吃什么？
"13000.69700,1,25,16777215,1615142327,0,68a3f2c9,46138806344089603",早起跑步＝运动
"12933.65100,1,25,16777215,1615142260,0,68a3f2c9,46138806331506693",平常会早起跑步吗？
"12928.68300,1,25,16777215,1615142255,0,d56f9449,46138806327312389",猫式巡查，主人是话痨还老摸我
"12850.26100,1,25,16777215,1615142177,0,34e123dd,46138806332030983",那老板大气
"12834.09000,1,25,16777215,1615142161,0,68a3f2c9,46138806318923781",可能撩头发
"12820.12400,1,25,16777215,1615142147,0,34e123dd,46138806314729477",这个是自动续的吗
"12757.76100,1,25,16777215,1615142084,0,e90584c7,46138806318923779",被自己屁声吓醒的视频
"12753.57900,1,25,16777215,1615142080,0,52b801ca,46138806306340869",迟塘发动了技能：栽赃
"12695.14700,1,25,16777215,1615142022,0,52b801ca,46138806310535171",猫咪好可爱，prpr
"12672.40700,1,25,16777215,1615141999,0,6d2a6ed7,46138806297952261",不不不，被自己的屁声吓醒
"12628.55600,1,25,16777215,1615141955,0,e765e441,46138806302146563",又在地上种糖了
"12483.01900,1,25,16777215,1615141810,0,52b801ca,46138806290087941",不用解决，就是撒个娇
"12307.02000,1,25,16777215,1615141634,0,c41eaa89,46138806293757955",有猫猫的叫声
"12261.38900,1,25,16777215,1615141588,0,e90584c7,46138806289563651",这个直播间最高的也就28
"12137.83800,1,25,16777215,1615141465,0,65efc01,46138806285369347",也因为身高困扰着
"12049.82600,1,25,16777215,1615141377,0,65efc01,46138806272786437",我可以安慰到从晚上到鸡鸣为止
"12013.17100,1,25,16777215,1615141340,0,68a3f2c9,46138806276980739",感觉看你聊天能get到女朋友的生气点了
"11981.89900,1,25,16777215,1615141309,0,b75c9855,46138806264397829",哦哦 知道为啥女朋友总生气了
"11918.23300,1,25,16777215,1615141245,0,65efc01,46138806260727813",我常因为自己的表达失误而纠结半天
"11908.97900,1,25,16777215,1615141236,0,68a3f2c9,46138806264397827",为啥我理解成了他是医生
"11882.22900,1,25,16777215,1615141209,0,68a3f2c9,46138806260203523",你从哪里看到腿长
"11742.93400,1,25,16777215,1615141070,0,e765e441,46138806256009219",哥哥安慰你！抱抱
"11716.12600,1,25,16777215,1615141043,0,65efc01,46138806243426309",长时间持续会神经性耳聋
"11644.32200,1,25,16777215,1615140971,0,cbef3d68,46138806239232005",我去的是急诊
"11640.56100,1,25,16777215,1615140968,0,65efc01,46138806243426307",我就是熬夜累压力大左耳临时失聪
"11338.68100,1,25,16777215,1615140666,0,65efc01,46138806230843397",总是在那么一瞬间
"11333.53700,1,25,16777215,1615140661,0,b779b0e6,46138806235561991",好家伙我才起床
"11311.48200,1,25,16777215,1615140639,0,e765e441,46138806231367687",啊，我的笔记本就带不动
"10925.34800,1,25,16777215,1615140252,0,68a3f2c9,46138806218260485",第一次见猫咪趴
"10815.61400,1,25,16777215,1615140143,0,34e123dd,46138806214066181",小板桑再次晚安
"10801.68800,1,25,16777215,1615140129,0,ac9cfddb,46138806218260483",嗯聊到百舰还是难的
"10775.40000,1,25,16777215,1615140102,0,e765e441,46138806214066179",七日内我们就达成百船目标的一半辣！
"10647.37200,1,25,16777215,1615139974,0,52b801ca,46138806209871875",小费比我吃的都会，这就是富婆吗
"10622.18600,1,25,16777215,1615139949,0,34e123dd,46138806206201863",一时之间竟然不知道是羡慕迟塘还是24桥
"10527.81800,1,25,16777215,1615139855,0,e765e441,46138806193094661",唯一指定出行，现充
"10453.24400,1,25,16777215,1615139780,0,68a3f2c9,46138806188900357",羡慕了，自己租房在外住
"10413.30900,1,25,16777215,1615139740,0,65efc01,46138806193094659",要是不考日语，还留了一手
"10276.39000,1,25,16777215,1615139603,0,1bcaa31e,46138806188900355",我可以和录播互动呀(°∀°)ﾉ
"10162.93500,1,25,16777215,1615139490,0,68a3f2c9,46138806176317445",这个时间点在看直播的都是真爱粉
"10096.29600,1,25,16777215,1615139423,0,e765e441,46138806180511747",我迭代了2.0版本。你已经没用了，迟塘！
"9977.23300,1,25,16777215,1615139304,0,65efc01,46138806167928837",不，你是空耳腔
"9968.20900,1,25,16777215,1615139295,0,68a3f2c9,46138806163734533",地府腔
"9926.75900,1,25,16777215,1615139254,0,e765e441,46138806168453127",你一票我一票，迟塘明天就自爆
"9916.91500,1,25,16777215,1615139244,0,65efc01,46138806155870213",日语还分关西腔和关东腔
"9878.67700,1,25,16777215,1615139206,0,34e123dd,46138806159540227",好家伙经典永流传
"9876.36400,1,25,16777215,1615139203,0,1bc158fd,46138806155345923",好家伙，每日一问。up何时出道
"9841.04900,1,25,16777215,1615139168,0,68a3f2c9,46138806142763013",可以接地气，但是不能接地府
"9794.14900,1,25,16777215,1615139121,0,faf1eecc,46138806146957315",睡了睡了，昨晚通宵了～遭不住惹
"9788.41100,1,25,16777215,1615139116,0,65efc01,46138806142763011",我班主任就是教英语的，己经快被我气死了
"9788.08100,1,25,16777215,1615139115,0,68a3f2c9,46138806138568707",你的笛子可以接地气，但是不能接地府
"9774.78800,1,25,16777215,1615139102,0,e765e441,46138806125985797",两三jio踩断了
"9764.65600,1,25,16777215,1615139092,0,d97f0288,46138806130704391",太阳不睡你不睡就会变成秃头小宝贝
"9708.62800,1,25,16777215,1615139036,0,e765e441,46138806125985795",都不许睡，爷都不困了
"9700.54000,1,25,16777215,1615139028,0,65efc01,46138806121791491",老二次元了，都学了三年日语了
"9540.24000,1,25,16777215,1615138867,0,65efc01,46138806118121475",我已经决定用西语代替英语了
"9539.05200,1,25,16777215,1615138866,0,e05c4cbd,46138806105014277",最难的是语法
"9463.57800,1,25,16777215,1615138791,0,2d974899,46138806109732871",现在恒河水清的很
"9449.41000,1,25,16777215,1615138777,0,8c4caf6d,46138806105014275",听说恒河水就是元素周期表混合
"9418.42400,1,25,16777215,1615138746,0,8c4caf6d,46138806092431365",喝一口恒河水我直接死掉了
"9408.68400,1,25,16777215,1615138736,0,65efc01,46138806096625667",我听的最醉是日式英语
"9401.54300,1,25,16777215,1615138729,0,e90584c7,46138806092955655",瓦特瓦特（水）
"9389.95800,1,25,16777215,1615138717,0,8c4caf6d,46138806088237059",印度的恒河水挺好喝
"9382.79500,1,25,16777215,1615138710,0,2d974899,46138806076178437",印度英语一股咖喱味
"9371.48100,1,25,16777215,1615138699,0,34e123dd,46138806071459845",快进到迟塘说英语
"9338.51800,1,25,16777215,1615138666,0,65efc01,46138806067265541",请三哥来讲英语
"9292.77800,1,25,16777215,1615138620,0,2d974899,46138806071459843",我们现在上课就是手机挂着电脑打游戏
"9237.83000,1,25,16777215,1615138565,0,65efc01,46138806067265539",淦了，直接上小语种
"9217.57900,1,25,16777215,1615138545,0,e765e441,46138806063071235",好家伙，这就睡
"9208.82800,1,25,16777215,1615138536,0,c075376a,46138806058876931",淦，这塑料日语
"9173.94900,1,25,16777215,1615138501,0,2d974899,46138806054682627",学校食堂吃厌了但是又不能出校门咋办
"9094.15000,1,25,16777215,1615138421,0,c075376a,46138806050488323",好家伙，这会还这么亢奋
"9080.95000,1,25,16777215,1615138408,0,e765e441,46138806038429701",你在教我睡觉？！
"9041.81900,1,25,16777215,1615138369,0,e90584c7,46138806033711109",自言自语可还行
"8990.24400,1,25,16777215,1615138317,0,1bcaa31e,46138806037905411",代购可乐是真的有点可乐hhhhh
"8946.42500,1,25,16777215,1615138273,0,65efc01,46138806034235395",学了半年英语我就放弃了
"8911.15100,1,25,16777215,1615138238,0,34e123dd,46138806029516803",哥伦布养鹅大户
"8831.05700,1,25,16777215,1615138158,0,65efc01,46138806016933893",去北美洲不会英语说西语可以吗(⌒▽⌒)
"8701.51300,1,25,16777215,1615138028,0,1bcaa31e,46138806012739589",不是 我是指刚刚你关摄像头的时候_(:3
"8690.81700,1,25,16777215,1615138018,0,34e123dd,46138806018506755",他问的因该是桌面吧
"8486.73100,1,25,16777215,1615137814,0,f349e6b3,46138806008545285",这个猫会回离家出走吗
"8451.34200,1,25,16777215,1615137778,0,80eab271,46138806015361027",你这个猫会说中文吗
"8326.01600,1,25,16777215,1615137653,0,e589c4e8,46138806013788163",猫：莫挨老子
"8313.25000,1,25,16777215,1615137640,0,52b801ca,46138806003826693",牛仔短裤prprpr
"8229.48500,1,25,16777215,1615137556,0,1bcaa31e,46138806010118147",？？？我也想要一个亲生老婆
"8228.22200,1,25,16777215,1615137555,0,e765e441,46138806008545283",亲生老婆，刺激
"7984.91100,1,25,16777215,1615137312,0,6e809d9a,46138806006972419",你是公正迟塘
"7950.88800,1,25,16777215,1615137278,0,fbed226c,46138805997010949",这个点都是大佬 迟塘第7 六道才第8
"7921.27000,1,25,16777215,1615137248,0,e765e441,46138806003826691",明天白天我要是困了就去和迟塘对线
"7841.49500,1,25,16777215,1615137168,0,e765e441,46138805994389509",就是你以前的牌子数目都到上限了
"7719.35400,1,25,16777215,1615137046,0,7636c5b2,46138805992292357",老板晚上常来啊
"7668.73000,1,25,16777215,1615136996,0,d8bfeeb0,46138805990719493",快来首歌给兄弟们助助兴
"7625.14700,1,25,16777215,1615136952,0,52b801ca,46138805997535235",杜姐霸气！
"7607.01400,1,25,16777215,1615136934,0,e765e441,46138805987573765",老板大气！！！
"7585.73400,1,25,16777215,1615136913,0,34e123dd,46138805986000901",好家伙对面开始了
"7564.89800,1,25,16777215,1615136892,0,d8bfeeb0,46138805984428037",这不来一首摇篮曲给兄弟们助助兴
"7489.44100,1,25,16777215,1615136816,0,eac1fd8e,46138805991243779",池塘的冲pp水可以卖给我吗
"7459.44400,1,25,16777215,1615136786,0,e765e441,46138805981282309",老板大气！！！
"7428.39200,1,25,16777215,1615136755,0,34e123dd,46138805979709445",雇一个人擦像话吗
"7350.78000,1,25,16777215,1615136678,0,34e123dd,46138805986525187",美少女只吃寂寞的
"7345.04100,1,25,16777215,1615136672,0,50bb2515,46138805984428035",好的，，切换`话题
"7294.16500,1,25,16777215,1615136621,0,6e809d9a,46138805982855171",学一下我内线交流
"7274.62900,1,25,16777215,1615136602,0,e765e441,46138805972893701",露个头可以伸出手玩手机
"7260.36600,1,25,16777215,1615136587,0,2d15ea10,46138805969747973",那水可以射出两米远
"7260.50200,1,25,16777215,1615136587,0,eac1fd8e,46138805971320837",高压水枪对准呲
"7219.44500,1,25,16777215,1615136546,0,34e123dd,46138805976039427",养鹅开始
"7152.16400,1,25,16777215,1615136479,0,2d15ea10,46138805966077957",设计师：阿巴阿巴？？
"7089.86000,1,25,16777215,1615136417,0,5676b6b5,46138805972893699",那妹妹的床单卖么
"7085.16000,1,25,16777215,1615136412,0,84924b29,46138805962932229",这张照片里有很多东西可以抽奖
"7051.74300,1,25,16777215,1615136379,0,e765e441,46138805969747971",我和水姐姐差点就成了
"7045.25400,1,25,16777215,1615136372,0,34e123dd,46138805968175107",今天也是妹妹营业的一天
"7024.49400,1,25,16777215,1615136351,0,e765e441,46138805958213637",守护者，咱家还缺打工的不
"6910.23300,1,25,16777215,1615136237,0,982a21b3,46138805956116485",为什么头发掉色了
"6903.67500,1,25,16777215,1615136231,0,1bcaa31e,46138805954543621",1000次不中的概率啊hhhh
"6873.41500,1,25,16777215,1615136200,0,d8bfeeb0,46138805952970757",比心语音十块钱十分钟
"6838.19600,1,25,16777215,1615136165,0,7636c5b2,46138805950873605",海海会说：老公你说句话呀！
"6836.41900,1,25,16777215,1615136163,0,1bcaa31e,46138805948776453",慢慢来的 总会有一天足够多的
"6830.05800,1,25,16777215,1615136157,0,197fcccd,46138805947203589",我喜欢变态，因为变态的半藏玩的贼厉害
"6807.07300,1,25,16777215,1615136134,0,50bb2515,46138805945630725",那个叫复古风旗袍
"6794.77200,1,25,16777215,1615136122,0,d8bfeeb0,46138805952446467",反手拧瓶盖
"6782.87400,1,25,16777215,1615136110,0,1bcaa31e,46138805941960709",足够多的次数频率会趋近概率
"6722.28700,1,25,16777215,1615136049,0,1bcaa31e,46138805940387845",我以后要每天记录下来 统计这个抽奖的概率
"6702.22300,1,25,16777215,1615136029,0,6e809d9a,46138805938814981",可是男妹妹也穿不下床单啊
"6663.85700,1,25,16777215,1615135991,0,2d15ea10,46138805945106435",穿上群里拍照
"6660.80600,1,25,16777215,1615135988,0,2d15ea10,46138805935669253",抽到粉丝把床单做成旗袍
"6650.59800,1,25,16777215,1615135977,0,34e123dd,46138805933572101",怎么感觉你还有一种失望的赶脚！
"6580.95000,1,25,16777215,1615135908,0,34e123dd,46138805940387843",开天选抽床单就离谱
"6566.41600,1,25,16777215,1615135893,0,6e809d9a,46138805938814979",床单缩水了
"6542.42700,1,25,16777215,1615135869,0,49089829,46138805928853509",骨架变大了
"6534.38200,1,25,16777215,1615135861,0,6e809d9a,46138805927280645",咦～迟塘不洗床单
"6467.11200,1,25,16777215,1615135794,0,6e809d9a,46138805934096387",三千 我从东土迟塘而来
"6458.48500,1,25,16777215,1615135785,0,e765e441,46138805924134917",我怕水姐姐误会
"6445.79200,1,25,16777215,1615135773,0,e765e441,46138805930950659",我要和水姐姐挤一挤
"6394.03600,1,25,16777215,1615135721,0,5676b6b5,46138805929377799",晚间时段你播的久唉
"6352.71800,1,25,16777215,1615135680,0,6e809d9a,46138805918892037",然后迟塘一晚上
"6265.04600,1,25,16777215,1615135592,0,6e809d9a,46138805925707779",例如养鹅视频
"6259.27500,1,25,16777215,1615135586,0,e765e441,46138805924134915",懂了，这就停止营业
"6250.81100,1,25,16777215,1615135578,0,6e809d9a,46138805914173445",看点奇怪的视频（不是我
"6165.76600,1,25,16777215,1615135493,0,9ad82477,46138805912076293",我坦白了，我是个程序员（大学生）
"6152.06600,1,25,16777215,1615135479,0,255fd6c9,46138805911027717",程序员java好，本专业用py方便
"6137.93600,1,25,16777215,1615135465,0,1bcaa31e,46138805909454853",C++要防止内存泄露啥的太麻烦了
"6091.67200,1,25,16777215,1615135419,0,6e809d9a,46138805907357701",妈耶 宝友 这可不兴学啊
"6082.98100,1,25,16777215,1615135410,0,bc212494,46138805905784837",脑后插管还是最好的语言！
"6061.39600,1,25,16777215,1615135388,0,eac1fd8e,46138805904211973",计算机才是人类的未来（正论）
"6011.81200,1,25,16777215,1615135339,0,bb5e6a92,46138805911027715",中午做个恐怖的噩梦现在还不敢睡觉
"6011.04600,1,25,16777215,1615135338,0,9ad82477,46138805909454851",睡觉，明天还有p y t h o n 课
"5946.05500,1,25,16777215,1615135273,0,eac1fd8e,46138805899493381",池塘绝活：直播炖大鹅
"5933.83900,1,25,16777215,1615135261,0,9ad82477,46138805897920517",我竟然搜出as是自发性知觉神经反应
"5893.86400,1,25,16777215,1615135221,0,15718850,46138805904211971",又发现一个好看的小姐姐
"5868.21300,1,25,16777215,1615135195,0,6e809d9a,46138805894250501",三千冷静
"5800.41600,1,25,16777215,1615135127,0,6e809d9a,46138805892153349",不然没办法养鹅
"5794.79100,1,25,16777215,1615135122,0,e765e441,46138805891104773",小花妈叫啥来着
"5793.27700,1,25,16777215,1615135120,0,6e809d9a,46138805889007621",很高兴以视频聊天的身份认识迟塘
"5707.64800,1,25,16777215,1615135035,0,50bb2515,46138805887959045",人家就是想知道，直观的问
"5653.93400,1,25,16777215,1615134981,0,6e809d9a,46138805885861893",谁问的 叉出去
"5643.17700,1,25,16777215,1615134970,0,bc212494,46138805884289029",穷的只剩下钱了2333
"5433.67300,1,25,16777215,1615134761,0,e589c4e8,46138805881667589",骨头都软了
"5434.23300,1,25,16777215,1615134761,0,34e123dd,46138805882716165",我觉得qq舰长群的那个头像好看
"5369.66300,1,25,16777215,1615134697,0,6e809d9a,46138805879570437",迟塘的头像也很可爱啊
"5362.85600,1,25,16777215,1615134690,0,bc212494,46138805877997573",臣妾做不到啊.jpg
"5339.22300,1,25,16777215,1615134666,0,6e809d9a,46138805884813315",麻麻说的是那个无敌小电视
"5308.57100,1,25,16777215,1615134635,0,fbed226c,46138805881667587",hhhh 以后都是在家里看真人
"5262.22200,1,25,16777215,1615134589,0,e765e441,46138805871706117",最后一晚看迟塘了
"5232.22300,1,25,16777215,1615134559,0,7636c5b2,46138805868560389",必须小板 打是亲骂是爱
"5228.32900,1,25,16777215,1615134555,0,6e809d9a,46138805875376135",随时随地racist
"5099.56900,1,25,16777215,1615134426,0,bc212494,46138805864890373",ios充值有两个中间商赚差价  2333
"5000.39300,1,25,16777215,1615134327,0,52b801ca,46138805863317509",两艘船，啧啧啧
"4983.15000,1,25,16777215,1615134310,0,34e123dd,46138805870133251",小板桑又出现了
"4955.94800,1,25,16777215,1615134283,0,6e809d9a,46138805868560387",猫猫叹气路过
"4953.66600,1,25,16777215,1615134281,0,52704a00,46138805867511815",迟塘深夜直播（不是）
"4887.18500,1,25,16777215,1615134214,0,6e809d9a,46138805857026053",那没事的 ios充瓜子不亏的
"4881.95200,1,25,16777215,1615134209,0,e589c4e8,46138805863841799",还好我有三个设备
"4863.63200,1,25,16777215,1615134190,0,50bb2515,46138805862268931",没事儿，我的小电视可以点动了
"4851.40700,1,25,16777215,1615134178,0,6e809d9a,46138805860696071",你不会是ios直充吧
"4838.90900,1,25,16777215,1615134166,0,34e123dd,46138805859123207",光头塘可太秀了
"4801.90100,1,25,16777215,1615134129,0,bc212494,46138805848637445",光头强(大雾
"4782.54500,1,25,16777215,1615134109,0,bc212494,46138805847064581",光头才会变强(确认
"4765.28400,1,25,16777215,1615134092,0,6e809d9a,46138805853880323",我每次让他来看迟塘 他都睡着了
"4759.01000,1,25,16777215,1615134086,0,bc212494,46138805843394565",充钱就会变强(不是
"4662.22800,1,25,16777215,1615133989,0,6e809d9a,46138805841821701",毕竟慈善家迟塘
"4636.94000,1,25,16777215,1615133964,0,6e809d9a,46138805840248837",小电视总督半价呢
"4604.85100,1,25,16777215,1615133932,0,e589c4e8,46138805847064579",那个声音贼甜的那个
"4500.71500,1,25,16777215,1615133828,0,ad302d06,46138805836578821",我还有七个金瓜子，凑一凑呢
"4457.35700,1,25,16777215,1615133784,0,6e809d9a,46138805835005957",迟塘拿走了我的初礼物
"4431.45800,1,25,16777215,1615133758,0,be0a77fb,46138805841821699",我的初送礼物给你了迟塘。。。
"4420.46300,1,25,16777215,1615133747,0,34e123dd,46138805831335941",嗯，我的意思是你要是播两场我就看两场
"4364.34500,1,25,16777215,1615133691,0,6e809d9a,46138805838675975",我没钱了（这个理由我见过）
"4221.62100,1,25,16777215,1615133548,0,ad302d06,46138805836578819",成功说服我了，不睡了，战到天亮
"4209.26900,1,25,16777215,1615133536,0,84924b29,46138805826617349",对面在讨论迟塘在国外
"4155.96200,1,25,16777215,1615133483,0,ad302d06,46138805833957383",该睡觉了，早上七点起床要坐27小时火车
"4117.49200,1,25,16777215,1615133444,0,6e809d9a,46138805831860231",真的嗑瓜子啊
"4078.52100,1,25,16777215,1615133405,0,fbed226c,46138805828190211",对面嗑瓜子嗑的可带劲了
"3953.89400,1,25,16777215,1615133281,0,e589c4e8,46138805816655877",近去一个劲的欢迎
"3892.49400,1,25,16777215,1615133219,0,34e123dd,46138805819277319",迟塘边的大鹅
"3804.25300,1,25,16777215,1615133131,0,e90584c7,46138805815083015",我从对面直播间过来，被对面直播间偷了
"3783.79200,1,25,16777215,1615133111,0,ad302d06,46138805801975813",冲！小电视（不是）
"3748.48800,1,25,16777215,1615133075,0,52b801ca,46138805807742983",杜姐在还敢放肆，杀杀杀
"3676.50800,1,25,16777215,1615133003,0,ad302d06,46138805806170119",杀疯了，房管杀疯了
"3575.91700,1,25,16777215,1615132903,0,e589c4e8,46138805804597255",直接好家伙
"3511.83800,1,25,16777215,1615132838,0,ad302d06,46138805803024391",都是我的错，是我太温柔（不是）
"3470.96100,1,25,16777215,1615132798,0,34e123dd,46138805792538629",迟塘禁止养大鹅
"3468.45600,1,25,16777215,1615132795,0,e90584c7,46138805791490053",老代言人了，说得这么熟练
"3447.97100,1,25,16777215,1615132775,0,5676b6b5,46138805789392901",在对手的公司投放下去，寸草不生
"3442.28800,1,25,16777215,1615132769,0,ad302d06,46138805787820037",神秘礼物是结婚（不是）
"3436.27900,1,25,16777215,1615132763,0,81d8a97e,46138805795160071",生产假牙的
"3407.48100,1,25,16777215,1615132734,0,5676b6b5,46138805793587207",迟塘被誉为金融核弹
"3369.25700,1,25,16777215,1615132696,0,ad302d06,46138805783101445",好家伙，直接喊妈了
"3294.68200,1,25,16777215,1615132621,0,ed38e2d3,46138805789917191",这就是传说中的十万年美女吗
"3278.29200,1,25,16777215,1615132605,0,ad302d06,46138805779431429",猫猫当做早餐
"3254.76400,1,25,16777215,1615132581,0,34e123dd,46138805786771463",哈哈哈哈哈哈消费被逮到看
"3206.12500,1,25,16777215,1615132533,0,e90584c7,46138805776809989",离婚证干什么(=_=)
"3195.24500,1,25,16777215,1615132522,0,34e123dd,46138805783625735",好家伙终于中了
"3100.81900,1,25,16777215,1615132427,0,b779b0e6,46138805773664261",神秘礼物只给一个吗
"3048.63600,1,25,16777215,1615132375,0,ad302d06,46138805771567109",每有一个神秘礼物就结一次婚
"3011.53000,1,25,16777215,1615132338,0,52b801ca,46138805769994245",世上第一个重婚罪重到无期的
"2994.78100,1,25,16777215,1615132321,0,e90584c7,46138805776809987",被迫嫁出去
"2972.91400,1,25,16777215,1615132300,0,bc212494,46138805765275653",又称潘多拉的礼物盒子
"2973.13600,1,25,16777215,1615132300,0,ad302d06,46138805766848517",神秘礼物是结婚？！？！
"2884.88400,1,25,16777215,1615132211,0,e589c4e8,46138805771567107",请问十年有期徒刑是几年
"2857.34800,1,25,16777215,1615132184,0,e90584c7,46138805769469959",是年纪最大的那种
"2840.63400,1,25,16777215,1615132167,0,cb09ed49,46138805758984197",红包顶礼物了（￣▽￣）
"2795.49100,1,25,16777215,1615132122,0,c5574e77,46138805757411333",请问你的一根头发有多少根
"2753.40500,1,25,16777215,1615132080,0,ad302d06,46138805762654215",我要稳稳的幸福（不是）
"2719.27800,1,25,16777215,1615132046,0,b3efd80a,46138805752692741",妇炎洁（不是）
"2618.28200,1,25,16777215,1615131945,0,6e809d9a,46138805758984195",不会的有牌子的都是自己楂
"2615.29300,1,25,16777215,1615131942,0,ad302d06,46138805757935623",叉子被小板扔了，所以闰土叛变了
"2598.73100,1,25,16777215,1615131925,0,6e809d9a,46138805756362759",刚刚惊现直播间新物种
"2577.12800,1,25,16777215,1615131904,0,af706c64,46138805746401285",向后撩
"2576.11300,1,25,16777215,1615131903,0,5676b6b5,46138805744828421",脚撩，金点子
"2508.01300,1,25,16777215,1615131835,0,11a23544,46138805751119875",小姐姐，你明天还要上课吗
"2498.42400,1,25,16777215,1615131825,0,5676b6b5,46138805747974151",反手撩孙悟空
"2475.47100,1,25,16777215,1615131802,0,6e809d9a,46138805745876999",你不要穿床单啊
"2404.02800,1,25,16777215,1615131731,0,52b801ca,46138805742731267",只对迟塘感兴趣
"2401.09900,1,25,16777215,1615131728,0,6e809d9a,46138805729624069",叉 算了 我是楂 我自首
"2256.65900,1,25,16777215,1615131583,0,6e809d9a,46138805736439815",空 bang 哇（拟声词x3）
"2242.14100,1,25,16777215,1615131569,0,1ba8c6f0,46138805725954053",你的一切杀我
"2233.80900,1,25,16777215,1615131560,0,34e123dd,46138805732769795",然后还要投喂一个小礼物
"2203.34400,1,25,16777215,1615131530,0,e589c4e8,46138805731196935",对面声音太酥了
"2177.66900,1,25,16777215,1615131504,0,52b801ca,46138805728575491",大麦冬瓜茶vs冬瓜大麦茶
"2173.33300,1,25,16777215,1615131500,0,b3efd80a,46138805718614021",ale的读音把我送走了
"2165.37900,1,25,16777215,1615131492,0,ad302d06,46138805717041157",桂花味的可乐和50度白酒1:1兑一块儿喝一瓶带劲
"2156.64800,1,25,16777215,1615131483,0,6e809d9a,46138805715992581",其实我喜欢喝高粱味的酒
"2131.65600,1,25,16777215,1615131458,0,bdcfe9de,46138805722808323",好家伙，怎么上夜班了
"2078.18500,1,25,16777215,1615131405,0,7c670908,46138805712846853",哈哈哈哈哈哈有够可爱
"2072.85200,1,25,16777215,1615131399,0,3d269b93,46138805711273989",后腿腌起来烤着吃
"2068.78600,1,25,16777215,1615131395,0,b3efd80a,46138805718089731",只要你不喜欢樱桃味可乐，那我们就是同父异母的兄弟姐妹
"2055.51400,1,25,16777215,1615131382,0,150c77f2,46138805716516867",把奖品改成才艺(整活)表演
"2024.48200,1,25,16777215,1615131351,0,6e809d9a,46138805706555397",樱桃饮料就是塑料水啊
"2003.02600,1,25,16777215,1615131330,0,a294b913,46138805713371139",别说了，不敢喝果子酒了
"2001.20400,1,25,16777215,1615131328,0,b3efd80a,46138805711798275",人工樱桃味每次都能把我送走
"1989.64800,1,25,16777215,1615131316,0,dcbf6bee,46138805701836805",你们金融数学是不是也要学实变复变泛函什么的
"1982.59100,1,25,16777215,1615131309,0,b3efd80a,46138805700263941",血压飙升+1
"1978.03200,1,25,16777215,1615131305,0,52b801ca,46138805707603975",有一次买过车厘子的酒，像是止咳糖浆
"1919.40000,1,25,16777215,1615131246,0,6e809d9a,46138805705506819",猫猫是不是对发光卷纸下手了
"1914.90000,1,25,16777215,1615131242,0,b3efd80a,46138805703933955",来，手动开个根号
"1869.52500,1,25,16777215,1615131196,0,b3efd80a,46138805693972485",如何一句话惹怒一个数学专业学生？
"1828.98400,1,25,16777215,1615131156,0,6e809d9a,46138805692399621",避光保存迟塘
"1793.43800,1,25,16777215,1615131121,0,ff9e84,46138805690826757",有阳光迟塘好看了好多(°∀°)ﾉ
"1779.60700,1,25,16777215,1615131107,0,dcbf6bee,46138805697642499",我本科时的金融数学就开在数院哈哈哈
"1732.08300,1,25,16777215,1615131060,0,b3efd80a,46138805696593927",啊，金融数学，又是一个秃头大佬
"1696.21300,1,25,16777215,1615131024,0,6e809d9a,46138805694496771",高级发光卷纸
"1667.97900,1,25,16777215,1615130995,0,dcbf6bee,46138805692399619",果然！上次我就说感觉你像高级知识分子
"1651.97500,1,25,16777215,1615130979,0,b3efd80a,46138805690826755",没有劲，重来！（狗头）
"1625.47600,1,25,16777215,1615130953,0,2d15ea10,46138805689253895",万一噎着了
"1590.96900,1,25,16777215,1615130918,0,ad302d06,46138805686632451",法棍是武器（确信）
"1569.52900,1,25,16777215,1615130897,0,6e809d9a,46138805685059587",法棍没货了 法军紧急开展了军购计划
"1560.12400,1,25,16777215,1615130888,0,52b801ca,46138805683486723",和三文治一样，换个名字
"1489.58100,1,25,16777215,1615130817,0,b3efd80a,46138805681389571",叫声学长听听
"1476.57800,1,25,16777215,1615130804,0,d5035ca2,46138805679816707",手机砸脸上了，可以，我精神了←_←
"1448.88800,1,25,16777215,1615130776,0,ad302d06,46138805678243843",好家伙，都会中文，非得学外语
"1390.84400,1,25,16777215,1615130718,0,e589c4e8,46138805667758085",好家伙听不懂了
"1307.80300,1,25,16777215,1615130635,0,5676b6b5,46138805674573827",这个早餐一看就是成年人吃的233
"1292.03600,1,25,16777215,1615130620,0,e8787796,46138805673000963",还记得我吗靓仔
"1274.47600,1,25,16777215,1615130602,0,b3efd80a,46138805663039493",竟然是星爸爸
"1258.21200,1,25,16777215,1615130586,0,34e123dd,46138805659893765",吃的不是早餐，是寂寞
"1193.11500,1,25,16777215,1615130521,0,5676b6b5,46138805664612355",被祭起床气了233
"1192.84200,1,25,16777215,1615130520,0,ad302d06,46138805662515203",猫开始抢食了，叉出去
"1170.38300,1,25,16777215,1615130498,0,4351a888,46138805659369475",笑死这个能显示投喂礼物收入吗！
"1060.67100,1,25,16777215,1615130388,0,d5035ca2,46138805649408005",好家伙，还以为在嚼砖头呢
"1048.68500,1,25,16777215,1615130376,0,1ba8c6f0,46138805656748039",老郭语了
"1016.34000,1,25,16777215,1615130344,0,ad302d06,46138805654650883",发出了奇怪的叫声
"955.25500,1,25,16777215,1615130283,0,1ba8c6f0,46138805644165125",今天的题目好朴素啊
"900.17600,1,25,16777215,1615130228,0,eac1fd8e,46138805642592261",八~格牙路（卷舌）
"825.48100,1,25,16777215,1615130153,0,d5035ca2,46138805649408007",那我先打个地铺
"701.70000,1,25,16777215,1615130029,0,ad302d06,46138805647310851",两个迟塘没我重(･∀･)
"671.57900,1,25,16777215,1615129999,0,dfe72537,46138805645737987",这是那个游泳选手 傅园慧？
"628.79700,1,25,16777215,1615129956,0,eac1fd8e,46138805635776517",迟小花（惊恐）
"616.06200,1,25,16777215,1615129944,0,ad302d06,46138805642067971",猫猫 : 滚啊，莫挨老子
"606.64400,1,25,16777215,1615129934,0,b779b0e6,46138805640495111",呀又是可爱的小衣服
"604.13800,1,25,16777215,1615129932,0,e589c4e8,46138805638397955",又是熟悉的衣服
"582.06500,1,25,16777215,1615129910,0,52b801ca,46138805637349383",小猫咪好嗲
"528.16300,1,25,16777215,1615129856,0,ad302d06,46138805635252231",迟塘不是每天把牙敲碎了长新牙吗
"465.73800,1,25,16777215,1615129793,0,d5035ca2,46138805633155075",先让我找个地铺的位，今晚可能又要睡在这了
"451.08900,1,25,16777215,1615129779,0,eac1fd8e,46138805631582215",来个人黑进摄像头
"221.38700,1,25,16777215,1615129549,0,ad302d06,46138805629485063",DNA动了（奇奇怪怪的东西刻进了DNA）
"195.09400,1,25,16777215,1615129523,0,52b801ca,46138805618475013",啊，牙龈开始疼了
"26.28100,1,25,16777215,1615872162,0,8a2de607,46520067587309571",倒回来再看一遍
"476.16900,1,25,16777215,1618878586,0,4aad3ea7,48096299935858693",前面的，JCE又复出了（doge，退休生活太无聊帮女儿搞搞品牌
"469.42800,1,25,16777215,1618878561,0,4aad3ea7,48096286615797767",吃瓜吃到自己家
"705.18700,1,25,16777215,1618849036,0,3f24c889,48080806895157251",六神
"462.39300,1,25,16777215,1618848793,0,3f24c889,48080679613235203",哈哈哈哈
"238.03600,1,25,16777215,1618848569,0,3f24c889,48080561917919235",专心学习了
"211.01900,1,25,16777215,1617838292,0,5751c76e,47550885868339205",为什么你不火，这没有道理
"48.69600,1,25,16777215,1617275373,0,ef9ec2d5,47255754454859783",老公
"462.99600,1,25,16777215,1617194703,0,748ecffd,47213460246233091",哈哈哈哈
"154.90300,1,25,16777215,1617167379,0,7823fa08,47199134511267843",哈哈哈哈
"98.22800,1,25,16777215,1617167323,0,7823fa08,47199104927793157",哈哈哈哈
"345.36000,1,25,16777215,1617119038,0,3e7ba0f4,47173789681188869",哈哈哈哈哈哈哈哈
"437.38300,1,25,16777215,1617022985,0,916ef329,47123430565216263",哈哈哈哈哈哈
"316.62700,1,25,16777215,1616944259,0,4a4558f4,47082155459215365",但是lelabo又真的好闻5555
"258.15400,1,25,16777215,1616913043,0,6ca31880,47065789035446275",忽然出现自己的行业
"346.87900,1,25,16777215,1616574075,0,eb9d112a,46888072425504771",哈哈哈哈哈
"349.41200,1,25,16777215,1616177929,0,f3516c6c,46680377674170375",哈哈哈哈哈哈
"307.60000,1,25,16777215,1616177887,0,f3516c6c,46680355746873349",哈哈哈哈哈哈
"140.69200,1,25,16777215,1615888025,0,76416d26,46528384564985861",大卫杜甫 哈哈哈哈哈哈哈
"305.25400,1,25,16777215,1615810275,0,f0b268a0,46487620974280709",说的不就是lelabo吗
"47.50300,1,25,16777215,1615777041,0,707b7a7e,46470196733935621",哈哈哈哈
"23.44300,1,25,16777215,1615724449,0,911fc110,46442623295553541",哈哈哈哈哈哈哈哈哈哈哈哈
"348.12700,1,25,16777215,1615604655,0,75e12985,46379816956985347",牛皮
"314.61700,1,25,16777215,1615604622,0,75e12985,46379799482990595",哈哈哈
"41.27800,1,25,16777215,1615566476,0,c5aadbe6,46359800106188805",哈哈哈哈
"667.21600,1,25,16777215,1615468048,0,ba03a4b5,46308195525197829",薄利多销
"819.18200,1,25,16777215,1615439003,0,80a4e3de,46292967824031751",哈哈哈哈哈哈哈哈
"451.69900,1,25,16777215,1615386833,0,3d5a9c88,46265615731654663",乙方就是这么乖乖听话的
"213.48800,1,25,16777215,1615340497,0,c58ed0d4,46241322168221701",阿蒂仙啦^_^
"42.85400,1,25,16777215,1615306482,0,1a666aa1,46223488666566659",哈哈哈哈
"124.05200,1,25,16777215,1615299317,0,dbf58f0b,46219732184465411",好像还有倩碧
"469.43600,1,25,16777215,1615285709,0,1b1791,46212597461024775",jce已经不是现任调香师了
"469.43600,1,25,16777215,1615285691,0,1b1791,46212587825135619",jce
"641.94600,1,25,16777215,1615264356,0,3ef059a,46201402310000643",句句戳心
"807.26200,1,25,16777215,1615258975,0,7c2e598d,46198581256781829",迪斯的意思
"637.74200,1,25,16777215,1615258805,0,7c2e598d,46198492231106565",好家伙，这类比
"822.82200,1,25,16777215,1615256513,0,5b8b2e05,46197290446618627",有人推荐男香吗
"461.33100,1,25,16777215,1615224011,0,63d03c60,46180249840386051",太惨了
"307.90200,1,25,16777215,1615223853,0,63d03c60,46180167090438151",哈哈哈
"48.20200,1,25,16777215,1615220167,0,a7c2b3ca,46178234340999173",hhhhhh
"645.88500,1,25,16777215,1615213402,0,78dc5ee8,46174687620235267",6666
"42.67200,1,25,16777215,1615204888,0,71143d56,46170223858941955",哈哈哈哈哈哈哈哈！
"241.69900,1,25,16777215,1615204456,0,f1249cfb,46169997218676743",和开发商一样，自己的设计师只做质控
"668.24900,1,25,16777215,1615192757,0,5117e426,46163863858053123",因为香水消耗超级快！！！
"719.48200,1,25,16777215,1615192469,0,bcb23101,46163712598867973",浅显易懂
"349.14300,1,25,16777215,1615192112,0,bcb23101,46163525819695107",确实应该表扬，观察力好强
"226.01500,1,25,16777215,1615191960,0,bcb23101,46163446102228995",为什么弹幕没得
"45.96700,1,25,16777215,1615179331,0,e025b91,46156824493162499",老公
"11.66600,1,25,16777215,1615175513,0,5b16a392,46154822759481349",来了，来了，带着表情包来了
"16.86300,1,25,16777215,1615173321,0,fa4fcc6b,46153673804873731",哈哈哈哈哈
"764.02300,1,25,16777215,1615168410,0,ebe8e9e7,46151098717700101",Bgm突然悲伤
"704.29100,1,25,16777215,1615168318,0,ebe8e9e7,46151050957160451",神奇的比喻
"418.16300,1,25,16777215,1615168010,0,ebe8e9e7,46150889016131587",啊这
"341.21400,1,25,16777215,1615167880,0,ebe8e9e7,46150821209964547",顺便自夸一下
"347.49700,1,25,16777215,1615165687,0,64ce5fa2,46149671276511237",严重表扬up火眼金睛！
"116.53200,1,25,16777215,1618161838,0,eb2162cf,47720517213880323",遇到骑士我就没赢过，除了对面没刷出圣骑
"172.33900,1,25,16777215,1616575583,0,585788f9,46888863061770243",要打上NTR的标签吗？
"97.17100,1,25,16777215,1616335533,0,6093ddb7,46763007388155907",60亿那个别走
"265.00200,1,25,16777215,1616325132,0,5fc555e0,46757554313756675",？？？
"161.60500,1,25,16777215,1616143550,0,8cd29090,46662353095229447",中国上映的话2亿都悬
"124.82300,1,25,16777215,1616143525,0,8cd29090,46662340230774791",不可能的，中国票房高不了
"200.49400,1,25,16777215,1615904093,0,b924b891,46536808924708869",真希波和四十岁一样
"118.15400,1,25,16777215,1615903996,0,b924b891,46536758061432835",光脚的不怕穿鞋的
"176.25700,1,25,16777215,1615723500,0,225d4c2d,46442125951238147",这周边就夸张
"206.29800,1,25,16777215,1615689381,0,d5edcf47,46424237788364805",给一些阿宅公开游街处刑！
"239.42700,1,25,16777215,1615647892,0,116addf3,46402485596192775",哦～这个好像有机会？
"130.59500,1,25,16777215,1615562905,0,fcbbf92,46357927765737539",来中国，那票房绝对破票房纪录啊
"271.08800,1,25,16777215,1615547694,0,24f3fff,46349952855572483",淦
"265.10200,1,25,16777215,1615442873,0,b2a752d,46294996587380739",帅！
"154.66400,1,25,16777215,1615442756,0,b2a752d,46294935136632837",丽党震怒
"75.40100,1,25,16777215,1615441382,0,b2a752d,46294214785892359",8亿
"10.59900,1,25,16777215,1615390128,0,fb30a00f,46267343294693381",这个结局让我吐血了
"87.88300,1,25,16777215,1615389636,0,a494ccd8,46267085073416197",一定大热
"248.64900,1,25,16777215,1615354384,0,1ff7d377,46248602848722949",怎么没有小阿姨【狗头
"256.44600,1,25,16777215,1615354153,0,d5299527,46248481956298755",四年了，痞子，四年了
"65.85400,1,25,16777215,1615353887,0,d5299527,46248342176923653",不低了，又是紧急事态又是周一
"222.11800,1,25,16777215,1615305345,0,1989e9e9,46222892206653443",都是我老婆
"261.40600,1,25,16777215,1615300418,0,c23e2b65,46220309140340743",庵  野  狂  喜
"198.88100,1,25,16777215,1615300315,0,c23e2b65,46220255086247939",草
"118.87700,1,25,16777215,1615300220,0,c23e2b65,46220205352812551",这个量产机太草了
"129.25700,1,25,16777215,1615297652,0,3717c906,46218858789339143",站位不对嗷
"80.20400,1,25,16777215,1615297578,0,3717c906,46218820420370437",毒奶
"142.82400,1,25,16777215,1615291966,0,3f7ed6aa,46215877701926919",新世纪周边战士
"200.47300,1,25,16777215,1615290621,0,baeccefc,46215172621598727",太草了
"184.20900,1,25,16777215,1615281592,0,26428221,46210438793265155",广告时间
"229.24700,1,25,16777215,1615271135,0,c7c7e2a0,46204956274851847",过年了
"173.03200,1,25,16777215,1615269827,0,29cd14a3,46204270455291907",眼镜 这已经说明谁才是主角了
"41.60800,1,25,16777215,1615265142,0,dddc8757,46201814371008517",哎
"29.04700,1,25,16777215,1615265129,0,dddc8757,46201807830515719",哎
"266.30200,1,25,16777215,1615260044,0,b9857dd0,46199141676089351",？？？？？
"42.30200,1,25,16777215,1615257080,0,af6b61df,46197587790790663",已经下载了
"78.97000,1,25,16777215,1615252278,0,8d3dd5ae,46195070053908483",3月九号点开的，觉得感觉要毒奶了
"166.53700,1,25,16777215,1615244129,0,107d6b66,46190797490487301",这周边和宣传  痞子真是不把周边当人啊
"45.44300,1,25,16777215,1615241859,0,7d3ac21f,46189607344668679",最后一期了吗
"256.83200,1,25,16777215,1615226435,0,ddb66ebd,46181520687235079",庵野秀明你好意思吗
"167.79100,1,25,16777215,1615226277,0,ddb66ebd,46181438224072707",还好意思卖cp圈钱呢？？
"109.11300,1,25,16777215,1615226194,0,ddb66ebd,46181394468569095",庵野秀明，你不是人
"208.77500,1,25,16777215,1615225869,0,d58a470,46181224133689349",吃二号机
"168.38300,1,25,16777215,1615221726,0,5bebde0c,46179051881103363",要点脸啊
"219.53900,1,25,16777215,1615220088,0,ad5fc9a2,46178193168138243",国内的食其家会有么……
"165.98900,5,25,52480,1615220022,0,af6907df,46178158557265923",情头
"187.45400,1,25,16777215,1615218472,0,40f1cab5,46177345802862595",这顺序就离谱
"47.84900,1,25,16777215,1615216942,0,b2b8500f,46176543676825605",用心做高达 诚心毁eva
"168.63800,1,25,16777215,1615216511,0,59e3e312,46176317860216837",虾仁猪心啊！！！
"88.35400,1,25,16777215,1615215781,0,fddc33f0,46175934965874691",祝大热！！
"228.13300,1,25,16777215,1615215748,0,e9dfd8d4,46175917824278531",来，中国上映啊
"12.78000,1,25,6830715,1615215557,0,1e50161f,46175817471885315",爷青结
"4.67500,1,25,16777215,1615215083,0,254aa608,46175568889118723",ohhhhhh
"263.21300,1,25,16777215,1615213207,0,8098f1b7,46174585459572741",痞子的梦
"7.09900,1,25,16777215,1615212097,0,b81a0b16,46174003568050181",再见了
"6.31900,1,25,15138834,1615209400,0,d30f1e5a,46172589471563783",再见 所有的福音战士
"152.38800,1,25,16777215,1615208419,0,719c4111,46172074964680707",？？？？？？？？
"15.04300,1,25,16777215,1615206944,0,bb895701,46171301671337991",今天是个好日子
"268.05100,5,25,6830715,1615206568,0,c44704d6,46171104836845571",绝了
"223.84800,5,25,6830715,1615206492,0,c44704d6,46171065138282499",给女朋友买，用完了我只要盒子
"167.23000,1,25,16777215,1615206354,0,c44704d6,46170992730964039",买！
"128.40200,1,25,16777215,1615206290,0,c44704d6,46170958903377923",恐怕悬，鬼灭受众更广，说白了，市场更容易接受
"279.59500,1,25,16777215,1615205427,0,a335b78f,46170506493689861",就差动作片联动了
"0.84000,1,25,16777215,1615205361,0,6a5f0cc7,46170471765901315",ありがどう　そして、さよなら
"270.91600,1,25,16777215,1615205348,0,ad713a07,46170465120550917",痞子珍爱
"276.24000,1,25,16777215,1615204274,0,c461afff,46169901922516995",？？？
"171.15200,1,25,16777215,1615204167,0,c461afff,46169846113632261",JINS!刚好准备换眼镜
"246.18500,1,25,16777215,1615203685,0,23950a7e,46169593191333895",求入国内！
"181.57600,1,25,16777215,1615203117,0,7d8f6371,46169295320252419",眼镜？脸蹦了
"29.67500,1,25,16777215,1615202882,0,4fa015be,46169172250984455",我是傻逼
"168.38800,5,25,16646914,1615202674,0,79f22dc9,46169063356891139",请换成真希波玛丽
"111.13300,1,25,16777215,1615199835,0,39c1dc48,46167574612803587",啊啊啊
"99.19800,1,25,16777215,1615199823,0,39c1dc48,46167568358572035",xxx
"12.99100,1,25,16777215,1615199342,0,d1e0f0a6,46167316141965319",我靠
"144.02000,1,25,16777215,1615199063,0,76141bb7,46167169741881349",新世纪圈钱战士
"89.12600,1,25,16777215,1615198006,0,86f0f8d8,46166615618224135",谢谢你，初号机！www不得不说痞子老特摄厨了
"251.85700,5,25,6830715,1615197557,0,7fd4c324,46166380393791493",情头
"78.10400,1,25,16777215,1615196933,0,f5c66af,46166053263769607",预祝大热
"12.58800,1,25,16777215,1615196771,0,182b56ad,46165968357425155",ohhhhhhhhhhh
"166.89800,1,25,16777215,1615196508,0,9e91ba2a,46165830465486853",麻了
"87.73000,1,25,16777215,1615196256,0,d1e6c292,46165698550431747",什么时候在中国播放
"161.27900,1,25,16777215,1615195837,0,274ae818,46165478586974213",这不来个小力?
"100.46500,1,25,16777215,1615194496,0,4c835738,46164775314915335",好想要啊
"156.52000,1,25,14811775,1615194283,0,4245a518,46164663623745543",丽党震怒
"199.38500,1,25,16777215,1615194160,0,d3c6181,46164599155720195",草 夺笋呐
"120.28100,1,25,16777215,1615194078,0,3473f8a4,46164556266864643",不知道能超过鬼灭不
"222.44800,1,25,16777215,1615192940,0,4b960865,46163959630266373",过年了
"10.39800,1,25,16777215,1615192890,0,cff157a2,46163933598318595",最后一期
"11.43000,1,25,16777215,1615192723,0,2c1bd1bb,46163846214713347",过年了
"77.89900,1,25,16777215,1615191994,0,963a483b,46163463785938949",国内会上吗（做白日梦
"102.18700,1,25,16777215,1615191779,0,488da19,46163351190896643",我也想要
"259.52300,1,25,16777215,1615190815,0,eb82c7d5,46162845880025093",买买买
"19.93100,1,25,16777215,1615190322,0,586b9027,46162587043758087",哪有的看
"70.23200,5,25,16740868,1615190065,0,e777e00c,46162452556021763",告诉大家，我只认贞本义行
"169.27800,1,25,16777215,1615189365,0,18f0f35a,46162085536595971",这个眼睛商怕不是血亏
"266.15800,1,25,16777215,1615188943,0,493af583,46161864220475399",???
"78.12000,1,25,16777215,1615187161,0,da045b6f,46160930058272773",祝大热！
"61.98500,1,25,16777215,1615186786,0,33b15d20,46160733090086919",感觉有点低，对于Eva这种级别来说
"5.84100,1,25,16777215,1615186669,0,33b15d20,46160671762022403",千呼万唤使出来
"98.39600,1,25,16777215,1615186606,0,6615820c,46160639116181509",祝大热
"165.62900,1,25,16777215,1615185645,0,af74a128,46160135259684869",杀人诛心
"166.13400,5,25,9487136,1615184082,0,46b5e61f,46159315770802179",情头
"166.33400,5,25,6830715,1615184061,0,46b5e61f,46159304828387331",情头
"166.39000,5,25,15138834,1615184015,0,46b5e61f,46159280735780867",情头
"83.94800,1,25,16777215,1615183479,0,70d81947,46158999670751239",预祝大热
"80.59000,1,25,16777215,1615183359,0,f56201b8,46158936707956743",日本疫情不要忘记
"162.53700,1,25,16777215,1615181251,0,b32eec0,46157831114063877",橙汁瞩目
"87.94000,1,25,16777215,1615180932,0,1981f13d,46157664228999173",啊啊啊啊啊我要我要
"87.30600,1,25,16777215,1615180918,0,d4eaa4a2,46157656818712579",大热
"90.97900,1,25,16777215,1615180647,0,6967cf99,46157514461413379",来中国上，票房绝对比日本内地高
"10.83200,1,25,16777215,1615180541,0,86960566,46157459305267203",今天是个好日子
"89.07600,1,25,16777215,1615180317,0,86924016,46157341502996487",祝大热
"12.15200,1,25,16777215,1615180258,0,86924016,46157310765039621",朝闻天下
"33.25900,1,25,16777215,1615179981,0,a611c1a3,46157165648936963",朝闻天下
"87.87100,1,25,16777215,1615179778,0,fdd78b8d,46157058990407749",来这边上映，给他干到60亿妥妥的
"152.71100,1,25,16777215,1615179741,0,91e54865,46157039726493703",车票我想要啊阿啊阿啊阿啊阿啊阿啊阿啊
"122.88400,1,25,16777215,1615179552,0,5992956a,46156940449939459",量产机
"33.34700,1,25,16777215,1615178932,0,c7c1379b,46156615374602245",绫波零?
"9.08600,1,25,16777215,1615178827,0,c7c1379b,46156560653615109",泪奔
"150.69700,1,25,16777215,1615177575,0,aa063e2d,46155903996526595",丽党震怒
"43.57900,1,25,16777215,1615177435,0,3b4042ea,46155830779707399",好耶
"57.41700,1,25,16777215,1615176682,0,54f1129d,46155435917967365",这么多年了还没走回去的！
"88.64700,1,25,16777215,1615176512,0,7c15396c,46155346860310535",祝大热
"271.31600,1,25,16777215,1615176501,0,b1efd143,46155340885524483",这也行？
"228.78200,1,25,16777215,1615175754,0,94a01e96,46154949416976387",联动鬼才
"16.02900,1,25,16777215,1615175429,0,772485f7,46154778903314435",阿弥陀佛
"11.10000,1,25,16777215,1615174733,0,78b27ff2,46154414008827907",好耶！
"80.57900,1,25,16777215,1615174706,0,953c0644,46154399855673351",加油
"89.72600,1,25,16777215,1615174355,0,5ec92b74,46154215705280519",卧槽，酸了
"73.06300,1,25,16777215,1615174139,0,8de9c515,46154102455926789",祝大热
"275.36900,1,25,16777215,1615173218,0,8b744ffb,46153619995099139",哦  这个吊
"183.21800,1,25,16777215,1615173165,0,8b744ffb,46153591975051271",其实 是买文件夹送眼镜
"66.73000,1,25,16777215,1615172743,0,869f2781,46153370437681157",what才36%？
"143.15900,1,25,16777215,1615170431,0,a071d528,46152158669176835",周边战士
"89.10400,1,25,16777215,1615170212,0,2bf035f,46152043729518595",大卖！
"79.16700,1,25,16777215,1615168572,0,d434c95a,46151183887237127",大热大热
"7.03800,1,25,16777215,1615168335,0,5a201dcb,46151059880017923",等到了
"77.87200,1,25,16777215,1615167918,0,3bc09d1e,46150841136578565",预祝大热
"132.75400,1,25,16777215,1615167755,0,1130d3d5,46150755787210755",周边以达到巅峰造极的地步了
"197.29000,1,25,16777215,1615167633,0,6718b61f,46150691486433283",又迫害香香
"225.66100,1,25,16777215,1615167394,0,1ffbeeab,46150566410715143",万物皆可联动
"181.28100,1,25,16777215,1615167323,0,1ffbeeab,46150529178927107",国内的jins会出吗 我想入
"3.33900,5,25,15138834,1615167226,0,f1d63b17,46150478283145221",朝闻天下
"46.57800,1,25,16777215,1615167139,0,917d890a,46150432701546503",同问
"6.78400,1,25,16777215,1615166910,0,3948a85d,46150312783773699",朝闻天下
"263.96200,1,25,16777215,1615165778,0,14fb203c,46149718849355779",？？？？？
"150.93900,1,25,16777215,1615165653,0,14fb203c,46149653671444483",这个丽就nm离谱哈哈哈哈啊哈
"172.19300,1,25,16777215,1615165582,0,b95bf630,46149616399286279",二号鸡我可以
"70.33800,1,25,16777215,1615165545,0,14fb203c,46149597109157893",《吊打》
"4.51000,1,25,16777215,1615165409,0,14fb203c,46149525402812421",再见了，所有的朝闻天下
"5.43900,1,25,16777215,1615164710,0,67642bf9,46149158928646151",朝闻天下
"78.15400,1,25,16777215,1615164654,0,e60a4cef,46149129651879941",国内啥时候上啊
"265.33400,1,25,16777215,1615164558,0,239b1f74,46149079599677445",庵 野 狂 喜
"9.75800,1,25,16777215,1615164265,0,239b1f74,46148925920903175",朝闻天下
"4.65800,1,25,16777215,1615164240,0,480cd13a,46148912517480455",今天过年！！！！
"17.54600,1,25,16777215,1615164188,0,dd0fe814,46148885581135877",（重新定义，马上上映）
"124.34100,1,25,16777215,1615163733,0,b474735,46148647022755843",周边做到极致
"97.38400,1,25,16777215,1615163728,0,a8a2c029,46148644019634183",谢谢你 福音战士
"43.95000,1,25,16777215,1615163641,0,f173deae,46148598706995205",那个要10号才有
"250.91100,1,25,16777215,1615163561,0,54b68eb6,46148556810616835",厉害厉害
"230.71700,1,25,16777215,1615163486,0,91e6e459,46148517198561285",卖周边我就服eva
"89.24500,1,25,16777215,1615163336,0,91e6e459,46148438626140165",4D有可能闻到LCL的味道吗？
"223.80600,1,25,15138834,1615163294,0,a71b8d20,46148416664764419",全日本都有EVA，包括电影院
"231.59900,1,25,16777215,1615163280,0,a1372282,46148409192611843",这是十元？
"252.27700,1,25,16777215,1615163242,0,c1c1a384,46148389472043013",羡慕了
"239.28200,1,25,16777215,1615163153,0,4d6221c5,46148342659940355",喜欢！
"230.67000,1,25,16777215,1615163144,0,37150645,46148338105450503",这个香可爱
"76.22200,1,25,16777215,1615162923,0,37150645,46148222448041991",祝大热！
"79.40300,1,25,16777215,1615162719,0,80b4360b,46148115492241415",期待引进
"266.30200,1,25,16777215,1615162004,0,82454f76,46147740367847427",卡在这一帧，有3d的视觉效果
"145.58500,1,25,16777215,1615161812,0,22432e89,46147639938908165",这个真嗣太可爱了吧
"219.65900,1,25,16777215,1615161453,0,31d0900b,46147451719516163",过年了过年了
"140.78400,1,25,16777215,1615161352,0,f99d3fbf,46147398343327751",圈钱开始
"37.58800,1,25,16777215,1615161321,0,eb46bd71,46147382350446599",one last kiss有得听了吗
"0.00000,5,25,6830715,1615161246,0,b9c24cab,46147343155724291",朝闻天下
"7.43600,1,25,16777215,1615161168,0,fffc0098,46147302181044227",朝闻天下
"7.03900,1,25,16777215,1615160992,0,2bc444f0,46147209647357957",朝闻天下
"186.73900,1,25,16777215,1615160894,0,5b7f849f,46147158592192517",真嗣搭配食其家可还行
"14.22500,1,25,16777215,1615160553,0,975d7a2,46146979769090053",朝闻天下
"7.26300,1,25,16777215,1615160526,0,115fcfab,46146965483814915",朝闻天下
"10.54600,1,25,16777215,1615160437,0,2f6a7c4b,46146919008305155",来啦
"219.05500,1,25,16777215,1615160130,0,b123d375,46146757661818887",狠狠地噶韭菜
"27.45900,1,25,16777215,1615160037,0,b72c9819,46146709045116933",国内能引进嘛？
"183.33700,1,25,16777215,1615552605,0,9182b05f,46352527618736131",x
"6.71300,1,25,16777215,1615473324,0,c94014fb,46310961480990727",热乎
"35.51900,1,25,16777215,1617462082,0,32c3ec80,47353643745673219",兰陵王碰瓷
"7.41200,1,25,16777215,1617349774,0,698f9e81,47294761892577287",兰陵王看不见被动吗。
"186.68700,1,25,16777215,1617105894,0,7beb15d6,47166898740133891",干将
"50.58300,1,25,16777215,1617093325,0,96d1bae,47160308534870021",不杀了我不许走
"116.72500,1,25,16777215,1617032581,0,334f0e06,47128461567852547",离谱
"63.40600,1,25,16777215,1616928274,0,73cbbe14,47073774409875459",预判和大闪也能是接得好  释放技能放的准是接得好   放的不准就是敌人不会接？
"3.22700,1,25,16777215,1616753537,0,1681f71b,46982162091081733",我又来欣赏秒杀艺术了
"168.82100,1,25,16777215,1616410310,0,b92d60d,46802211961831429",这么秀的干将天天守家
"136.13900,1,25,16777215,1616382298,0,f867fab1,46787525615812615",张良辅助，保护不了这就是我喜欢莫邪的理由
"58.71400,1,25,15138834,1616290610,0,53d4c0d,46739454751145989",接的好
"0.21300,1,25,16777215,1615894464,0,af9035b1,46531760491069443",参见黄……哦认错人了，没事儿
"175.82800,1,25,16777215,1615561972,0,8545e6b5,46357438547361795",懂了下次看见马可选干将
"53.90600,5,25,16777215,1615556333,0,47b6b622,46354482080514051",狄仁消失
"3.91900,1,25,16777215,1615556230,0,47b6b622,46354428402335749",bgm:king
"184.16700,1,25,16777215,1615276580,0,cc90ac5f,46207811079634951",ohhhhhhhhh
"185.72900,1,25,14811775,1615213848,0,dfc3cfc1,46174921676554243",永远不要试图与干将击剑
"106.85100,1,25,16777215,1615213731,0,dfc3cfc1,46174860420841477",满血安琪拉也干在外面浪？
"102.74100,1,25,16777215,1615213690,0,dfc3cfc1,46174838733668355",吆西花姑娘
"33.94000,1,25,16777215,1615213610,0,dfc3cfc1,46174796974129157",兰陵王：看我喂之
"6.05600,1,25,16777215,1615213557,0,dfc3cfc1,46174769191583749",兰陵王：打开宝宝巴士
"3.36500,1,25,41194,1615210335,0,ca844a29,46173079909433349",干将快乐草
"107.99500,1,25,16777215,1615205765,0,3f4ae5a7,46170683543126019",牛啊～牛啊～
"131.10900,1,25,16777215,1615202952,0,140a0282,46169208753487875",太帅了
"115.95800,1,25,16777215,1615202937,0,140a0282,46169200816291843",敌人消失
"94.25300,1,25,16777215,1615190467,0,21eb78e1,46162662897221637",nb
"118.96300,1,25,16777215,1615179955,0,807463b4,46157151832375301",芈月：就挺突然的
"33.24300,1,25,16777215,1615179860,0,807463b4,46157102204321799",兰陵王：关了吧，没意思
"13.90100,1,25,16777215,1615179285,0,140a0282,46156800385875973",热乎
"172.21600,1,25,16777215,1615175809,0,73d59bf7,46154978256486403",十三助攻醒目
"48.75700,1,25,16777215,1615172381,0,6ecd2672,46153180825780231",兰陵王：关了吧，没意思
"3.42200,5,25,16777215,1615163681,0,7ad4ea47,46148619739856903",事故高发地
"8.59600,5,25,16777215,1615160403,0,960a5d52,46146901021556743",兰陵王：关了吧
"97.45300,1,25,16777215,1615194982,0,ea99507c,46165030403047427",饱了
"29.71000,1,25,16777215,1615180456,0,41ca6df9,46157414676299781",端好碗了
"597.24300,1,25,16777215,1616816037,0,11ae421a,47014929769693189",这姿势我可以
"573.18600,1,25,16777215,1615206497,0,f66c1732,46171067673214983",第一巴黎市 哈哈
"452.53500,1,25,16777215,1615201876,0,d7631948,46168644557733893",我做错了什么？？？！！！！
"283.28100,1,25,14811775,1615200925,0,540c3c41,46168145964564483",这句话好像不是日文
"262.12800,1,25,15138834,1615200871,0,540c3c41,46168117893136387",高桥样子：玛丽你学我，是不是想被写死？
"544.77500,1,25,16777215,1615200756,0,d011f15d,46168057569083397",Bataille d'Espace =3EM01=没新版本好听！！
"659.59700,1,25,16777215,1615200740,0,a5c8b420,46168049150066693",2号机？
"82.49800,1,25,16777215,1615200719,0,540c3c41,46168037924012037",子安老师！
"548.31500,1,25,16777215,1615200553,0,d011f15d,46167951314255877",这个是战舰的功能！！！！不是eva的功能
"542.47200,1,25,16777215,1615200445,0,d011f15d,46167894503456771",最新版本开战bgm一股印度味
"377.23400,1,25,16777215,1615200430,0,a5c8b420,46167886500200453",正步走的歪歪扭扭
"522.27700,1,25,16777215,1615199253,0,7fd4c324,46167269808013315",乳法了
"594.08500,1,25,16777215,1615199189,0,48e413d1,46167236079517703",看不懂
"36.36400,1,25,16777215,1615198439,0,7fd4c324,46166842745552901",巴黎？乳法开始？
"378.68000,1,25,16777215,1615196998,0,d1535820,46166087419559941",行走的充电宝
"403.08000,1,25,16777215,1615195837,0,e102f2d3,46165478497845255",战列舰原来是这样玩的呀
"581.31700,1,25,16777215,1615192231,0,2696f685,46163587911647239",莫名想到bulid的天空之墙
"614.26500,1,25,16777215,1615190919,0,247a9d6e,46162900092977159",这个配音好像卡缪
"450.50100,1,25,16777215,1615188663,0,6a931745,46161717493760005",乳法？
"447.63700,1,25,16777215,1615182318,0,5111e2b7,46158390841311235",埃～菲～尔～～
"330.86200,1,25,16777215,1615181511,0,20cdbd7e,46157967620833287",这方向盘太出戏了，哈哈哈哈
"35.10800,1,25,16777215,1615180442,0,7b676c6b,46157407164301315",来人，弹幕组起来
"590.88500,1,25,16777215,1615179657,0,cdf3eadd,46156995603988483",还能恢复
"525.86500,1,25,16777215,1615179585,0,cdf3eadd,46156957940187139",埃菲尔铁塔：真狗啊
"538.96200,1,25,16777215,1615177244,0,d747587a,46155730258493445",adc真的脆
"538.22700,1,25,16777215,1615177224,0,d747587a,46155720113520645",adc
"262.23200,1,25,16777215,1615172837,0,85310c67,46153419799396357",致敬黑客帝国吗
"25.75300,1,25,16777215,1615167779,0,d5a27100,46150768035102725",又来？
"16.43900,1,25,16777215,1615269572,0,d9052065,46204136974188547",确实
"11.68500,1,25,16777215,1617006766,0,e8344b0,47114927165407235",吸
"22.67200,1,25,16777215,1615812328,0,2727a232,46488697365856263",讲究
"1886.93100,1,25,16777215,1615225278,0,319a6cfd,46180914063998981",哈哈哈哈哈哈
"986.11900,1,25,16777215,1621526068,0,5e7025ba,49484342762143749",哥哥的传奇是全方位的，当然过早去世也是一个原因。但还有更重要的原因是，他个人生活的态度和他艺术的魅力。
"960.77500,1,25,16777215,1621481235,0,e7b2a4d0,49460837551177733",哥哥活着的时候就是一个传奇了，好不好
"918.18500,1,25,16777215,1621164946,0,28ed673,49295010956312581",不客观
"759.78500,1,25,16777215,1621164776,0,28ed673,49294921854615555",谢谢广美
"1168.41800,1,25,16777215,1620318471,0,81a374ff,48851214231142403",你什么都不知道久胡说八道
"1151.51300,1,25,16777215,1620318445,0,81a374ff,48851200666763269",孟广美都无语了
"1082.68900,1,25,16777215,1620318381,0,81a374ff,48851167046270983",哥哥值得被爱被铭记
"956.54500,1,25,16777215,1620318265,0,81a374ff,48851106125578245",因为你不是这样的人
"803.86000,1,25,16777215,1620318132,0,81a374ff,48851036222259207",孟广美很客观
"543.91800,1,25,16777215,1620317924,0,81a374ff,48850927285698563",什么玩意！是病发好吗！
"906.56900,1,25,16777215,1620061581,0,77740d05,48716529805033475",真的每个人都这么说
"755.76900,1,25,16777215,1620061415,0,77740d05,48716442878083075",可能也不是那个放弃的意思，他选的词不准确
"343.90000,1,25,16777215,1620060854,0,77740d05,48716148851081221",其实最近渐渐感到落寞
"1017.54800,1,25,16777215,1617873578,0,99ec800,47569385878454275",这女的说话  是一个字一个字吐出来
"789.94100,1,25,16777215,1617873452,0,99ec800,47569320044134405",真的听不懂这女的说话
"675.41200,1,25,16777215,1617873347,0,99ec800,47569265126014979",哥哥把手指都弄伤了
"566.02400,1,25,16777215,1617873252,0,99ec800,47569215411978243",孟广美的表达能力  是怎么天天来做主持的
"1177.00000,1,25,16777215,1617152367,0,94aa4136,47191263896141831",别zs说个不停，你们能不能用去逝这个词，感觉好没有水平
"1108.82000,1,25,16777215,1617152176,0,94aa4136,47191163761852423",热情的嗓音是换了唱法的，长发热情和短发热情的唱腔都不一样
"1076.84700,1,25,16777215,1616674176,0,a9b7df40,46940553881321479",哥哥哭了
"809.49600,1,25,16777215,1616673886,0,a9b7df40,46940402116198407",对广美路转粉
"742.86700,1,25,16777215,1616672184,0,a9b7df40,46939509488091141",这明显是许老师认知盲区
"558.36800,1,25,16777215,1616671999,0,a9b7df40,46939412873347077",这仨人里只有广美没有偏见
"327.62800,1,25,16777215,1616671588,0,a9b7df40,46939197415620615",哥哥精神永在
"313.12900,1,25,16777215,1616671574,0,a9b7df40,46939189795618821",广美说的好
"617.24200,1,25,16777215,1616582194,0,72422e8e,46892328795766787",哥哥非常注重健康的，病的实在太严重了
"756.37200,1,25,16777215,1616506764,0,2472e253,46852781791248387",是放弃
"1102.76100,1,25,16777215,1616167754,0,a092cd26,46675042901688323",前期嗓子是鼻音唱腔，后期是换了唱法了，都是好听的
"1097.28500,1,25,16777215,1616167632,0,a092cd26,46674978896609287",前面说嗓子的，你不懂
"1121.98200,1,25,16777215,1616156328,0,6e78beed,46669052477702149",情到深处
"1044.67300,1,25,16777215,1616139685,0,d5f07413,46660326986874887",其他就算早逝也达不到
"790.18200,1,25,16777215,1616139331,0,d5f07413,46660141324959751",嗯嗯
"751.50200,1,25,16777215,1616139288,0,d5f07413,46660118497984517",怎么能用放弃来形容
"115.40400,1,25,16777215,1616087873,0,eeb130b4,46633162369400837",别把他们的话当圣经，他们也只是在臆测，在表达自己的观点
"1030.75200,1,25,16777215,1616041012,0,b37d2faf,46608593823203333",同性恋和有心理问题的人爱用张国荣给自己脸上贴金，但张国荣的传奇不是因为这些
"1088.90000,1,25,16777215,1615984062,0,d31dd9f6,46578735502589955",前面那个说嗓子废了的，你根本没理解热情
"389.27400,1,25,16777215,1615875824,0,3e72b997,46521987660513283",你在同性恋荣迷面前表露不崇拜尊敬张国荣你就惨了，那些人做事很偏激的
"353.32700,1,25,16777215,1615875671,0,3e72b997,46521907633192967",张国荣已经成为同性恋协会组织的宣传工具
"1073.29300,1,25,16777215,1615874904,0,3e72b997,46521505149353987",嗓子已经嘶哑了，香烟吸多了，成了烟熏嗓，废了
"990.33300,1,25,16777215,1615874748,0,3e72b997,46521423412854787",张国荣已经升华成有心理问题同性恋的图腾
"965.97300,1,25,16777215,1615874671,0,3e72b997,46521383076233221",说的一针见血，如果活着老了 也许讨厌张国荣的人也很多，一切因为他早逝
"1222.95800,1,25,16777215,1615870708,0,a2a4b7b,46519305319743491",阮玲玉
"954.11900,1,25,16777215,1615601593,0,a71ca9a2,46378211373744131",你不懂，照许这样说，具备早逝和zs的还有别人，怎么不一样
"1036.91600,1,25,16777215,1615479897,0,130f7b34,46314408041775111",荣迷
"718.48400,1,25,16777215,1615479578,0,130f7b34,46314240729415687",许老师严肃jpg
"1112.93700,1,25,16777215,1615475360,0,7ae0a142,46312028931358725",太完美了
"1066.60200,1,25,16777215,1615474939,0,7ae0a142,46311808500760581",完美，这声音太醇了
"960.27700,1,25,16777215,1615474804,0,7ae0a142,46311737395249157",东东根本就不了解，瞎叭叭
"633.62000,1,25,16777215,1615474370,0,7ae0a142,46311510015737861",唱歌绝对无人可敌
"24.70600,1,25,16777215,1615200444,0,ecf3c84d,46167893724889093",什么啊
"55.81800,1,25,38979,1615986964,0,72776a61,46580257169866757",犟嘴了
"19.63600,1,25,16777215,1615254058,0,8da44645,46196003354705923",这个清晰度不错啊
"272.90200,1,25,16777215,1622813255,0,bce16e16,50159199733678149",谭雅呢
"151.63100,1,25,16777215,1622478681,0,f3c6b1fa,49983786242801671",震惊
"265.47200,1,25,16777215,1622436739,0,bab9164a,49961796384063493",奇诺是女的啊
"237.30600,1,25,16777215,1622436710,0,bab9164a,49961781632696327",奇诺居然也是
"242.36400,1,25,16777215,1622358781,0,a4fc3416,49920924208070663",新版是悠木碧，旧版不是
"147.73900,5,25,14811775,1622273545,0,c0cf6ab,49876235912740867",这个也是 ? ? ?
"256.13500,1,25,16777215,1622271338,0,605b9792,49875078733627399",还有不吉波普
"243.75400,1,25,16777215,1622037214,0,8995e3d0,49752330233446407",我去，离谱
"142.88900,1,25,16777215,1621953786,0,d29d793c,49708589937852421",绝剑
"193.72400,1,25,16777215,1621871620,0,65a641f4,49665511389659141",这真没想到
"25.12200,5,25,14811775,1621870778,0,910d67fa,49665070007320579",永远爱女王大人
"10.93800,1,25,16777215,1621713106,0,4cd4e246,49582404406870019",小苹果
"139.49300,1,25,16777215,1621703898,0,2f3e9742,49577577118957571",喵汪？
"24.74800,1,25,16777215,1621696016,0,cb7491d,49573444538859527",我爱女王大人
"105.53900,1,25,16777215,1621683988,0,bb7ea04d,49567138439495749",！！！
"140.97900,5,25,15138834,1621678571,0,b29fb274,49564298033233925",哇啊啊啊啊啊啊啊！优纪酱！
"141.55500,1,25,16777215,1621656834,0,15a90f8d,49552902013321223",啊这
"206.56000,1,25,16777215,1621614228,0,15b67c05,49530563926687747",？？？？？！！！！
"176.96600,1,25,16777215,1621614197,0,15b67c05,49530547505463303",老爷正在赶往战场
"37.88900,1,25,16777215,1621614054,0,15b67c05,49530472719974405",你在看哪？
"202.53900,1,25,16777215,1621610701,0,d2bb7098,49528714644946947",团长，车已经准备好了
"280.08300,1,25,16777215,1621598682,0,17aab9fe,49522413462880259",我lp，咋了，眼瞎看不清吗
"196.42200,1,25,16777215,1621462663,0,dfc0ca7f,49451100232220679",啊这。。。
"210.39600,1,25,16777215,1621418193,0,a63fd91a,49427785178939399",！！！！、
"234.25200,1,25,16777215,1621355502,0,77a82d48,49394917129060355",woc
"208.02500,1,25,16777215,1621349735,0,b0bdf23b,49391893282816005",熟悉的味道
"261.81000,1,25,16777215,1621336324,0,7c361fd7,49384862445993991",奇诺是女的
"229.71000,1,25,16777215,1621336284,0,7c361fd7,49384841324527621",奇诺声音好帅
"164.81000,1,25,16777215,1621336194,0,7c361fd7,49384794269155333",响爷行为
"10.23900,1,25,16777215,1621336052,0,7c361fd7,49384719427043335",女王请踩我
"42.67900,1,25,16777215,1621322836,0,110496c2,49377790633443331",我也想被这样踩。。。。
"24.30700,1,25,16777215,1621304042,0,72e9fe61,49367937173684229",求下面人的视角
"101.20300,1,25,16777215,1621297713,0,cbf155a8,49364619211833351",让我来
"8.19500,1,25,16777215,1621297620,0,cbf155a8,49364570379124739",这个封面
"31.83000,1,25,16777215,1621209411,0,eb1091ef,49318323209371655",克鲁鲁是悠木碧的配音？？？
"18.39100,1,25,13369971,1621181571,0,775e16a3,49303727018868741",女王。
"232.16400,1,25,16777215,1621087258,0,e9b6ff4c,49254279859929093",！
"103.97300,1,25,16777215,1621087172,0,e9b6ff4c,49254234841415683",？？
"205.45800,1,25,16777215,1621081812,0,d2c526d8,49251424877412357",……
"149.31800,1,25,16777215,1621079411,0,bb8fd434,49250165837004803",纳尼？
"177.96200,1,25,16777215,1621063138,0,6e0089ef,49241634056962051",超强
"206.55100,1,25,16777215,1621004173,0,692254f6,49210719313854469",?????????????????????////
"112.85900,1,25,16777215,1620906531,0,3f52f191,49159526784958471",？？？
"105.43900,1,25,16777215,1620906521,0,3f52f191,49159521868185603",？
"24.47700,1,25,16777215,1620655112,0,fd48749e,49027711046778885",这是真的没想到啊
"102.55400,1,25,16777215,1620614736,0,c809eeb,49006542322663431",好
"229.03400,1,25,16777215,1620540380,0,a940dafb,48967558396116995",卧槽，奇诺
"23.05300,1,25,16777215,1620539272,0,2d3434dc,48966977581481989",没有听出来
"108.92500,1,25,16777215,1620442637,0,2c965bd2,48916312692359173",这个每一集的声优都不一样，所以没什么
"90.92500,1,25,16777215,1620442596,0,2c965bd2,48916291549396997",现在听着好像谭雅
"225.18100,1,25,16777215,1620405606,0,ea686e7a,48896897770848261",woc 听起来好像猪还真是
"202.25900,1,25,16777215,1620398612,0,ca00919,48893231197323269",这也是？
"102.89900,1,25,16777215,1620398509,0,ca00919,48893177022119941",我曹
"56.44500,1,25,16777215,1620384872,0,bb200bc9,48886027196563459",拿手好戏(doge
"99.38100,1,25,16777215,1620327163,0,e2f01aca,48855771191443459",？
"79.26100,1,25,16777215,1620327141,0,e2f01aca,48855759865249795",确实是悠木碧的声线
"105.99900,1,25,16777215,1620315281,0,ea5c1e93,48849541516492805",？？？
"21.38600,1,25,16777215,1620278356,0,52b1dc7e,48830182264930311",老婆
"277.25900,1,25,16777215,1620231800,0,33f56391,48805773716226055",这是真的女孩子。
"208.65800,1,25,16777215,1620227161,0,ae01a6d9,48803341253738501",这个是真没想到
"92.73500,1,25,16777215,1620223245,0,bc93e853,48801288366325765",我喜欢
"108.98500,1,25,16777215,1620184718,0,41d1959f,48781088886620167",混沌恶
"41.30100,1,25,16777215,1620180729,0,3b27c0ea,48778997475573763",突然贫穷
"46.87100,1,25,16777215,1620176517,0,b97e1666,48776789430370309",不是吧  我一直以为是哪个  啊哈哈
"41.47200,5,25,15138834,1620146942,0,afc39bd3,48761283515252739",求费娘的角度
"50.27500,1,25,16777215,1620137450,0,711caba4,48756307029655555",这蜘蛛声音我为什么那么爱
"30.54400,1,25,16777215,1620137430,0,711caba4,48756296726347783",我就说嘛
"149.77100,1,25,16777215,1620125484,0,63d43f4c,48750033176100867",我叼，莫名扎心，又想起当年被扎满刀子的经历了
"48.15600,1,25,16777215,1620125048,0,6f9c6de5,48749805008584707",刚才？？
"62.09900,1,25,16777215,1620122194,0,82abdfcb,48748308635582471",最离谱的其实不是这个最离谱的是笨女孩里头的女主 
"241.87600,1,25,16777215,1620110751,0,3a3416ef,48742309247320069",奇诺？？？？？我天
"237.89500,1,25,16777215,1620108786,0,96735142,48741278631329795",阿这
"112.77700,1,25,16777215,1620102830,0,8040ba8b,48738156131909637",纳尼
"80.94600,1,25,16777215,1620094982,0,1405253a,48734041655476229",我把我的生命赋予了你 我们将一同为人类的自由和幸福战斗
"145.62200,1,25,16777215,1620063184,0,66dc2665,48717370045759491",？？？
"95.98600,5,25,16707842,1620054010,0,b63d8a4a,48712560458858499",让我来！！！！
"12.74900,1,25,16777215,1620053026,0,f87cacce,48712044376489989",！！~
"104.99900,5,25,15138834,1620051249,0,f1d52d7f,48711112925380615",这我是万万没想到
"110.59900,1,25,16777215,1620048311,0,486e21f8,48709572620189699",？？？？？？？？？
"140.63900,1,25,16777215,1620046996,0,f2d818a3,48708883246481413",终于有我老婆了！
"189.23100,1,25,16777215,1620038610,0,d2259618,48704486242254855",也？？？
"117.53900,1,25,16777215,1620027016,0,83ce8d96,48698407916142595",让我想起了露易丝
"273.91200,1,25,16777215,1619961379,0,2e87104d,48663995049574405",前面的，真的是女孩子吗？我没看过
"203.19500,1,25,16777215,1619961254,0,2e87104d,48663929770999813",？
"266.49400,1,25,16777215,1619960395,0,9b35f5cf,48663479218864133",前面的，奇诺是女孩子哦
"237.46800,1,25,16777215,1619960366,0,9b35f5cf,48663464012414981",卧槽奇诺
"91.35400,1,25,16777215,1619097091,0,6e66c986,48210859281350661",我不做人了
"153.73600,1,25,16777215,1618860561,0,40417f90,48086849543995397",标注战姬发言
"198.90300,1,25,16777215,1618848629,0,792374b2,48080593863311365",！！！！！
"108.98700,1,25,16777215,1618847671,0,792374b2,48080091463811077",纳尼
"127.12700,1,25,16777215,1618761278,0,1c45cf92,48034796595052549",桐人？是你吗桐人！
"129.29200,1,25,16777215,1618761259,0,1c45cf92,48034786503557123",桐人？是你吗桐人！
"255.56000,1,25,16777215,1618679694,0,9ad7116e,47992023121133575",卧槽，男性声线都行，怪物啊
"240.18000,1,25,16777215,1618679663,0,9ad7116e,47992006743425027",哈？这也是？
"138.82000,1,25,16777215,1618679548,0,9ad7116e,47991946730799107",卧槽，有纪，这个真没听出来
"102.86000,1,25,16777215,1618679480,0,9ad7116e,47991910572752899",what？
"129.99100,1,25,16777215,1618244442,0,36724f,47763825558552581",这确定不是同老爷
"49.39000,1,25,16777215,1618063558,0,37bce10f,47668990168268803",标准的谭雅同音
"17.44800,1,25,16777215,1617556305,0,667328b2,47403043875454983",wc
"4.39600,1,25,16777215,1617556292,0,667328b2,47403037029302277",? 
"21.43000,1,25,16777215,1617547813,0,23a5d23b,47398591451365381",哦草同一个？
"4.77900,1,25,41194,1617547152,0,6180e257,47398245076303875",同一个声优吗？
"89.39200,1,25,16777215,1617540072,0,f58d41e6,47394532800593925",被迫不做人？
"154.58100,1,25,16777215,1617499470,0,37e3114a,47373245650829317",优纪好评
"142.57000,1,25,16777215,1617499458,0,37e3114a,47373239356227589",刀剑？？？
"92.79900,1,25,16707842,1617497056,0,f0fe899c,47371980010684421",我不做人类啦，jojo！！！
"59.62000,1,25,16777215,1617464712,0,6b94fa2d,47355022417068037",现在一听简直一毛一样
"34.78100,1,25,16777215,1617464687,0,6b94fa2d,47355009403715589",没想到啊
"117.12200,1,25,16777215,1617463986,0,a8aec19b,47354642074959875",谭雅也是她，更厉害
"106.99000,1,25,16777215,1617447498,0,8e546101,47345997365379075",震撼
"142.67400,1,25,16777215,1617415986,0,964dcb05,47329475919085575",？
"109.68300,1,25,16777215,1617415952,0,964dcb05,47329458495422469",？
"103.68300,1,25,16777215,1617415946,0,964dcb05,47329455288352773",？
"5.44800,1,25,16777215,1617365219,0,445a0a99,47302859324129283",好顶
"107.31200,1,25,16777215,1617362172,0,dcbaaf84,47301262317715461",woc
"242.52200,1,25,16777215,1617290909,0,f3207ce9,47263899463450631",西宫结弦的声线
"105.73700,1,25,16777215,1617197353,0,b5d00625,47214849590558723",？？？
"95.81900,1,25,16777215,1617196866,0,92b0a0af,47214594265448451",他不喝，我喝
"107.74900,1,25,16777215,1617152485,0,df09ad75,47191325739581445",？？？？
"174.82900,1,25,16777215,1617118002,0,56b3a24e,47173246774149127",这个配乐超好
"138.46900,1,25,16777215,1617117957,0,56b3a24e,47173223207927811",这个我可是清楚的很。
"23.49900,1,25,16777215,1617117812,0,56b3a24e,47173147208712195",没想到女王的声优是悠木碧，以前看番的时候不关注声优，没有注意到。
"248.84700,1,25,16777215,1617079736,0,1be55b,47153184049725447",奇诺！
"63.13400,1,25,16777215,1617068531,0,d65baf53,47147309624983555",啊哈
"25.46200,1,25,16777215,1617033586,0,5fe96457,47128988168486917",卧槽，这也是悠木碧
"114.37700,1,25,16777215,1617033221,0,8fb6e0d1,47128796936536067",潦草
"249.68600,1,25,16777215,1616858097,0,47cd4916,47036981710422019",声优都是怪物
"11.83500,1,25,16777215,1616839920,0,ecfbab85,47027451636219909",真没想到
"29.61900,1,25,16777215,1616834013,0,b04e08c4,47024354620866565",考哥.jpg
"22.39200,1,25,16777215,1616807289,0,6fab2bcf,47010343361183747",克鲁鲁
"229.87100,1,25,16777215,1616476245,0,a16380fe,46836781078282245",悠木碧配的第一个角色也是奇诺之旅的，不过是03版的
"142.91800,1,25,16777215,1616063938,0,d5e81749,46620613471633413", 声优都是怪物
"162.99200,1,25,16777215,1615719540,0,319873ea,46440049780719619",最喜欢的角色了
"56.56300,1,25,16777215,1615708776,0,d5edcf47,46434406281248775",内裤都被看光了
"64.23800,1,25,16777215,1615645349,0,10d1daea,46401152310312967",overlord里面拿双愣武器的也是这个声优
"217.96400,1,25,16777215,1615460267,0,21800b17,46304115955335171",你说这头猪是他我都相信
"754.63000,1,25,16777215,1616620651,0,a1939a02,46912491734171655",热诱
"543.31800,1,25,16777215,1616620424,0,a1939a02,46912372669415431",这是剧情杀，必死的
"256.07000,1,25,16777215,1615559976,0,6a4f7b6c,46356392485847047",这么炫酷
"548.92900,1,25,16777215,1615289264,0,5f9bf3b,46214461480501251",剧情杀
"475.15000,1,25,16777215,1615289191,0,5f9bf3b,46214422792241157",老压缩
"506.09600,1,25,16777215,1615281421,0,f157523d,46210349255884803",剧情这里必须死
"382.52100,1,25,16777215,1615281297,0,f157523d,46210284469092357",一会眼睛就没了
"1129.83100,1,25,16777215,1615254396,0,371eabad,46196180586070023",23333
"298.02300,1,25,16777215,1615253562,0,371eabad,46195742951342087",主角没有这种弹跳力吗
"275.99600,1,25,16777215,1621703365,0,86d03357,49577297530322949",牵以前问了句可以吗？
"102.00500,1,25,16777215,1621343444,0,ff2fe2e3,49388594962890757",哈哈哈哈哈哈这个晃动
"128.33500,1,25,16777215,1621164558,0,587175d3,49294807516839943",说的再火，字幕打错了
"273.39200,1,25,16777215,1621093235,0,1e930dca,49257413849120775",这个抓手腕我死了啊啊啊啊啊啊啊
"269.60000,1,25,16777215,1621093171,0,1e930dca,49257380012097543",哈哈哈哈哈哈你俩说相声呢
"219.53000,1,25,16777215,1621093062,0,1e930dca,49257322706370563",哈哈哈哈哈哈我不！我要每期都和你！
"211.81900,1,25,16777215,1621093039,0,1e930dca,49257310684446727",哈哈哈哈哈哈
"183.57500,1,25,16777215,1621093001,0,1e930dca,49257290788765703",哈哈哈哈哈哈哈哈哈哈哈
"123.11800,1,25,16777215,1621092923,0,1e930dca,49257250201010183",弟弟真的好宠姐姐
"60.59700,1,25,16777215,1621092799,0,1e930dca,49257184815480839",哈哈哈哈哈哈
"281.66900,1,25,16777215,1621061598,0,62339c48,49240826780844037",....但这集是国超来宣传天乩的啊，结果被截胡变成常驻mc内部组队，让俩飞行嘉宾一组
"198.91600,1,25,16777215,1620755807,0,32fb72f8,49080504383700995",天哪我一直没发现这里姐姐夸了小凯身材好
"35.01100,1,25,16777215,1620733812,0,c4657115,49068972365578243",杨枝＝杨紫，小可爱＝小凯
"209.37600,1,25,16777215,1618719029,0,3b3f924,48012645634146307",应该是又帅
"268.09000,1,25,16777215,1618665881,0,c4f1d5d2,47984780783910919",他真的好乖好认真的在说
"231.61100,1,25,16777215,1618665798,0,c4f1d5d2,47984737475100677",从拍香蜜到香蜜播出前后是姐姐最瘦的时期
"227.41100,1,25,16777215,1618665730,0,c4f1d5d2,47984702130749447",姐姐这时候好瘦
"183.55100,1,25,16777215,1618665668,0,c4f1d5d2,47984669425664003",还挺会编哈哈哈
"52.20100,1,25,16777215,1617527322,0,b56e6afa,47387848147468291",KTV三人组
"183.23600,1,25,16777215,1617368019,0,2fd515ae,47304327370899461",是火
"183.15300,1,25,16777215,1617186833,0,3204a705,47209333848539143",挑战自己就是面对自己的心意就要该出手时就出手哈哈哈
"246.52400,1,25,16777215,1617104528,0,3673446e,47166182667059207",哈哈哈，你看看姐姐在你后面的表情，你就在危险边缘知道吗
"265.25700,1,25,16777215,1617104463,0,3673446e,47166148457791493",弟弟你还是太嫩了
"171.35100,1,25,16777215,1617104369,0,3673446e,47166099233439747",男人的嘴骗人的鬼
"238.93200,1,25,16777215,1617072241,0,869c31c7,47149254767017991",哈哈哈哈 弟弟和姐姐一组胜负欲爆涨
"269.01700,1,25,16777215,1617045883,0,571ffdf2,47135435692965891",哈哈哈哈哈哈哈我一个箭步就下来了
"241.79900,1,25,16777215,1617045844,0,571ffdf2,47135415225810947",他只有和姐姐一组才想赢。哈哈
"190.77100,1,25,16777215,1617045757,0,571ffdf2,47135369307095047",哈哈哈哈哈哈哈哈实在太好笑了这里
"38.97000,1,25,16777215,1617045595,0,571ffdf2,47135284381876231",你怎么老喜欢小可爱。因为她喜欢小凯。嘿嘿
"224.70200,1,25,16777215,1616946382,0,d57b6264,47083268294574087",带着姐姐这个游戏黑洞，弟弟确实很累的（手动狗头）
"264.53200,1,25,16777215,1616485842,0,62339c48,46841812811776007",真的好认真啊哈哈哈，笑死了
"125.33200,1,25,16777215,1616485686,0,62339c48,46841730984050693",哈哈哈哈弟弟还心虚的大喘气
"108.43600,1,25,16777215,1616485640,0,62339c48,46841706862608387",自己手拆宣白cp还倒打一耙
"168.23400,1,25,16777215,1616158966,0,90d24439,46670435563077637",不是活
"260.99500,1,25,16777215,1616120037,0,7967bd77,46650025679257603",笑死了，
"14.19200,1,25,16777215,1615994671,0,b15c3db8,46584297533997063",这大概是我每天的快乐拔
"28.16600,1,25,16777215,1615895633,0,958bb15b,46532373354381317",董子健的表情也很搞笑哈哈哈
"38.88800,1,25,16777215,1615797513,0,789f31d3,46480930121973763",因为  小可爱=小凯
"174.07000,1,25,16777215,1615748078,0,a21ecf6c,46455011902226435",小梳子哈哈哈
"273.97600,1,25,16777215,1615685055,0,afa0a027,46421969789779971",这个求生欲好可爱鸭！！！
"215.40700,1,25,16777215,1615352589,0,bf47af6d,46247661807861767",凯弟弟好乖，每个问题都想回答
"33.67600,1,25,16777215,1615274980,0,e5b2a872,46206972532359171",就是老喜欢小可爱啊，因为念快就很像小凯啊～
"227.29200,1,25,16777215,1615257452,0,3a9c0c0f,46197782663921671",弟弟在姐姐面前的求生欲
"81.44500,1,25,16777215,1615212354,0,da0e59e1,46174138021707783",姐姐都是接他梗，不然尴尬死
"240.27500,1,25,16777215,1615202283,0,ccb7d5be,46168858238648323",因为弟弟和姐姐一组都会很想姐姐赢 所以他会很累哈哈哈
"117.18500,1,25,16777215,1615202098,0,ccb7d5be,46168761341837315",这里弟弟想cue梳头姐弟的梗被姐姐打断了哈哈哈哈
"235.26200,1,25,16777215,1615190945,0,9163f3b6,46162913817264131",这里小凯估计是真心觉得一直要赢所以累
"223.80600,1,25,16777215,1615188544,0,d89107c5,46161654997057541",你都选我，我都选你
"201.57700,1,25,16777215,1615188371,0,1b9923bf,46161564273737735",o你在里面身材又好，下半句是不是又聪明
"114.68400,1,25,16777215,1615179356,0,3e3deb99,46156837757124611",哈哈哈哈
"119.96100,1,25,16777215,1615179018,0,3c2eac37,46156660499546115",我们的梳头姐弟组合
"5.50100,1,25,16777215,1615164356,0,f8bce84f,46148973504233479",66666
"199.14400,1,25,16777215,1615210833,0,a772cf76,46173340967108611",太弱化刘邦了 吐血
"52.71200,1,25,16777215,1615210727,0,a772cf76,46173285128863749",这…肯定是给刘邦干活开心啊
"33.86500,1,25,16777215,1616980839,0,6d2a8c20,47101333762211847",昨天cp赛碰到你了
"111.62600,1,25,16777215,1616279548,0,3a17b0d6,46733655110844421",一圈了，没人踩搞笑
"48.44600,1,25,16777215,1616279469,0,3a17b0d6,46733613681082371",刚什么神仙操作
"57.76300,1,25,16777215,1618066509,0,fadab5f9,47670537653059591",？
"482.50000,1,25,16777215,1616252347,0,d7b5e536,46719394183118855",从标题进来的，划拉到这里，没有标题，再见
