"6.44400,5,25,16707842,1623518938,0,dc49b044,50529180778496003",《钢铁是怎样炼成的》,0
"38.74000,1,25,16777215,1625541879,0,1119490d,51589784114561027",有内味,0
"21.26700,1,25,16777215,1625529647,0,e9170392,51583370940383235",0.75完美复刻,0
"13.98200,1,25,16777215,1625523397,0,cef8a0c,51580094190714885",双氧水,1
"2.49900,1,25,16777215,1625510073,0,e7e8be9d,51573108966424583",哈哈哈哈哈哈哈哈哈哈哈哈哈哈哈,0
"16.87200,1,25,16777215,1625502320,0,94ecc785,51569043889979397",哈哈哈哈神他妈乐爷,0
"21.57900,1,25,16777215,1625499975,0,ffeb0e9f,51567814309838855",领悟到了精髓,0
"66.51600,1,25,16777215,1625495432,0,a11d280f,51565432755191811",哈哈哈哈哈哈哈哈哈哈哈哈,0
"50.92800,1,25,16777215,1625494773,0,57686cc,51565087132483587",0.75  yyds,0
"11.49600,1,25,16777215,1625493875,0,150bf8da,51564616251604995",0.75完美食用,0
"73.23800,1,25,16777215,1625484138,0,47cbe3c0,51559511264067591",1.5被跟rap一样,2
"26.78100,1,25,16777215,1625484083,0,47cbe3c0,51559482415644677",0.75绝活啊，第一次见唱的这么顺滑的,0
"34.74500,1,25,16777215,1625476066,0,4b3671c7,51555279286829189",弹幕护体,3
"6.41600,1,25,16777215,1625460058,0,8f53da16,51546886269566981",有内味了,0
"36.09100,1,25,16777215,1625458784,0,e12973bb,51546218424172549",真的有那味哈哈哈,0
"32.27300,1,25,16777215,1625453343,0,42bfcf67,51543365898993669",0.75完美,0
"85.01900,1,25,16777215,1625423429,0,6955d11d,51527682365063173",好好退退退,0
"20.03300,1,25,16777215,1625395195,0,40bc519,51512879643885575",哈哈~~,0
"55.82200,1,25,16777215,1625394513,0,31014704,51512521930047491",0.75原唱啊 哈哈,0
"35.93900,4,25,14811775,1625389470,0,514349e6,51509878035316739",有那味了,0
"59.45400,1,25,16777215,1625386390,0,7f649a1e,51508263208353799",105°C的老白干,0
"43.19300,1,25,16777215,1625386001,0,448c1bc7,51508059465318407",0.75娃哈哈,0
"26.03200,1,25,16777215,1625385969,0,448c1bc7,51508042788241415",滕老师亲传,0
"12.26400,1,25,16777215,1625385956,0,448c1bc7,51508035546251267",哈哈哈,0
"93.12400,5,25,16707842,1625375643,0,a81279b8,51502628591894533",好听哎,0
"40.94700,5,25,16707842,1625375570,0,a81279b8,51502590486118405",hhh0.75好听,0
"10.32000,1,25,16777215,1625363395,0,7792e106,51496207062663173",0.75哈哈哈哈哈,0
"66.94300,1,25,16777215,1625321983,0,38e79aa5,51474495397953541",0.75属实太绝了,2
"57.63700,1,25,16777215,1625298134,0,27d4e851,51461991643480069",1.25也很嗨呀,0
"60.93400,1,25,16777215,1625293243,0,27b8f93b,51459427590471685",上头上头,0
"19.43200,1,25,16777215,1625283510,0,6a744ad2,51454324732067845",哈哈哈哈！爱！,0
"58.65800,1,25,16777215,1625249604,0,fe18ef8f,51436548020764677",0.75真的是,2
"53.65900,1,25,16777215,1625235781,0,c92b7344,51429300560723975",0.75就离谱,3
"16.81900,1,25,16777215,1625230797,0,137fd854,51426687821283333",真溜税,2
"62.54900,1,25,16777215,1625218246,0,d8055079,51420107267112963",空降00：00,0
"23.76100,1,25,16777215,1625211119,0,5a2bc792,51416370685935619",0.75太绝了,0
"60.49500,1,25,16777215,1625206201,0,e230cb7,51413792098615299",看其他的咳嗽,2
"70.82700,1,25,16777215,1625189039,0,5a2359f9,51404794660651015",哈哈，八月二字味道最正,0
"29.58400,1,25,16777215,1625170552,0,a30dc69f,51395101719527427",111,0
"13.33800,1,25,16777215,1625117433,0,6d4b17a1,51367252467384325",105°？这特么是1500°啊！,2
"40.75900,1,25,16777215,1625109256,0,3f047d33,51362965429420037",真上头,0
"20.19300,1,25,16777215,1625086557,0,76fdd400,51351064466685959",啊哈哈哈哈哈哈哈哈哈,0
"54.17800,1,25,16777215,1625074068,0,bb4bcfd0,51344516476567555",0.75还挺好听,0
"49.79400,1,25,16777215,1625071574,0,fa0739e4,51343209189081093",重水,2
"19.34100,1,25,16777215,1625071536,0,fa0739e4,51343189071101955",还不够沧桑,1
"2.52700,1,25,16777215,1625071510,0,fa0739e4,51343175483654147",心肺骤停,1
"100.78300,1,25,16777215,1625067841,0,5c8d929e,51341251593633799",退钱,2
"84.66200,1,25,16777215,1625067824,0,5c8d929e,51341243162034179",串味,0
"70.99300,1,25,16777215,1625067795,0,4b2684cf,51341227782569991",0.75无敌,0
"61.67900,1,25,16777215,1625063112,0,2bb49606,51338772508835845",哈哈哈哈哈哈哈,0
"94.57500,1,25,16777215,1625058276,0,d6b4e211,51336237197819907",退钱,2
"81.13000,1,25,16777215,1625058258,0,d6b4e211,51336227807297541",？,3
"32.42600,1,25,16777215,1625058193,0,d6b4e211,51336193747976197",0.75上头,2
"77.79100,1,25,15138834,1625051451,0,3ae7b161,51332658818449413",summertime！！ ,0
"12.87900,1,25,16777215,1625037580,0,2fecb62f,51325386268082181",升华,0
"13.91100,1,25,16777215,1625033326,0,e6e40ef,51323156177092615",草,0
"30.08000,1,25,16777215,1625030506,0,7529a9b8,51321677350961157",0.75新世界大门打开哈哈哈哈哈,0
"22.33900,1,25,16777215,1625019160,0,b8f56ce,51315729211850757",有内为了,0
"16.91900,1,25,16777215,1625019146,0,b8f56ce,51315721479651333",有说法有说法,2
"26.69100,1,25,16777215,1625011382,0,e3920be7,51311651217473543",唱完记得来打团,0
"35.56500,1,25,16777215,1624982561,0,7126d759,51296540403695619",有味,0
"54.98900,1,25,16777215,1624974427,0,2ba5b52e,51292275973029893",0.75绝了,0
"84.47100,1,25,16777215,1624968813,0,5a734f05,51289332616003589",别搞0.75,2
"34.19900,1,25,16777215,1624968752,0,5a734f05,51289300584628231",好调（吊）,0
"75.61900,1,25,16777215,1624963032,0,c881f559,51286301866459141",好家伙,0
"27.21900,1,25,16777215,1624942485,0,26c8364e,51275529261154307",105°的河套王酒,0
"91.02000,1,25,16777215,1624941320,0,5f1bdf04,51274918470877189",已经失去了上头，退钱,2
"20.57200,5,25,16776960,1624929028,0,9350ff12,51268473994608647",UP!求个纯净版！！！！！！！！,0
"17.15300,1,25,16777215,1624928980,0,9350ff12,51268448864960517",求个纯净版！！！！！！！！！！！！！！！！！！！！！！！！！！！！！！！,2
"39.54800,1,25,16777215,1624926883,0,4c18fdeb,51267349338652677",0.75牛逼！,0
"36.30800,1,25,16777215,1624918658,0,d8926db4,51263036917284867",钢铁热爱,0
"101.56000,1,25,16777215,1624910758,0,1e4201c3,51258895260188675",。。。。。。。。。 。 。,0
"75.81500,1,25,16777215,1624908775,0,7a99d736,51257855586074691",这串场了,0
"74.34900,1,25,16777215,1624898575,0,f54689fd,51252507620933637",可以试试1.25,0
"39.22700,1,25,16777215,1624897814,0,8e7bd8c2,51252108476284935",0.75,2
"61.37100,1,25,16777215,1624895239,0,c37ee838,51250758554746883",哈哈哈，糊的不能再糊了,0
"7.17100,1,25,16777215,1624894894,0,a36deda9,51250577854169091",0.75腾格尔本人献唱,0
"45.37900,1,25,16777215,1624892756,0,8ae89691,51249456614473731",0.75,2
"13.85900,1,25,16777215,1624884857,0,f8774249,51245315293970435",假发脱了吧,2
"88.53100,1,25,16777215,1624880949,0,9fcb038f,51243266701000707",退钱！,2
"26.22300,1,25,16777215,1624878104,0,6f6bd5e4,51241775148302343",我想到了腾格尔,0
"26.94100,1,25,16777215,1624877627,0,c2ba0fc4,51241524983234565",哈哈哈哈哈哈哈,0
"63.33100,1,25,16777215,1624875463,0,c7b163a9,51240390464897027",0.75倍我在吃饭，差点喷了,1
"20.12100,1,25,16777215,1624866099,0,ae61da26,51235480785125383",卧槽了哈哈哈哈哈,0
"23.59100,1,25,16777215,1624855665,0,66f622bd,51230010721173507",哈哈哈哈哈哈哈哈哈哈哈,0
"83.65900,1,25,16777215,1624853237,0,e4429bef,51228737334149125",退钱,2
"23.28200,1,25,16777215,1624848702,0,8b70c82,51226359832772613",太对了哥,0
"41.82400,1,25,16777215,1624844847,0,f953fbae,51224338695716871",得劲儿,0
"42.82200,1,25,16777215,1624813597,0,14bdc1e3,51207954549440517",哈哈哈哈,0
"40.82400,1,25,16777215,1624806224,0,587a8078,51204089216761859",0.75永远滴神,0
"16.09600,1,25,16777215,1624803079,0,9fdd6c6a,51202440529707013",味儿正,0
"70.68300,1,25,16777215,1624800948,0,543f2e3e,51201323069603845",0.5,2
"55.18800,1,25,16777215,1624794716,0,bc22e4ba,51198055616610307",迷之冯绍峰,0
"56.08600,1,25,16777215,1624790984,0,af05a0dd,51196099019407363",0.75真好,0
"86.82500,1,25,16777215,1624790170,0,ec09466,51195672516362245",退钱！,2
"53.32800,1,25,16777215,1624779635,0,44890819,51190148711841797",逆天,0
"6.38300,1,25,16777215,1624778126,0,cb675e9b,51189357964951557",草,0
"82.16300,1,25,16777215,1624772767,0,70e0234,51186547977879555",WTF,0
"40.37100,1,25,16777215,1624769194,0,561d3e4a,51184674659631107",0.75牛逼,0
"61.86700,1,25,16777215,1624769112,0,110ae523,51184631590944775",1.25,2
"22.19700,1,25,16777215,1624765528,0,bbb7ac34,51182752888782855",0.75,2
"13.99600,1,25,16777215,1624760639,0,75bb9cf3,51180189731782663",哈哈哈哈哈哈哈哈哈,0
"20.87900,1,25,16777215,1624733458,0,abee5b85,51165938845220869",铁水,0
"58.33000,1,25,16777215,1624727279,0,cd6205f7,51162699051565059",0.75更正,2
"74.17400,1,25,16777215,1624722259,0,c0f02085,51160067299344387",1.25,2
"0.01800,1,25,16777215,1624719411,0,d44c7ca9,51158574277066757",盲猜好听,0
"22.81100,1,25,16777215,1624718110,0,ecbafb1c,51157892226088967",0.75绝了,0
"35.26400,1,25,16777215,1624713736,0,f6facaf6,51155599021834247",0.75,2
"96.31400,1,25,16777215,1624712078,0,19971aa1,51154729473409031",你币没了,2
"42.32300,1,25,16777215,1624702784,0,7d7def4,51149856624345093",哈哈哈哈   腾格尔本腾了 哈哈哈哈,0
"39.95700,1,25,16777215,1624699166,0,884b8841,51147959874093063",原地蒸发,3
"5.41900,1,25,16777215,1624691144,0,4d7cf494,51143753980182535",哈哈哈哈哈哈哈哈哈哈哈哈哈哈,0
"69.93600,1,25,16777215,1624684957,0,edd80eb9,51140510510219269",0.75无敌呀,0
"34.04900,1,25,16777215,1624678353,0,2e4327c6,51137047968612357",真的0.75.可可可,0
"34.40700,1,25,16777215,1624670521,0,61c9ad0d,51132941504348163",1.25像,2
"50.95900,1,25,16777215,1624669377,0,ea1efd8f,51132342101082117",味真冲，就是这个味儿,0
"41.51600,1,25,16777215,1624651600,0,297c148a,51123021519257603",0.75非常可以,0
"55.81900,1,25,16777215,1624639455,0,c3f81c53,51116654298923013",好听啊,0
"64.52800,1,25,16777215,1624639075,0,92a41c22,51116455025442819",闷倒驴,2
"63.08400,1,25,16777215,1624639064,0,92a41c22,51116449002422275",闷倒驴？,2
"51.71300,1,25,16777215,1624636588,0,490ed011,51115151128526853",0.75绝了哈哈,0
"33.93900,1,25,16777215,1624635578,0,c449ae3c,51114621610754055",币和赞都没有顶多有个看,2
"10.29900,1,25,16777215,1624633722,0,3ae58cc4,51113648416358403",这歌词烫嘴啊？,2
"49.89800,1,25,15138834,1624628385,0,ba1777,51110850567077891",0.75yyds,0
"52.34800,1,25,16777215,1624625192,0,62a37e9f,51109176480366595",0.75,2
"60.68400,1,25,16777215,1624614759,0,10d7df24,51103706285342727",0.75绝了,0
"9.66600,1,25,16777215,1624611648,0,ffa6d31e,51102075149877253",心肺停止,1
"27.23500,1,25,16777215,1624611212,0,23aeca2d,51101846652583939",0.75nb,2
"55.81300,1,25,16777215,1624609668,0,106e9699,51101037311295495",卡在0.75出不来了,1
"54.41300,1,25,16777215,1624609654,0,106e9699,51101029966020611",卡在0.75,2
"68.71600,1,25,16777215,1624603328,0,5906a414,51097713409785863",冲鼻子,2
"60.39000,1,25,16777215,1624603320,0,5906a414,51097709018873861",就是这味,0
"43.99800,1,25,16777215,1624601348,0,48cf6d46,51096675005497347",2.0配速,0
"23.91800,1,25,16777215,1624601322,0,48cf6d46,51096661786099717",2.0,2
"1.65300,1,25,16777215,1624597903,0,f4119c83,51094868731625539",200万助攻,0
"60.86700,5,25,15138834,1624597170,0,5357f12e,51094484581089351",0.75真的离谱,3
"20.53900,1,25,16777215,1624596694,0,9b8b6aa0,51094235148451847",哈哈哈哈,0
"27.96500,1,25,16777215,1624590986,0,10b0afd7,51091242508877827",又开始对105下手了啊,1
"35.41900,1,25,16777215,1624582680,0,6c391ad4,51086887815217159", 105真烫嘴,1
"32.07200,1,25,15138834,1624582022,0,4681be2d,51086542783381511",盲人歌唱家,1
"41.08600,1,25,16777215,1624581363,0,cd040bc9,51086197313241093",上头,0
"44.06500,1,25,16777215,1624559166,0,3c87c403,51074559882821639",0.75太牛逼了,0
"104.63200,1,25,16777215,1624550988,0,6e77051d,51070272071008263",退钱！,2
"9.35900,1,25,16777215,1624549317,0,f18fb11a,51069396147765253",上头，真的上头,0
"64.97600,1,25,16777215,1624548859,0,95d14699,51069155907469317",0.75你值得拥有,0
"90.91900,1,25,16777215,1624548249,0,127f0b1d,51068836211851269",？？？？,3
"81.29900,1,25,16777215,1624548234,0,127f0b1d,51068828057075715",什么？？？,3
"75.33900,1,25,16777215,1624548222,0,127f0b1d,51068821831155717",？？？,3
"64.97900,1,25,16777215,1624546169,0,73f92b0d,51067745267089413",0.75yyds,0
"88.38300,1,25,16777215,1624537959,0,dee0b656,51063440975855621",？？？？？？？,3
"29.53400,1,25,16777215,1624533532,0,1a7529ef,51061119863750663",0.75太神了,0
"20.19800,1,25,15138834,1624532452,0,bbd469f7,51060553634283523",有内味了,0
"16.31500,1,25,16777215,1624530378,0,30d1d682,51059466505814023",离谱,3
"18.72100,1,25,16777215,1624525918,0,80ae8f5e,51057128269414405",不像,2
"37.13700,1,25,16777215,1624525353,0,cd7d84ee,51056831987974147",0.75,2
"26.51500,1,25,16777215,1624525339,0,cd7d84ee,51056824563007493",0.75镇的号,2
"25.13900,1,25,16777215,1624523829,0,77d896b4,51056032805814275",hhhhhhhhhhh,0
"69.05600,1,25,16777215,1624523807,0,73e1b802,51056021574516739",0.75yyds,0
"2.23000,5,25,16646914,1624521665,0,729a1507,51054898516590599",0.5倍诗朗诵,0
"95.90800,1,25,16777215,1624520950,0,c08ad7dd,51054523420508163",退钱,2
"56.27000,1,25,16777215,1624520896,0,c08ad7dd,51054495208046595",哈哈哈,0
"64.35900,1,25,16777215,1624520670,0,9692d92f,51054376896692227",1.5好棒好棒,0
"29.75900,1,25,16777215,1624515930,0,12a4a042,51051891615334407",0.75笑死哈哈哈哈哈哈哈哈哈,0
"68.50500,1,25,16777215,1624509856,0,2566c0ac,51048707162898437",0.5哈哈哈哈,0
"39.52400,1,25,16777215,1624509818,0,2566c0ac,51048686872952835",0.75绝了,0
"26.33100,1,25,16777215,1624509219,0,2d3cf6a9,51048372820246531",0.75,2
"98.12200,1,25,16777215,1624507864,0,76c79c1b,51047662629158917",毫无违和感！,0
"54.68800,1,25,16777215,1624507395,0,bdb92901,51047416825118723",1。5,0
"58.77700,1,25,16777215,1624507035,0,50e53f06,51047227750088711",0.75 倍 NB,3
"49.49400,1,25,16777215,1624505148,0,67c98377,51046238735302663",0.75绝了,0
"86.43100,1,25,16777215,1624504577,0,853982d0,51045939263569923",？！！！！！！！！！！！！！！！1,3
"31.68800,1,25,16777215,1624503700,0,1d0a08e4,51045479669563397",兄弟们，赶紧0.75,1
"8.13300,1,25,16777215,1624499646,0,f4fa92b3,51043354071269379",0.75再来一遍！,0
"37.06100,1,25,16777215,1624492359,0,b9a5f5ca,51039533698383875",全试了 0.75封神,0
"27.08500,1,25,16777215,1624491984,0,14313408,51039337075703815",乐死我了,0
"13.77900,1,25,16777215,1624489900,0,b4392a54,51038244185833479",厉害,0
"13.24800,1,25,16777215,1624469609,0,8e802870,51027606040477703",乐言,0
"33.17900,1,25,16777215,1624463953,0,7962310c,51024640557449219",别往我嘴里喂草了,2
"57.85100,1,25,16777215,1624462020,0,d9da2a28,51023627152261123",0.75，绝活,0
"30.90000,1,25,16777215,1624461921,0,1f98da0a,51023575495213061",哈哈哈，好模仿,0
"56.69300,1,25,16777215,1624457084,0,518341fd,51021039454912519",0.75牛批,2
"63.28900,1,25,16777215,1624449202,0,7fd53cd9,51016906841784323",0.75倍 xdm,2
"51.86800,5,25,16646914,1624442652,0,fba6aa8d,51013472826163203",0.75上头,2
"58.06300,1,25,16777215,1624440617,0,6191d60f,51012405979774983",0.75绝绝子,0
"62.67200,1,25,16777215,1624439072,0,aba1dfec,51011595832655877",0.75 再来亿遍,0
"59.55500,1,25,16777215,1624435755,0,d80feed8,51009856687570949",0.75真的很像,2
"21.72700,5,25,16646914,1624435535,0,4309a2e3,51009741203701763",0.75倍建议使用,0
"52.73500,1,25,16777215,1624427590,0,323b6439,51005575736590341",0.75 yyds,0
"20.61900,1,25,16777215,1624424202,0,5728524e,51003799429971973",工业革命,0
"84.05600,1,25,16777215,1624423757,0,43aa486f,51003566200979459",？,3
"49.80500,1,25,16777215,1624423711,0,43aa486f,51003542224764933",0.75,2
"103.69900,1,25,16777215,1624421129,0,10b6adb1,51002188675153923",热带风味,0
"36.81900,1,25,16777215,1624420323,0,a57dbb2a,51001765914476549",666,0
"48.74400,1,25,16777215,1624420077,0,a7eaaf34,51001636804886533",0.75回不去了,1
"85.52100,1,25,16777215,1624419318,0,b798dfec,51001239174381575",好像吴克群啊,0
"97.83800,1,25,16777215,1624417132,0,3c47fe27,51000093181476871",好听啊,0
"54.54600,1,25,16777215,1624416966,0,2bbd0497,51000005637963781",0.75yyds,0
"69.63100,5,25,104601,1624411626,0,46b39314,50997206136651779",哈哈哈哈哈哈哈哈哈哈哈哈哈哈哈哈哈哈哈,0
"14.49600,1,25,16777215,1624410398,0,3cd7444b,50996562115952645",0.75最强,3
"59.83800,1,25,16777215,1624403566,0,b33531e6,50992980649050117",0.75绝了,0
"32.11400,1,25,16777215,1624382501,0,7674fca9,50981936106569731",味太冲,0
"88.62600,1,25,16777215,1624378978,0,83d51953,50980089187794951",卧槽,2
"17.88000,1,25,16777215,1624378900,0,83d51953,50980048263446533",？,3
"67.76900,1,25,16777215,1624376698,0,fbba11d3,50978893656489989",闷倒驴,2
"12.11600,1,25,16777215,1624375974,0,14ff9fe8,50978514168446981",105度的伏特加吧=。=,1
"65.55200,1,25,16777215,1624375820,0,1317fd99,50978433552351237",0.75妙极了,0
"88.18300,1,25,16777215,1624375647,0,1845c5a3,50978342901383173",退钱！,2
"84.89500,1,25,16777215,1624371137,0,1f0287fc,50975978247159815",绝了绝了,0
"31.84300,1,25,16777215,1624365110,0,96d25aa1,50972818575720451",0.75味儿太冲,2
"6.01300,1,25,16777215,1624361774,0,b9565992,50971069513203719",又要转圈儿啦,0
"36.14500,1,25,16777215,1624358710,0,1d5d8a4,50969463033954311",哈哈哈哈哈哈,0
"19.97800,1,25,16777215,1624358618,0,43c270ea,50969414505857027",0.75没毛病,2
"28.99000,1,25,16777215,1624357529,0,b7cb3bf8,50968843970936839",通便了,0
"69.16100,1,25,16777215,1624356424,0,e5f24e1b,50968264288239623",0.75牛逼,0
"65.68400,1,25,16777215,1624355223,0,a5f1274,50967634777735173",0·75,2
"80.07500,1,25,16777215,1624352074,0,f8f68b85,50965984000868359",绝绝子,0
"20.50900,1,25,16777215,1624351823,0,5883c091,50965852102590469",蒸馏酒吧,0
"32.67700,1,25,16777215,1624351112,0,1d6cc1f0,50965479503691779",哈哈哈哈哈哈哈,0
"25.00200,1,25,16777215,1624349139,0,5390f931,50964445036281863",0.75,2
"14.40200,1,25,16777215,1624347486,0,ad5428fe,50963578561757187",075绝了,0
"65.71200,1,25,16777215,1624343182,0,2658e1f,50961321905094661",0.75！！！,2
"32.52500,1,25,16777215,1624338087,0,34c11f6c,50958650781990917",0.75上头,2
"4.67900,1,25,15138834,1624338009,0,8e57d8aa,50958609490116613",大头哥哥yyds，腾格尔老师yyds,0
"35.06700,1,25,16777215,1624338007,0,50e53f06,50958608791764997",哈哈哈哈哈,0
"19.75300,1,25,16777215,1624337794,0,e62a2fe9,50958497147256835",0.75万能,0
"54.89300,1,25,16777215,1624328873,0,ea58d87a,50953819812528133",0.75要死了,3
"49.27900,1,25,15138834,1624328135,0,bb1863e2,50953433030590471",一万五千度涮羊肉,0
"79.90700,1,25,16777215,1624326592,0,d0734f9b,50952623811985415",？？？,3
"23.26600,1,25,16777215,1624325967,0,76c7bcc1,50952296054915079",增留水,2
"35.49200,1,25,16777215,1624317238,0,31c8770a,50947719859011589",0.75无敌了,0
"92.44600,1,25,16777215,1624298006,0,8e99efcd,50937636497391621",你对得起我们吗 退钱,2
"39.28800,1,25,16777215,1624292878,0,28d40230,50934947988373511",0.75绝了哈哈哈哈哈,0
"18.49500,1,25,16777215,1624290350,0,9cdb1dfb,50933622581493763",1.25yyds,0
"25.99000,1,25,16777215,1624289349,0,29f1d0a5,50933098015096835",岩浆吗！ 哈哈哈,0
"69.95200,1,25,16777215,1624286158,0,78297164,50931425060847619",0.75牛哇牛哇,0
"24.78600,5,25,16777215,1624286014,0,8cf22807,50931349140275203",0.75.。。。。,2
"70.45900,1,25,16777215,1624284547,0,31e23f67,50930579943718919",不同倍速弹幕不一样？,2
"47.47600,1,25,16777215,1624284507,0,31e23f67,50930559263703107",0.75在骗我？,2
"73.30300,1,25,16777215,1624284200,0,1a2c4266,50930398314627077",串味了,0
"20.33100,1,25,16777215,1624282964,0,74119f94,50929750476062727",这是1050度吧,3
"52.93500,1,25,16777215,1624282031,0,5b9005cc,50929261094633479",0.75天呐,1
"63.68000,1,25,16777215,1624279973,0,24a6cbe6,50928182047014915",0.5倍新世界,0
"36.02000,1,25,16777215,1624276105,0,6706950f,50926153928540163",很安息很安息,1
"37.99600,1,25,16777215,1624273059,0,61d06ad7,50924557419151365",0.75完美,0
"26.47000,1,25,16777215,1624272695,0,300cedf8,50924366159937543",为什么不笑场哈哈哈,0
"44.60900,1,25,16777215,1624269253,0,c4d96193,50922561751482373",0.75真实,0
"47.31500,1,25,16777215,1624266371,0,a5c0ef3b,50921050591985667",075的魔鬼们,0
"40.89300,1,25,16777215,1624262575,0,c69cf722,50919060523188231",0.75真的NB,2
"47.42500,1,25,16777215,1624259780,0,5eae9d05,50917595406663687",0.75 yyds,0
"62.18300,1,25,16777215,1624259603,0,75a2e352,50917502123245575",0.75yyds,0
"40.76200,1,25,16777215,1624255461,0,6bc5c4d7,50915330948071431",0.75太牛了,0
"12.58300,1,25,16777215,1624253998,0,269e1628,50914563652059141",好活,0
"58.20600,1,25,16777215,1624251487,0,6c58274d,50913246960943111",75诚不欺我,0
"7.87900,4,25,16707842,1624250994,0,9ebd36ae,50912988787900421",哈哈哈哈哈哈，质壁分离,0
"14.98600,1,25,15138834,1624249451,0,5665a6de,50912179787923461",0.75yyds,0
"49.58300,1,25,16777215,1624248123,0,fccdfa55,50911483300675587",0.75！,3
"59.55900,1,25,16777215,1624238649,0,a04b74ea,50906516504969221",我仿佛喝到了闷倒驴,1
"12.95300,1,25,16777215,1624235895,0,f3758323,50905072289710087",好像mc石头…………,1
"18.42400,1,25,16777215,1624212388,0,c294fe46,50892748363399173",哈哈哈哈哈哈哈,0
"32.73800,1,25,16777215,1624211681,0,4c7f547d,50892377228836867",0.75,2
"4.50000,1,25,16777215,1624207149,0,3e6b21b4,50890001413046277",腾大爷在来的路上了 估计下一个晚会就唱它了 安排上！,0
"2.89900,1,25,16777215,1624206526,0,5c5d08aa,50889674948345859",空降成功,0
"78.95200,1,25,16777215,1624201796,0,38c7dbbc,50887194616791047",？,3
"54.78800,1,25,16777215,1624199356,0,78d7c150,50885915306885125",1.5真的绝了,0
"20.85400,1,25,16777215,1624198736,0,fafedda9,50885590632103943",他来了 他扛着腾格尔走来了,0
"55.78600,1,25,15138834,1624197692,0,50a3756,50885043413319683",0.75倍速真绝了,0
"16.76900,1,25,16777215,1624193143,0,3c40d9a8,50882658294038533",0.75六六,0
"80.84100,5,25,16646914,1624192128,0,a9381f2,50882126004879363",0.75倍绝了,0
"90.40200,1,25,16777215,1624184556,0,a18060d7,50878156109774853",不像,2
"38.78400,5,25,16777215,1624184461,0,5341559b,50878106554073093",一顿几个腾格尔啊？,2
"75.46000,1,25,16777215,1624183964,0,cb318b8b,50877845775319043",？？？？,3
"105.84900,1,25,16777215,1624183139,0,67106668,50877413296439303",差评，夹藏私货,2
"62.29700,1,25,16777215,1624179437,0,910157c5,50875472513859587",开二倍速要笑死。,0
"34.49100,1,25,16777215,1624176671,0,4f66b081,50874022007668741",0.75 nb,2
"25.45400,1,25,16777215,1624176152,0,b4c6fc6c,50873749994995783",0.75哈哈哈哈哈哈,0
"29.90100,1,25,16777215,1624170984,0,dfab8bbd,50871040488243207",1.25 yyds,2
"95.92100,1,25,16777215,1624170246,0,6c5d742e,50870653727801351",好听,0
"61.17900,1,25,16777215,1624169636,0,58bae481,50870333777903621",太阳:我允许你进到我里面,0
"50.53300,1,25,16777215,1624169292,0,db4ec98a,50870153397665795",0.75诚不欺我,0
"40.63200,1,25,16777215,1624167973,0,dfab8bbd,50869461825093639",入了0.7的坑,1
"27.66100,1,25,16777215,1624162225,0,331b56fa,50866448156852229",真的绝了,0
"27.41100,1,25,16777215,1624160426,0,c1897250,50865504825376773",0.75的我谢谢你们,0
"21.63100,1,25,16777215,1624156117,0,d46615d8,50863246049542149",钢水,0
"32.28900,5,25,38979,1624155458,0,83f9da85,50862900310966279",嗨 老头,0
"8.93900,1,25,16777215,1624155079,0,d2983e60,50862701856948227",。。。。。,0
"53.11800,1,25,16777215,1624153017,0,7bf521cb,50861620692254723",0.75yyds,0
"55.11500,1,25,16777215,1624149541,0,20e70127,50859798063218695",0.75yyds,0
"6.88200,1,25,16777215,1624127217,0,d40f93ee,50848093896704003",哈哈哈哈哈哈哈哈哈哈哈,0
"82.86900,1,25,16777215,1624124090,0,bfdc8828,50846454716039173",梦幻联动,0
"10.55200,1,25,16777215,1624124018,0,bfdc8828,50846416810016771",哈哈哈哈哈哈哈,0
"6.56700,1,25,16777215,1624122572,0,62bf5bf4,50845658437386243",0.75无敌,0
"40.73300,1,25,16777215,1624119499,0,74dbed24,50844047531048967",哈哈哈哈哈,0
"84.24600,1,25,16777215,1624116713,0,dbf1f69c,50842586667024387",退钱,2
"38.77100,1,25,16777215,1624116363,0,16d66329,50842403318792195",0.75 yyds,0
"28.45600,1,25,16777215,1624116118,0,6128d290,50842275056451589",0.75太顶了,0
"65.94700,1,25,16777215,1624115189,0,2ad7050b,50841787882799111",两倍速新世界,0
"43.98800,1,25,16777215,1624115159,0,2ad7050b,50841772071845891",两倍速新世界,0
"22.05600,1,25,16777215,1624113340,0,7a6ba8df,50840818535628805",哈哈哈哈哈哈笑死了這個,0
"23.89200,1,25,16777215,1624110378,0,fd45b4fc,50839265259552771",白嫖失败,2
"54.80200,4,18,9599289,1624110053,0,7fdbe1b8,50839094957178887",0.75倍，相信我。,0
"62.29300,1,25,16777215,1624106401,0,95321058,50837180555198469",0.75,2
"51.04400,1,25,16777215,1624106116,0,ab9ffd3,50837030814875651",神了0•75,0
"0.01100,1,25,16777215,1624104134,0,47313dcd,50835991773052935",0.75倍发现新世界,0
"54.37100,1,25,16777215,1624104074,0,13d7df3,50835960129650693",0.75yyds,0
"5.76800,1,25,16777215,1624103070,0,d9e858f2,50835433823666179",？？？？？,3
"25.37200,1,25,16777215,1624102654,0,3af00faa,50835215791685639",0.75真是上头,0
"17.46900,1,25,16777215,1624102536,0,4abbd3c7,50835154266488835",0.75,2
"69.95500,1,25,16777215,1624099342,0,f6f4d98a,50833479521796099",闷倒驴,2
"77.08000,1,25,16777215,1624098115,0,4652f953,50832836382425091",0.75永远的的神,0
"24.82500,1,25,16777215,1624098046,0,4652f953,50832799851610117",0.75,2
"56.44700,4,25,16707842,1624095142,0,79209e1c,50831277487554565",0.75倍全场最佳,0
"6.35900,5,25,16707842,1624095108,0,deb846e9,50831259805417479",1.25倍速刚刚好,0
"32.57100,1,25,16777215,1624092757,0,b6030174,50830026860396549",说了开水烫嘴你不听,2
"67.02100,1,25,16777215,1624092260,0,c58dc11b,50829766416662535",0.75绝,0
"57.56000,1,25,16777215,1624092222,0,6626424a,50829746725453829",1.25,2
"54.37100,5,25,15138834,1624090829,0,f8d5bdbe,50829016238129155",1.5倍不香吗,2
"96.07900,1,25,16777215,1624087059,0,dac20d01,50827039378243589",退钱,2
"55.79600,1,25,16777215,1624085951,0,b7681133,50826458851966979",0.75yyds,0
"39.35400,1,25,16777215,1624085929,0,b7681133,50826447324971013",绝活,0
"40.64400,1,25,16777215,1624083426,0,489b480,50825134891597831",0.75 yyds,0
"65.71600,1,25,14811775,1624080683,0,56252398,50823696731865091",听我的，2倍速yyds！！！！,0
"24.39600,1,25,16777215,1624080591,0,bbf9e7bf,50823648506806275",哈哈哈哈哈哈哈哈,0
"22.27000,1,25,16777215,1624079328,0,958df0ef,50822986259759111",0.75倍速绝了，,0
"10.72600,1,25,16777215,1624072890,0,71ea517f,50819611095465989",0.75倍有毒,2
"30.91600,1,25,16777215,1624069311,0,61dc30ab,50817734468435975",0.75牛逼！,0
"43.15400,1,25,16777215,1624063650,0,8ba4c721,50814766409580549",喝出敬酒的味道，干,0
"68.53900,1,25,16777215,1624063169,0,74ff1749,50814514305695749",。,3
"84.94300,1,25,16777215,1624061329,0,dd62f726,50813549683933191",空降00：00,0
"58.84300,1,25,16777215,1624061303,0,dd62f726,50813536031473671",空降00：00,0
"39.89400,1,25,16707842,1624056649,0,4dedb59e,50811095940071427",0.75笑了,0
"91.83600,1,25,16777215,1624056047,0,187ae33c,50810780428795911",？？？？,3
"9.63000,1,25,16777215,1624055360,0,e420cb0c,50810420222492679",1.25可以,2
"56.40400,1,25,16777215,1624052919,0,c3deacbc,50809140679278599",.75好评！,0
"7.48000,1,25,16777215,1624032744,0,4394d1a7,50798562903588871",该来的总会来,0
"4.66900,1,25,16777215,1624031967,0,f13fcbbc,50798155529191429",他还是来了,3
"93.42100,1,25,16777215,1624031912,0,72b95bad,50798126542880773",？？？？,3
"77.18900,1,25,16777215,1624031896,0,72b95bad,50798118136446979",？？？,3
"48.47200,1,25,16777215,1624028128,0,d1e910cf,50796142825832453",怪好听的,0
"61.05900,1,25,16707842,1624027499,0,ea3604c1,50795812919705603",0.75yyds,0
"58.04200,1,25,16777215,1624026637,0,3f241453,50795360900087813",0.75新世界,0
"95.03500,1,25,16777215,1624023082,0,c31304d0,50793497122308101",日语太减分了,2
"25.95700,1,25,16777215,1624022193,0,b157af4,50793031184416771",有内味了,0
"43.64000,1,25,16777215,1624021470,0,eed8a429,50792652072812549",煮沸后冷凝水,0
"39.62000,1,25,16777215,1624021417,0,7140d677,50792624504176647",0.75,2
"22.59300,1,25,16777215,1624021182,0,d641cd02,50792500860813315",离天下之大普,3
"18.12300,5,25,16707842,1624017029,0,c2a13b15,50790323464437767",0.75倍建议使用,0
"59.90500,1,25,16777215,1624016992,0,5d72d832,50790304327401479",歌词烫嘴,2
"91.91700,1,25,16777215,1624014942,0,76ce2ecc,50789229723648003",？？？,3
"98.50600,1,25,16777215,1624014864,0,d7a286c7,50789188820271111",？？？,3
"44.73700,1,25,16777215,1624014811,0,d7a286c7,50789160614100995",哈哈哈哈哈,0
"16.65900,1,25,16777215,1624008410,0,4c8a4617,50785805008896007",工业蒸馏水,2
"26.07200,1,25,16777215,1624006312,0,c9a7d28,50784705212055559",0.75倍YYDS,0
"16.70100,1,25,16777215,1624006291,0,c9a7d28,50784693890580487",0.75倍,3
"36.04100,1,25,16777215,1624004646,0,6b88eedf,50783831228678147",哈哈哈哈哈你,0
"50.72800,1,25,16777215,1624001388,0,63e70e91,50782123103617031",0.75,2
"100.10500,1,25,16777215,1623999972,0,af322236,50781380978671621",夹带私货,2
"21.13900,1,25,16777215,1623996309,0,fa52785f,50779460507009027",害怕哈哈哈哈哈哈哈哈哈哈哈哈哈哈哈哈哈哈哈,0
"8.25400,1,25,16777215,1623995211,0,8d8593f0,50778884524736519",什么鬼,3
"81.43700,1,25,16777215,1623993656,0,ecb6c495,50778069477097477",？？？,3
"73.39900,1,25,16777215,1623991949,0,e692f88c,50777174790111237",我想知道如果左小祖咒唱会怎样,0
"37.99900,1,25,16777215,1623990632,0,c892fbe0,50776484316971011",就是好瘦，没内味，建议up主多吃点,0
"33.58300,1,25,16777215,1623988407,0,b557be41,50775317443772421",0.75是真的牛,0
"57.99700,1,25,16777215,1623986264,0,894a72e,50774194034573317",0.75yyds,0
"0.08900,1,25,15138834,1623984312,0,86420f75,50773170574589955",前方提示: 0.75食用,2
"62.93300,1,25,16777215,1623982169,0,e20697ff,50772047064203267",0.75,2
"63.88000,1,25,16777215,1623981193,0,6706950f,50771535192915971",有大爷那味了~哈哈哈哈哈哈哈哈哈哈哈哈哈哈哈哈哈哈哈哈哈哈哈哈,0
"41.65100,1,25,16777215,1623981170,0,6706950f,50771523535896579",直接火化了，推进去了推进去了~,0
"89.17400,1,25,16777215,1623980146,0,81aad8de,50770986301652997",退钱,2
"56.27600,1,25,16777215,1623977030,0,6777e57,50769352911749123",好家伙 0 75才是原版吧,0
"13.47900,1,25,16777215,1623972348,0,8324b490,50766898052202501",腾格尔:怎么我坐着都出歌了啊？（dog）,0
"36.03000,1,25,16777215,1623963020,0,ca0936f3,50762007561895943",0.75，1.25，1.5。请叫我红领巾,0
"1.32800,1,25,16777215,1623962824,0,ca0936f3,50761904583344131",你们好会玩0.75,0
"31.59000,1,25,15138834,1623953480,0,8815ca35,50757005512015875",这喝的岩浆水吧,2
"65.56800,1,25,16777215,1623950173,0,adb11e3a,50755271764475907",0.75牛逼啊,0
"17.61900,1,25,16777215,1623949049,0,71a970b3,50754682387169287",哈哈哈哈哈,0
"59.42600,1,25,16777215,1623947364,0,84ac5846,50753799163215877",0.75有内味了,0
"32.11900,1,25,16777215,1623944309,0,a0bd5ba7,50752197700878341",0.75牛逼,0
"53.11100,1,25,16777215,1623938535,0,48cc8d7c,50749170493423619",谁发现0.75的。笑死我了,0
"0.87900,5,25,16707842,1623938143,0,52824c78,50748964874485767",《钢铁是怎样炼成的》,0
"39.09000,1,25,16777215,1623936640,0,3010843f,50748176802512901",0.75  666,0
"6.33400,5,25,6830715,1623935707,0,72c23a48,50747687350304771",原地中毒,2
"45.64000,1,25,16777215,1623935422,0,4af9cb6a,50747538291556359",0.75yyds,0
"100.35000,1,25,16777215,1623935414,0,4f5fe81,50747534110883847",退钱！,2
"6.92000,1,25,16777215,1623935395,0,4af9cb6a,50747524131586051",徐凤年：好活当赏,0
"47.09900,1,25,16777215,1623932472,0,a43fab6d,50745991474184195",热爱岩浆的你,0
"61.19000,1,25,15138834,1623930092,0,9539f0bb,50744743787233287",哈哈哈笑死我了,0
"18.58700,1,25,15772458,1623926621,0,8feb03cc,50742923880300547",听着感觉是跌骨折了,1
"49.87800,1,25,15138834,1623919493,0,2db248c2,50739186692521991",撅了撅了撅了,0
"80.94400,1,25,16777215,1623918938,0,209d67ce,50738895777693703",？？？,3
"0.93500,1,25,16777215,1623911823,0,da0e7af2,50735165570809861",1.25放心食用,0
"82.37200,1,25,16777215,1623908000,0,56d213f9,50733161303769095",毫无违和感！,0
"15.56700,1,25,16777215,1623907897,0,56d213f9,50733106989105157",笑死哈哈哈哈哈哈哈好上头,0
"96.91600,5,25,16707842,1623906837,0,334dda30,50732551358644227",喝地沟油～狐狸滚开～～～,0
"18.62300,1,25,16777215,1623906301,0,5c4544df,50732270405812227",好家伙，这是炼钢炉,0
"25.37100,1,25,16777215,1623893914,0,1e6316e4,50725776274227203",0.75永远的神,0
"86.69900,1,25,16777215,1623889176,0,5bbfdfc4,50723292094398467",瞬间冷却，淬火呢？,3
"40.90500,1,25,16777215,1623867129,0,285de8cb,50711732691664903",0.75绝绝子,0
"13.71800,1,25,16777215,1623862973,0,2f96a37,50709554232557571",滴滴炽热的钢水～,0
"75.33400,1,25,16777215,1623862581,0,13b6b83,50709348319494147",草,0
"33.93900,1,25,16777215,1623862353,0,8bc7e13,50709228911853573",有内味了,0
"81.79700,5,25,15138834,1623859627,0,f26197b5,50707799989551111",退钱！,2
"13.54200,5,25,15138834,1623859534,0,f26197b5,50707750952894467",0.75无敌,0
"9.34100,1,25,16777215,1623858998,0,10dc706d,50707470038859783",233333,0
"28.29900,1,25,16777215,1623858752,0,6582535b,50707340779323397",听的我心脏一下一下的,1
"25.91800,1,25,16777215,1623858433,0,934c712d,50707173696077829",憋夸了,0
"23.61400,1,25,16777215,1623858417,0,934c712d,50707165121871879",有内味,0
"82.72700,1,25,16777215,1623857973,0,580f969e,50706932539850755",退钱,2
"50.76100,5,25,16776960,1623857357,0,65b032c1,50706609645551621",跪了跪了,1
"14.45900,1,25,16777215,1623856539,0,d2a83221,50706180860805127",有那味了,0
"88.39500,1,25,16777215,1623856133,0,137f8561,50705967944302595",退烧！！,0
"76.98100,1,25,16777215,1623856122,0,137f8561,50705962033479685",？？？？,3
"27.47200,5,25,15138834,1623855882,0,727c9d85,50705836104744965",0.75卡痰了,1
"64.21400,1,25,16777215,1623854865,0,5a7e467,50705303310172163",1.5倍也不错,0
"99.47200,1,25,16777215,1623854282,0,2536b52a,50704997268586501",我们厂里一般喝除盐水,1
"43.51300,1,25,16777215,1623853793,0,7a6ae54e,50704741024399365",0.75哈哈哈哈哈哈哈，直接裂开,0
"13.90700,1,25,16777215,1623852086,0,69e5d2a6,50703845878136837",0.75哈哈哈哈哈哈哈,0
"21.03800,1,25,16777215,1623852046,0,473d0910,50703824974249989",0.75 哈哈哈哈哈,0
"10.16500,1,25,16777215,1623852033,0,473d0910,50703818504536067",？,3
"13.60600,1,25,16777215,1623851745,0,bda84d04,50703667283099655",0.75完美！,0
"37.04700,1,25,16777215,1623851477,0,b94a85d0,50703526680592389",0.75可太草了,2
"24.62600,1,25,16777215,1623850331,0,53927df7,50702925798834179",鸡皮疙瘩都起来了,3
"42.55300,1,25,16777215,1623850291,0,4b28a12f,50702904986173443",0.75太传神了,0
"83.86100,1,25,16777215,1623850046,0,1c26ec53,50702776482136069",退钱,2
"72.00900,1,25,16777215,1623850028,0,1c26ec53,50702766947434499",突然串味儿了,0
"79.44100,1,25,16777215,1623850006,0,1c26ec53,50702755652698115",串味儿了,0
"77.26900,1,25,16777215,1623849997,0,1c26ec53,50702750707089411",？,3
"59.87400,1,25,16777215,1623849950,0,e21ebcf8,50702726395330563",0.75,2
"44.74900,1,25,16777215,1623848932,0,89711b3e,50702192665427971",。,3
"27.11400,1,25,16777215,1623848634,0,38fe6f2b,50702036106215493",XSWL,0
"40.03100,1,25,16777215,1623846878,0,51290db3,50701115826110471",滕大爷  请你不要配音,2
"33.49100,1,25,16777215,1623846869,0,932e72bc,50701110639329287",替身？,2
"79.65200,1,25,16777215,1623843872,0,41c05479,50699539508625411",???,3
"8.30500,1,25,16777215,1623842170,0,5b6bdf56,50698647127457795",热爱15000度的你 滴滴圣洁的黄河水,0
"30.93500,1,25,16777215,1623841380,0,ad592ff5,50698233174294533",蒸榴弹水,0
"53.40200,1,25,16777215,1623837667,0,daea591e,50696286359781443",了不得,0
"30.22800,1,25,16777215,1623837565,0,e0285c9a,50696232882929671",0.75,2
"10.40300,1,25,16777215,1623837521,0,e0285c9a,50696210066440199",66666666,0
"32.44500,1,25,16777215,1623835710,0,90671c00,50695260550987783",0,2
"51.01100,1,25,16777215,1623835544,0,8d6cada8,50695173483003911",0.75妙啊,0
"87.07200,1,25,16777215,1623829649,0,2aa86b24,50692082629083143",？？？？？,3
"10.40700,1,25,16777215,1623829198,0,1d4ba8d3,50691846395396103",0.75好家伙,0
"28.15000,1,25,16777215,1623828743,0,135adb36,50691607708041221",0.75好上头,0
"38.87400,1,25,16777215,1623824351,0,c1178f4e,50689305012076551",水都干了,1
"0.00000,1,25,16777215,1623818496,0,887d553c,50686235194163207",开幕雷击,0
"21.61700,1,25,16777215,1623816075,0,1fc49989,50684965907070983",比阿肆唱的好,0
"50.97900,1,25,16777215,1623815069,0,b038b754,50684438372679683",手势学会了,0
"57.94000,1,25,16777215,1623814847,0,e4b2f472,50684322253373445",0.75,2
"53.17900,1,25,16777215,1623814606,0,e3ce40d8,50684195891576835",0.75NB,1
"34.42300,1,25,16707842,1623812196,0,581abb16,50682932046594053",0.75倍！！！！！！！！！,3
"0.46400,5,25,16646914,1623811359,0,a4c667ca,50682493215965191",0.75  哈哈哈,0
"35.89100,1,25,16777215,1623807676,0,8e2be63,50680562463014919",哈哈哈哈哈,0
"76.96800,1,25,16777215,1623806004,0,4173af77,50679686065291267",？？？,3
"101.69900,1,25,16777215,1623803841,0,a3bb0789,50678551881973763",？？,3
"27.41900,1,25,16777215,1623803003,0,a02e621c,50678112418004995",玩吧阿修罗吧,0
"41.53200,1,25,16777215,1623789112,0,a400aea1,50670829672857603",火烧死人了,1
"16.31800,1,25,16777215,1623784749,0,9d4e0cc1,50668542025531395",哈哈哈哈,0
"68.34500,1,25,16777215,1623777360,0,b5e8e2b4,50664668285370373",0.75速度下yyds,2
"63.60200,1,25,16777215,1623775678,0,e86a9b47,50663786305552387",这是铁水,0
"85.13900,1,25,16777215,1623775106,0,94b9d99a,50663486273355781",退钱,2
"14.29200,1,25,16777215,1623774689,0,a0813d6a,50663267751690247",0.75没毛病,2
"54.89500,5,25,38979,1623774087,0,7543953,50662952032796675",伏  特  加,0
"62.94300,5,25,6830715,1623774020,0,5b84bed,50662916864081927",强推0.75,0
"64.40300,1,25,16777215,1623773637,0,1a9eb594,50662716214870023",大头哥,0
"29.03900,1,25,16777215,1623771504,0,a1325fce,50661597715103751",请把腾格尔老师吐出来,2
"1.12100,5,25,16776960,1623770508,0,385fb687,50661075859800069",0.75X 热爱105°的草原白,0
"12.17800,1,25,16777215,1623770489,0,8b7abf72,50661065688088579",这不是蒸馏水这是滚烫岩浆,2
"40.92600,1,25,16777215,1623769272,0,7807705b,50660427472306183",0.75 yyds,0
"46.63600,1,25,16646914,1623769168,0,4b154a08,50660373119369219",我竟跟着摇了起来！！！,3
"24.22200,1,25,16777215,1623767812,0,1bb163b6,50659662451179525",0.75牛批,2
"79.73300,1,25,16777215,1623765138,0,e7044504,50658260198359043",！！！,0
"32.52900,1,25,16777215,1623763878,0,a205729f,50657599802572805",杨坤哭了,1
"19.02900,1,25,16777215,1623763865,0,a205729f,50657592681693187",是杨坤,0
"71.10600,1,25,16777215,1623763792,0,f7338dd2,50657554835963907",0.75真的还可以,0
"59.65800,1,25,16777215,1623763761,0,d2d3cb58,50657538524839939",0.75绝了,0
"29.05900,1,25,9487136,1623763421,0,4cd6174d,50657359945531397",得劲儿！！！！,0
"8.80000,1,25,16777215,1623762221,0,4535f2af,50656730706608135",0.75 nYYDS,1
"59.74900,1,25,16777215,1623762010,0,c95b1ee6,50656620178309125",0.75yyds,0
"85.20500,1,25,16777215,1623761267,0,fadfd7ba,50656230858817541",退钱,2
"78.60100,1,25,16777215,1623761253,0,2396bd55,50656223510396933",？？？？？,3
"4.49900,1,25,16777215,1623759851,0,fbd5b1a5,50655488329646085",哈哈哈哈,0
"34.36300,1,25,16777215,1623759640,0,ba2d7b5b,50655377609981955",0.75nb,2
"31.77100,1,25,16777215,1623759375,0,26dd491e,50655238663700487",很安息,1
"27.30800,1,25,16777215,1623759371,0,6d893647,50655236498391047",0.75苔草了,3
"42.11100,1,25,16777215,1623759238,0,4281eff6,50655167215828997",0.75确实有那味了,2
"67.98700,1,25,16777215,1623758912,0,216f1c0f,50654996286406661",针硫水,2
"20.39000,1,25,16777215,1623758734,0,a06c4268,50654902654861319",0.75太cao了,3
"5.97900,1,25,16777215,1623757939,0,846bb7c,50654486150512643",wok,3
"75.62000,1,25,16777215,1623757936,0,cc1d0f28,50654484204355587",？？？？？？？？？？？,3
"92.83000,1,25,16777215,1623757150,0,ddf7e0c7,50654072422793221",r'n'm退钱,2
"32.87400,1,25,16777215,1623756754,0,efef9b71,50653864900689925",火山熔岩,3
"23.60400,5,25,15138834,1623756366,0,5cec721d,50653661006659587",0.75哈哈哈哈哈,0
"26.51900,1,25,16777215,1623756257,0,c95b1ee6,50653604340563971",0.75真的相信我,0
"49.34000,1,25,16777215,1623756067,0,c95b1ee6,50653504665026567",0.75YYDS,1
"0.17900,1,25,16777215,1623755442,0,43006f26,50653176858148869",韩寒！,0
"43.81300,1,25,16777215,1623753783,0,ec3670bc,50652306779144197",气息跟腾格尔差点 不过有内味儿了,0
"80.11900,1,25,16777215,1623753662,0,bc4c50d,50652243790659589",退钱,2
"54.47900,1,25,16777215,1623753541,0,e93d893a,50652180072366083",太够味了！,0
"2.66700,1,25,16777215,1623753538,0,26838b3f,50652178457034759",上头,0
"64.52100,1,25,16777215,1623753199,0,7f7750b1,50652000879640581",左手封住就不会唱了,2
"13.03800,1,25,16777215,1623752837,0,26dd491e,50651811048062981",熔浆水,1
"19.54700,1,25,16777215,1623752827,0,f80bba3e,50651805555621893",神了,0
"29.77000,1,25,16777215,1623752663,0,26dd491e,50651719832436739",很安息,1
"69.51700,1,25,16777215,1623752347,0,3f235b02,50651554002763783",0.75谁听谁可爱,0
"24.90600,1,25,16777215,1623752304,0,182059d4,50651531620384771",0.75 好真实,0
"69.60800,1,25,16777215,1623751925,0,b9400ebf,50651332747984899",summertime ,1
"46.29400,1,25,16777215,1623751518,0,7566b66c,50651119532638211",1.25也挺绝,0
"35.57900,1,25,16777215,1623748518,0,c4ee4789,50649546605199363",哈哈哈哈哈,0
"32.65600,1,25,16777215,1623747919,0,bf4d0725,50649232503209989",0.75真的牛批,0
"38.37400,1,25,16777215,1623745948,0,c3d6ff23,50648199260536835",75永远的神,0
"36.01900,1,25,16777215,1623745934,0,c3d6ff23,50648192062062597",75,1
"32.55200,1,25,16777215,1623745561,0,5e1b1bb9,50647996255174663",0.75yyds,0
"44.83900,1,25,16777215,1623744580,0,8b115f0d,50647482025115653",0.75,2
"40.05700,1,25,16777215,1623743924,0,c96c7e26,50647138116829189",0·75yyds,0
"15.56900,1,25,16777215,1623740391,0,c18ffa96,50645285730254855",火炉,0
"37.62600,1,25,16777215,1623739515,0,e4e5ab54,50644826569834499",0.75有那个味道,2
"21.87000,1,25,16777215,1623738775,0,3469f8cb,50644438307831811",0.75！！！ 哈哈哈哈哈,0
"59.96100,1,25,16777215,1623738078,0,ec260c0b,50644072953544709",0.75！！！！,2
"57.91900,1,25,16777215,1623737542,0,ba98e20d,50643792224583687",075慢摇笑死我,0
"41.06200,1,25,16777215,1623737516,0,58ee9639,50643778603581447",0.75可真是太草了,2
"71.23300,1,25,16777215,1623736156,0,5837a714,50643065540968453",有内味了,0
"14.16400,1,25,15138834,1623735787,0,dfd7ce53,50642871943430147",0.75放心食用,0
"102.74700,1,25,16777215,1623735728,0,dfd7ce53,50642840991563781",厉害了0.75,0
"59.87900,1,25,16777215,1623734746,0,47b7f63a,50642326218342405",唱的我心一颤,1
"12.93900,1,25,16777215,1623734663,0,349a87fd,50642282436100101",开幕雷击,0
"34.36800,1,25,16777215,1623734541,0,5c6307a9,50642218419486725",听着感觉稍微有一点快了,0
"76.36500,1,25,16777215,1623734505,0,d86ef5b4,50642199977132037",2.0,2
"76.70400,1,25,16777215,1623734413,0,4e6f9ddf,50642151482064901",？？？,3
"67.82700,1,25,16777215,1623734404,0,4e6f9ddf,50642146859941893",上头,0
"31.73900,1,25,16777215,1623734343,0,e2fe9c35,50642114899345413",哇真的有那味,0
"23.55900,1,25,16777215,1623734105,0,db607267,50641990048546821",乐爷？,3
"60.09700,1,25,16777215,1623734042,0,62376b4f,50641957267439619",0.75出不去了,1
"20.50400,1,25,16777215,1623733931,0,d21026f4,50641898686119943",0.75牛逼,0
"29.07800,1,25,16777215,1623733891,0,23027863,50641877805301763",0.75很绝,0
"26.24000,1,25,16777215,1623733767,0,ad229259,50641812851785733",0.75确实出不去了,1
"63.40000,1,25,16777215,1623733613,0,f1cc4d8e,50641731849814021",笑死了,0
"70.60600,1,25,16777215,1623733456,0,d8fd7bc1,50641649552326661",家乡话，退钱！,2
"11.68700,1,25,16777215,1623733435,0,739b2fc2,50641638939688967",腾格尔老师:???小伙子有前途！,0
"32.52300,1,25,16777215,1623733064,0,f79a5260,50641444364877831",0.75绝了,0
"42.57900,1,25,16777215,1623732897,0,db784317,50641356803014661",。。,3
"51.87300,1,25,16777215,1623732697,0,d0491fc6,50641251786555397",卡点能手啊,0
"83.88300,1,25,16777215,1623732599,0,97d2bda1,50641200262152199",up主后面唱的是什么歌好好听,0
"45.85400,1,25,16777215,1623732548,0,31d557e,50641173773549571",都要热化了,0
"40.98300,1,25,16777215,1623732499,0,d77f2321,50641148236005379",1.25原唱,0
"48.61700,1,25,16777215,1623732409,0,97d2bda1,50641100766969863",2.0倍数也很搞笑哦,0
"40.94400,1,25,16777215,1623732291,0,93a73e17,50641039223947271",有内味,0
"25.66300,1,25,16777215,1623732291,0,8c6bb4d7,50641039125905413",腾格尔唱法,0
"50.70400,1,25,16777215,1623732254,0,70a557cd,50641019638644741",0.75？！我的妈呀,3
"60.60700,1,25,16777215,1623732101,0,a784c4a8,50640939139989511",0.5倍速yyds,0
"59.75300,1,25,16777215,1623732083,0,a784c4a8,50640929955512325",0,2
"22.69900,1,25,16777215,1623732054,0,f9c55a01,50640914692440069",猛男版的要抱抱,0
"20.41900,1,25,16777215,1623731861,0,a395e442,50640813291470853",0.75倍的味儿太冲！！！,2
"44.72100,1,25,16777215,1623731717,0,c98b2204,50640738239119367",0.75  yyds,0
"21.28600,1,25,16777215,1623731106,0,a6bcec3e,50640417879752711",哈哈哈哈哈哈哈 0.75,0
"33.34800,1,25,16777215,1623731030,0,1962d397,50640377713000451",太强了,0
"48.17900,1,25,15138834,1623731016,0,ec12635f,50640370748882947",笑死了，忘记原版了救命,0
"59.70400,1,25,16777215,1623730649,0,565615d,50640178357731333",这个时代叫特格尔,0
"14.45600,1,25,16777215,1623730306,0,4154a54,50639998548967431",0.75倍,3
"73.83800,1,25,16777215,1623730027,0,b6706fed,50639852037734407",2倍直接好烫嘴啊,1
"47.99800,1,25,16777215,1623729987,0,b6706fed,50639831227170823",0.75回不去了,1
"3.25900,1,25,16777215,1623729933,0,28e94979,50639802793459719",靠我直接火化 ,0
"56.09200,1,25,16777215,1623729824,0,2562c213,50639745452081221",0。75,1
"28.91900,1,25,16777215,1623729793,0,ac9e381c,50639729279369223",妈呀，火山岩来了,3
"14.89900,1,25,16777215,1623729765,0,ac9e381c,50639714791194627",火山岩吧,2
"82.16400,1,25,16777215,1623729677,0,cd88b7da,50639668295761925",？？？,3
"77.41000,1,25,16777215,1623729671,0,cd88b7da,50639665427906563",？丑？,1
"82.79700,1,25,16777215,1623729553,0,d3d01edf,50639603592331271",？？？,3
"21.39900,1,25,15138834,1623729344,0,8cd9769,50639493843124227",哈哈哈哈哈哈哈哈,0
"66.93400,1,25,16777215,1623729226,0,adbe7877,50639431880146947",真的好绝,0
"22.36700,5,25,15138834,1623729148,0,822ac347,50639391318605829",鸡皮疙瘩起来了,0
"53.36700,1,25,16777215,1623728884,0,ebe08ac4,50639252986265605",0.75yyds,0
"25.84600,1,25,16777215,1623728781,0,adbe7877,50639198835179525",比改歌词那个还烫,2
"65.21900,1,25,16777215,1623728763,0,b365a86c,50639189563670535",0.75.牛批,2
"44.13700,1,25,16777215,1623728425,0,cf0c57ba,50639011989946371",真像,0
"10.87900,1,25,16777215,1623727793,0,5264518c,50638680497324101",化了,0
"53.79900,1,25,16777215,1623727721,0,12460939,50638643081510915",75度也不错,0
"11.49300,5,25,15138834,1623727225,0,faba381e,50638382852210695",吃了几个腾格尔,0
"17.80400,1,25,16777215,1623727115,0,7f6eaa2a,50638325231910919",0.75深情款款,0
"53.24300,1,25,16777215,1623726974,0,f5bf60aa,50638251548475395",电音0.75哈哈哈哈哈哈哈,0
"54.61000,5,25,16646914,1623725503,0,99fd5558,50637479948582919",你这不得是伏特加？,2
"32.91900,1,25,16777215,1623725277,0,19fb8563,50637361599479811",好强hhh,0
"36.60200,1,25,16777215,1623725157,0,f588315f,50637298663424003",老婆皱眉,1
"47.51900,1,25,16777215,1623724746,0,55c9bd24,50637083089829895",鸡皮起了,0
"15.19500,1,25,38979,1623724713,0,fbfbd9ee,50637065795665927",热爱快要化了的你,0
"0.56900,1,25,16777215,1623724571,0,bd81ca93,50636991296438275",0.75才是正常车速,2
"80.36000,1,25,16777215,1623724186,0,c8a248a0,50636789391032327",？？？？？,3
"75.33900,1,25,16777215,1623724177,0,b86d06cc,50636784909942791",毫无违和感,0
"60.97500,1,25,16777215,1623724095,0,758b0ae0,50636742199869443",1.75试一下（狗头）,0
"60.97900,1,25,16777215,1623724093,0,dfd749b1,50636740829380615",0.75yyds,0
"64.98300,1,25,16777215,1623723186,0,c8de2de2,50636265096740867",0.75充,2
"62.51300,1,25,16777215,1623722937,0,b139152d,50636134878281731",笑死我了哈哈哈哈,0
"79.50800,1,25,16777215,1623722537,0,cdfc16f7,50635925195063301",0.5,2
"21.21900,1,25,16777215,1623722526,0,7813caf6,50635919186722821",有那味了,0
"89.19700,1,25,16777215,1623721993,0,cd920fdd,50635639964041221",神退钱,2
"32.13700,1,25,16777215,1623721979,0,2af551eb,50635632712613893",0.75,2
"38.29900,1,25,16777215,1623721631,0,6b391dce,50635450007158791",笑裂了,0
"4.30800,1,25,16777215,1623721323,0,2af551eb,50635288433655813",0.75什么魔鬼,3
"32.77900,1,25,16777215,1623720545,0,e683041,50634880471007235",鸡皮疙瘩乱飞,2
"81.81900,1,25,16777215,1623720482,0,7c744666,50634847740231683",退钱,2
