"367.56400,5,25,16646914,1623753076,0,823cc8f4,50651936191414279",那可不，这机会成团位加起来没利路修一个人多,2
"481.52400,1,25,16777215,1623741010,0,501deada,50645610022305799",你代言都和他接同一家？？？？,2
"377.31600,5,25,16707842,1623740418,0,7adb3354,50645299739230213",《我   很   内   向》,1
"176.62800,1,25,16777215,1625551710,0,8d089602,51594938341130307",不管是不是笋 秀芬看到即爽到,0
"40.27500,1,25,16777215,1625551101,0,7f5230d2,51594619361689605",你好爱他,0
"1.17900,1,25,16777215,1625550295,0,dac2c2b9,51594196564836355",你好爱他,0
"145.57900,1,25,16777215,1625550071,0,6747eb27,51594079092867079",西蒙他老婆的战歌,0
"345.83800,1,25,16777215,1625549789,0,da074cfc,51593931592826883",哈哈哈哈哈,0
"321.34600,1,25,16777215,1625549765,0,da074cfc,51593918741479431",哈哈哈哈,0
"236.63500,1,25,16777215,1625549680,0,da074cfc,51593874321178629",哈哈哈哈哈哈哈,0
"181.45900,1,25,16777215,1625549625,0,da074cfc,51593845401976839",哈哈哈哈哈哈,0
"125.96800,1,25,16777215,1625549569,0,da074cfc,51593816302419975",谢谢,0
"87.25300,1,25,16777215,1625549531,0,da074cfc,51593796037115907",激动，我第一次在b站领奖,0
"25.76100,1,25,16777215,1625549469,0,da074cfc,51593763787112451",哈哈哈哈哈,0
"349.18400,1,25,16776960,1625549130,0,362decf3,51593585891475461",？咱们我深又被放出来了（多放点我深的帅照吧，孩子太傻我带走了）,2
"406.13900,1,25,16777215,1625548738,0,4dc714cb,51593380125212675",弹幕护体,3
"27.64900,1,25,16776960,1625548711,0,362decf3,51593365975728133",天呢！！！我深！！！！！！！！,1
"20.29800,1,25,16777215,1625548690,0,df6224f5,51593355448025095",你好爱他,0
"423.90700,1,25,16777215,1625548656,0,ea404551,51593337183404039",你好爱他,0
"432.21900,1,25,16777215,1625548612,0,d077e995,51593314173452293",你好爱他,0
"280.09700,1,25,16777215,1625548473,0,ea404551,51593241175261191",哈哈哈哈哈哈哈哈哈哈笑死,0
"418.67800,1,25,14811775,1625547877,0,fbf0007f,51592928685457411",你好爱他,0
"4.19800,5,25,14811775,1625547511,0,b219f8ee,51592736960151559",你好爱他,0
"28.81900,1,25,16777215,1625547438,0,fbf0007f,51592698983350277",你好爱他,0
"11.90800,1,25,16777215,1625547180,0,f9b4b4eb,51592563585449991",你真的真的好爱他,0
"7.19000,1,25,16777215,1625546584,0,826deecf,51592251036925959",你好爱他,0
"35.13900,1,25,15138834,1625546398,0,e207da3a,51592153665110021",giegie,0
"15.17900,4,25,15138834,1625546367,0,e207da3a,51592137038364675",你真的好爱他,0
"9.33900,5,25,15138834,1625546353,0,e207da3a,51592129822588931",你真的好爱他。,0
"496.97900,1,25,16777215,1625545347,0,5867b0a6,51591602254118917",你好爱他,0
"14.99900,1,25,16777215,1625543910,0,758279b3,51590848949256195",你好爱他,0
"405.19900,1,25,16777215,1625543459,0,92902b7d,51590612746502147",你好爱他,0
"424.37900,1,25,16777215,1625543436,0,f15d3954,51590600581971971",你好爱他,0
"30.15400,1,25,16777215,1625541426,0,f98f05f1,51589546949738501",你好爱他,0
"29.14000,1,25,16777215,1625539622,0,42c86f7b,51588600893538307",哈哈哈哈哈哈哈哈哈,0
"8.12000,1,25,16777215,1625539596,0,42c86f7b,51588587218534407",你好爱他,0
"50.45600,1,25,16777215,1625539404,0,a2818617,51588486435700739",哈哈哈哈哈哈哈哈,0
"17.06400,1,25,16777215,1625538212,0,1c9d3db5,51587861803171843",你好爱他,0
"347.83500,5,25,41194,1625537942,0,313cee19,51587720052473863",深深,1
"348.14900,1,25,41194,1625537922,0,313cee19,51587709491740679",深深?,0
"33.66000,1,25,16777215,1625537660,0,31e69491,51587572472741895",哈哈哈哈哈哈哈哈哈,0
"30.06600,1,25,16777215,1625536690,0,a207759,51587063672733703",我深深,1
"319.59800,1,25,16777215,1625534713,0,a2a2341a,51586027441618947",现在是让他去高级竞技场受死,2
"346.61400,1,25,16777215,1625529410,0,d28a3ced,51583246707720199",深深二杀！,0
"22.62600,1,25,16777215,1625529069,0,d28a3ced,51583067939667975",深深闪现！！,0
"393.31900,1,25,16777215,1625528801,0,c937365b,51582927526952965",强行升华，感动哭了,0
"9.75900,1,25,14811775,1625528685,0,1491d07b,51582866867355655",你好爱他,0
"438.67500,1,25,16777215,1625528575,0,72c92176,51582809225035781",你好爱他,0
"66.36300,1,25,16777215,1625528016,0,72c92176,51582516136509443",我得奖了？！,0
"15.80200,1,25,16777215,1625527144,0,15f8ca4e,51582059083726853",你好爱他,0
"236.14900,1,25,16777215,1625506050,0,7ecc3e93,51570999640981511",233333,0
"103.26200,1,25,16777215,1625505917,0,7ecc3e93,51570929655349255",缺德,2
"413.06700,1,25,16777215,1625504395,0,be61845e,51570131620331525",你好爱他哈哈哈哈哈啊哈哈哈哈,0
"208.25900,1,25,16777215,1625504226,0,68ce18bd,51570043437187079",不看选秀唯一有好感的就是他了,0
"484.15100,1,25,16777215,1625501905,0,2f5a3fa0,51568826259603459",这就是爱吗,0
"18.20300,1,25,16777215,1625501219,0,fe798dc,51568466899501059",你好爱他,0
"475.83800,1,25,16777215,1625501056,0,4bd4f9e2,51568381018505223",叠词词，恶心心~,1
"411.99800,1,25,16777215,1625500975,0,4bd4f9e2,51568338578964551",你好爱他,0
"411.07800,1,25,16777215,1625500967,0,4bd4f9e2,51568334568685575",你好爱他,0
"409.43800,1,25,16777215,1625500958,0,4bd4f9e2,51568330012098631",你好爱他,0
"17.06000,1,25,16777215,1625500912,0,3dbe4f1e,51568305759584263",你好爱他,0
"407.33700,1,25,16777215,1625499784,0,c19d0834,51567714183413765",你好爱他,0
"14.09000,1,25,16777215,1625499641,0,bedfe5b6,51567639554162759",你好爱他,0
"10.08700,1,25,16777215,1625499170,0,4285abb6,51567392316719111",你还爱他,2
"82.77900,1,25,16777215,1625498825,0,fcc7dc53,51567211605655559",他真的好好看,0
"490.36800,1,25,16777215,1625497795,0,b3891092,51566671315337219",猝不及防,3
"468.82800,1,25,16777215,1625497766,0,b3891092,51566656360546307",哈哈哈哈哈哈哈哈,0
"316.72800,1,25,16777215,1625497609,0,b3891092,51566574116536325",哈哈哈哈哈哈哈哈,0
"298.38800,1,25,16777215,1625497586,0,b3891092,51566562002337797",哈哈哈哈哈哈哈哈哈哈哈,0
"240.96800,1,25,16777215,1625497525,0,b3891092,51566529980923911",哈哈哈哈哈哈哈哈哈哈哈哈,0
"225.88800,1,25,16777215,1625497506,0,b3891092,51566520275828743",哈哈哈哈哈哈哈哈,0
"425.45500,1,25,16777215,1625497442,0,bc894611,51566486452436995",你好爱他,0
"129.56800,1,25,16777215,1625497402,0,b3891092,51566465465188423",哈哈哈哈哈哈哈,0
"109.66800,1,25,16777215,1625497379,0,b3891092,51566453268152327",谢谢谢谢,0
"72.68800,1,25,16777215,1625497336,0,b3891092,51566430952882183",我获奖了！！,0
"32.14800,1,25,16777215,1625497287,0,b3891092,51566405032083463",你好爱他,0
"24.96800,1,25,16777215,1625497274,0,b3891092,51566398246748165",哈哈哈哈哈哈哈哈哈哈哈哈,0
"8.40800,1,25,16777215,1625497254,0,b3891092,51566387731103749",你好爱他,0
"4.86800,1,25,16777215,1625497244,0,b3891092,51566382933344259",你好爱他,0
"409.53900,1,25,16777215,1625496921,0,875c0e89,51566213465636871",你好爱他,0
"115.93400,1,25,16777215,1625496629,0,875c0e89,51566060060540933",hhhh缺德,0
"409.25900,1,25,16777215,1625496224,0,4c526df5,51565848142807047",你好爱他,0
"96.29600,1,25,16777215,1625495899,0,f1a9fc60,51565677449314375",夺笋哈哈哈哈哈,0
"298.63800,1,25,16777215,1625495622,0,da2c807a,51565532341600259",哈哈哈哈嗝,0
"241.66500,1,25,16777215,1625495541,0,da2c807a,51565489565466627",哈哈哈哈哈嗝,0
"333.27800,1,25,16777215,1625494748,0,cd600995,51565074112839683",笋丝人均蝴蝶蓝（超有分寸感,0
"20.20800,1,25,16777215,1625494623,0,b44aa1a5,51565008357163013",你好爱他,0
"429.85800,1,25,16707842,1625494351,0,43181397,51564865893957635",你好爱他,0
"362.59600,1,25,16777215,1625493993,0,4e134047,51564678125453317",你好爱他,0
"479.27600,1,25,16777215,1625493323,0,e8c01202,51564327054868483",还有一个别的牌子的乳酸菌糖,0
"386.26000,1,25,16777215,1625493182,0,e8c01202,51564252916350981",真，公费蹦迪,0
"382.76100,1,25,16777215,1625493165,0,e8c01202,51564244043825157",果然一当普通人他就起来了,0
"338.77500,1,25,16777215,1625493108,0,e8c01202,51564214195060739",路人粉绝了真的，真路人粉,0
"325.71600,1,25,16777215,1625493069,0,e8c01202,51564194058731527",怕被打可能，因为人家都是爱的支持，笋丝emmm,2
"251.45200,1,25,16777215,1625492929,0,e8c01202,51564120303468549",一股清流,0
"250.72400,1,25,16777215,1625492919,0,e8c01202,51564115348422663",怎么可以从偶像到粉丝都这么搞笑,0
"231.01400,1,25,16777215,1625492858,0,e8c01202,51564083317571591",烽火戏诸侯,0
"189.75300,1,25,16777215,1625492781,0,e8c01202,51564042605559815",而且从不撕逼的粉丝圈，从没见过的团结一致,0
"179.35800,1,25,16777215,1625492726,0,e8c01202,51564013973143557",截屏看,0
"150.50900,1,25,16777215,1625492679,0,e8c01202,51563989365161987",你怎么还有歌词弹幕，别的bgm咋没见这个操作,2
"255.89900,1,25,16777215,1625492549,0,97236fb9,51563920905207815",这时只要微笑就可以了,0
"5.35000,1,25,16777215,1625492535,0,e6ca5f68,51563913633857539",你好爱他,0
"145.81100,1,25,16777215,1625492290,0,e8c01202,51563785466937349",专属笋圈,0
"44.05100,1,25,16777215,1625492173,0,e8c01202,51563724002033671",现在真的是干啥都能看到利路修，但他越认真营业我越想笑哈哈哈,0
"2.83300,1,25,16777215,1625492090,0,e8c01202,51563680261210117",你怎么这么爱他，虽然我想看,2
"484.48000,1,25,16777215,1625491728,0,f1f9aca,51563490894675975",恶心心,1
"429.12200,1,25,16777215,1625491668,0,f1f9aca,51563459195699203",你好爱他,0
"406.63500,1,25,16777215,1625491640,0,f1f9aca,51563444631502853",你好爱他,0
"493.34100,1,25,16777215,1625491635,0,d7fb772a,51563442112299015",为了利老师 ,0
"401.99800,1,25,16777215,1625491630,0,f1f9aca,51563439568977923",泪目,1
"488.60800,1,25,16777215,1625491614,0,d7fb772a,51563431171981317",啊啊啊啊啊,2
"399.25900,1,25,16777215,1625491360,0,7e18ff46,51563297712898053",鲁路修！！！,0
"16.54000,1,25,16777215,1625491237,0,f1f9aca,51563233077624837",你好爱他,0
"494.90800,1,25,14811775,1625490499,0,ab140fb4,51562846197645315",你好爱他,0
"422.61900,1,25,16777215,1625489938,0,97dd4c68,51562551951491077",你好爱他,0
"230.75200,1,25,16777215,1625489797,0,66158fef,51562478502412291",哈哈哈哈哈哈哈哈哈哈哈哈哈,0
"162.81000,1,25,16777215,1625489725,0,66158fef,51562440429666311",yes,0
"105.29700,1,25,16777215,1625489684,0,66158fef,51562419213828099",哈哈哈哈哈哈哈哈哈哈哈,0
"80.56800,1,18,14811775,1625489642,0,66158fef,51562397221519365",感谢,0
"6.29800,1,25,16777215,1625487988,0,be9e62d4,51561529868288007",哈哈哈,0
"336.67200,1,25,16777215,1625487047,0,b1ca9d40,51561036714606595",这个小黄人在淘宝代购页面已经改名利路修了,2
"271.19700,1,25,15138834,1625487030,0,20b5da23,51561027727785991",如果你的标题不是利路修我以为你在说我家,2
"203.79900,1,25,16777215,1625486879,0,b1ca9d40,51560948304445447",利老师可是连成团舞都没学，而且第一次彩排摇号摇到了c位,0
"31.13900,1,25,16777215,1625485713,0,a8bc89ac,51560337026580483",你很爱他,0
"41.48000,1,25,16777215,1625483791,0,fe199bcc,51559329446232067",哈哈哈哈哈哈哈哈哈、、,0
"33.38300,1,25,16777215,1625483783,0,fe199bcc,51559325202644999",你好爱他,0
"478.26900,1,25,16777215,1625483777,0,1fa2b8fe,51559322213154823",叠词词，恶心心,1
"410.34900,1,25,16777215,1625483673,0,1fa2b8fe,51559267764797445",你好爱他,0
"17.95900,1,25,16777215,1625483494,0,4e1edb1a,51559173883691015",笑死我了，好整齐,0
"14.01100,1,25,16777215,1625483362,0,7ed7dc99,51559104694976517",你好爱他！！,0
"10.38100,1,25,16777215,1625482948,0,5e590f87,51558887696367619",你好爱他,0
"482.54700,1,25,16777215,1625482874,0,7e6b0c90,51558848453410819",你真的好爱他,0
"25.91300,1,25,16777215,1625482526,0,6efd5024,51558666209853443",周深,0
"421.85900,1,25,16777215,1625480275,0,51314edd,51557485903347715",你好爱他,0
"405.41900,1,25,16777215,1625480252,0,51314edd,51557474131509251",你好爱他,0
"7.86800,1,25,16777215,1625479896,0,555acee4,51557287116406787",你好爱他,0
"430.88400,1,25,16777215,1625479810,0,b7dae52d,51557242051756037",你好爱他,0
"4.23900,1,25,16777215,1625478904,0,233fdbc2,51556767249727493",你好爱他,0
"7.31900,1,25,16777215,1625478711,0,8c2d5191,51556666070532099",你好爱他,0
"1.53900,1,25,16777215,1625477602,0,c55ae02b,51556084421230599",你好爱他,0
"228.08000,1,25,16777215,1625477185,0,5b5dbd63,51555866142834693",别骂了别骂了,2
"427.07900,1,25,16777215,1625477006,0,ff127538,51555772078227463",你好爱他，这就是爱情吗,0
"509.51600,1,25,16777215,1625476742,0,b7c51a0e,51555633863327747",你真的好爱他,0
"486.11800,1,25,16777215,1625476719,0,b7c51a0e,51555621639028743",叠词词，恶心心,1
"416.12600,1,25,16777215,1625476649,0,b7c51a0e,51555584935723015",你好爱他,0
"14.07100,1,25,16777215,1625476247,0,b7c51a0e,51555374125809671",你好爱他,0
"438.22700,1,25,16777215,1625475812,0,1a654aed,51555146272342019",你好爱他,0
"72.48100,5,25,16777215,1625475661,0,883c1588,51555067141029895",首先要感谢鹿人给我这个机会,0
"74.94100,1,25,16777215,1625475449,0,1a654aed,51554955798511621",妈妈，我获奖了！！！,0
"509.16100,1,25,16777215,1625475438,0,6f9465eb,51554950125191175",买了,0
"415.21900,1,25,16777215,1625475198,0,8d14c9ef,51554824450211843",你好爱他！,0
"389.85900,1,25,16777215,1625475121,0,cfe757eb,51554784121454595",自由人自由魂,1
"433.02200,1,25,16777215,1625472749,0,e6d9c0e8,51553540477288453",进度条不对劲,1
"490.08900,1,25,16777215,1625472747,0,d91d40fc,51553539331194883",你好爱他,0
"406.49100,1,25,16777215,1625472664,0,d91d40fc,51553495518543877",你好爱他,0
"477.24200,1,25,16777215,1625472557,0,12000e3b,51553439633637379",叠词词，恶心心,1
"421.45700,1,25,16777215,1625472450,0,12000e3b,51553383446740995",你好爱他,0
"20.99400,1,25,16777215,1625471173,0,12000e3b,51552713761619973",你好爱他,0
"408.78600,1,25,16777215,1625470957,0,9c099bab,51552600813731845",你好爱他,0
"5.93900,1,25,16777215,1625470530,0,9c099bab,51552376748769283",你好爱他,0
"12.29900,1,25,38979,1625470438,0,dd8fd627,51552328668413955",你好爱他,0
"53.03900,1,25,16777215,1625470078,0,72c9a609,51552139852382211",你好爱他,0
"387.88600,1,25,16777215,1625469599,0,4e9b1461,51551888575823875",我是二传哈哈哈哈哈,0
"23.74200,5,25,15138834,1625469006,0,cba951ea,51551577955631107",瑞幸打钱,2
"478.95900,1,25,16777215,1625467825,0,a74d0ee6,51550958488911875",？？？,3
"26.88200,1,25,16777215,1625467407,0,3bced678,51550739452395525",惊现深深,3
"472.95000,1,25,16777215,1625466445,0,896f0ddc,51550235280277509",叠词词，恶熏熏,2
"76.24400,1,25,16777215,1625466439,0,eecfe3c6,51550231901765635",哈哈哈哈哈哈哈哈,0
"431.00500,1,25,16777215,1625466396,0,896f0ddc,51550209408237575",你好爱他,0
"417.07000,1,25,16777215,1625465957,0,c8555e60,51549979491172359",你好爱他,0
"57.29900,1,25,16777215,1625465947,0,ddee39fc,51549973848784899",你怎么生气的 我真的读秒了,2
"57.29900,1,25,16777215,1625465926,0,ddee39fc,51549963172184133",你怎么生气的 我很多,2
"22.24800,1,25,16777215,1625465554,0,c8555e60,51549768240332805",你好爱他,0
"352.22900,1,25,16777215,1625465248,0,77b27fbd,51549607702822915",老师的关爱笑死我了哈哈哈哈哈哈哈哈哈,0
"498.15100,1,25,14811775,1625464546,0,3f0e6925,51549239653171203",你好爱他,0
"13.32000,5,25,41194,1625462699,0,550c5acb,51548271184183303",你好爱他,0
"8.41500,1,25,16777215,1625462670,0,550c5acb,51548255966724099",你好爱他,0
"406.61100,1,25,16777215,1625461827,0,2b38f595,51547814011338759",All hail lelouch ,0
"425.82900,1,25,16777215,1625461793,0,dab75ce5,51547796230111239",你好爱他,0
"406.06100,1,25,16777215,1625461785,0,2b38f595,51547791819800581",鲁鲁修！！！,0
"94.73900,1,25,16777215,1625461665,0,800724cf,51547728838656007",你还是爱他,2
"420.98400,1,25,16777215,1625460546,0,fcfe444b,51547142484393989",你好爱他,0
"129.76200,1,25,16777215,1625459728,0,60112aa4,51546713448513543",啊 是我,3
"426.77300,1,25,16777215,1625459124,0,e3fcfdc2,51546397091037187",你好爱他,0
"493.73900,1,25,41194,1625457039,0,83ac4437,51545303456677895",你好爱他,0
"492.65900,1,25,15772458,1625457024,0,83ac4437,51545295914270725",你好爱他,0
"131.43000,1,25,16777215,1625456884,0,a6978f0,51545222366625799",son son,3
"10.21500,1,25,16777215,1625456602,0,641ac4ee,51545074339676165",你好爱他,0
"397.43700,1,25,16777215,1625456167,0,4069bcc7,51544846513471493",鲁鲁修！！！！,0
"437.41900,1,25,16777215,1625455917,0,f2159e73,51544715269505027",你真的好爱他,0
"24.48200,1,25,38979,1625455550,0,bdca1321,51544522887790595",你好爱他,0
"411.57900,1,25,16777215,1625455051,0,1656e873,51544261513969671",你好爱他,0
"346.09800,5,25,41194,1625454929,0,854ccc48,51544197395644419",又现周深！！！！！！！,3
"8.69900,1,25,16777215,1625454667,0,15e8250c,51544060209922053",你好爱他,0
"23.86900,1,25,16777215,1625454570,0,6f0504a4,51544009420570627",一听就知道是周深唱的那版哈哈哈,0
"53.84600,1,25,16777215,1625454488,0,fa32c23b,51543966162616327",哈哈哈哈哈哈哈哈哈,0
"22.16600,1,25,16777215,1625454148,0,be1e8696,51543788028428295",你好爱他,0
"25.51900,1,25,16777215,1625453128,0,2c32e4ef,51543253325447173",你好爱他,0
"369.59800,1,25,16777215,1625452347,0,eeda22cf,51542843545092099",哈哈哈哈哈哈哈哈哈哈哈,0
"29.16900,1,25,16777215,1625452115,0,60da5aee,51542722129952773",深深！,0
"9.83200,1,25,16777215,1625450136,0,427c7fbd,51541684569243653",你好爱他,0
"418.93400,1,25,16777215,1625450015,0,83189c80,51541620976779267",三连了,0
"122.71800,1,25,16777215,1625449697,0,83189c80,51541454586642437",笑死了,0
"410.91800,1,25,15138834,1625449224,0,26810029,51541206481502211",你好爱他,0
"411.83700,1,25,16777215,1625448275,0,c5c3bff6,51540708867178501",你好爱他,0
"253.19900,1,25,16777215,1625448114,0,c5c3bff6,51540624239755267",哈哈哈哈哈哈哈哈哈,0
"415.75900,1,25,16777215,1625448114,0,d0b7f892,51540624634019843",你好爱他,0
"20.57900,1,25,16777215,1625447199,0,eeccf7f2,51540144730669059",你好爱他,0
"432.84700,1,25,14811775,1625446901,0,6a78708c,51539988256915463",你好爱他,0
"8.41900,1,25,16777215,1625446865,0,70d631b,51539969727004679",你好爱他,0
"121.22300,1,25,16777215,1625446515,0,bde829f8,51539786142842885",德呢,2
"10.05900,1,25,16777215,1625446357,0,f1240d4,51539703450566659",你好爱他！,0
"113.57600,1,25,16777215,1625444176,0,ee11db94,51538559575261191",谢谢夸奖,0
"410.85300,1,25,16777215,1625442232,0,3a498b06,51537540678156291",啊啊啊啊啊鲁鲁修的音乐哈哈哈哈哈哈哈哈哈哈,0
"353.68000,1,25,16777215,1625440984,0,eed5eff6,51536886210494467",周深排面,0
"398.86600,1,25,15138834,1625422129,0,a408ad7b,51527000542674949",鲁路修,1
"411.72300,1,25,14811775,1625420032,0,a4bdffc7,51525901513392131",你好爱他,0
"26.40800,1,25,16777215,1625417146,0,e3941134,51524388365271045",你好爱他,0
"479.50600,1,25,16777215,1625416286,0,a1aecf0a,51523937213349893",恶熏熏,1
"217.11300,1,25,16777215,1625415923,0,a1aecf0a,51523747142172679",我真什么都不会 也不想学 所以啥都没发哈哈哈哈哈,0
"245.30700,1,25,16777215,1625415604,0,c7ae9a03,51523579792588803",哈哈哈哈哈哈哈哈，笑死我了,0
"425.63100,1,25,16777215,1625414951,0,7fe75763,51523237246926851",你好爱他,0
"231.67600,1,25,16777215,1625414099,0,47033357,51522790826704901",哈哈哈哈哈哈哈哈哈,0
"504.54900,1,25,16777215,1625413954,0,c50a3fc8,51522714960658439",kdl,0
"434.17600,1,25,16777215,1625413861,0,c50a3fc8,51522665784541189",你好爱他,0
"388.11900,1,25,16777215,1625413658,0,503c6486,51522559519752195",哇喻言！,3
"415.25900,1,25,16777215,1625413423,0,1807d6bf,51522436194107395",你好爱他,0
"501.28800,1,25,16777215,1625413131,0,acd72676,51522283019698183",你好爱他,0
"248.49600,1,25,16777215,1625413085,0,c86cef2,51522259117932547",哈哈哈哈哈哈哈哈哈哈哈,0
"86.15300,1,25,16777215,1625412331,0,a7fce90d,51521863561510915",山人不愿再动了,1
"303.76900,1,25,16777215,1625410913,0,4e3eb97,51521120477642759",哈哈哈哈哈哥哥好菜,0
"257.76900,1,25,16777215,1625410867,0,4e3eb97,51521096251867143",哈哈哈哈哈哈哈哈哈,0
"426.54900,1,25,14811775,1625407145,0,91852a1f,51519144677867523",你好爱他,0
"3.61900,1,25,6830715,1625406693,0,91852a1f,51518907996962821",你好爱他,0
"425.08700,1,25,16777215,1625405674,0,203f1e22,51518373388353543",你好爱他,0
"7.29900,1,25,16777215,1625405592,0,79039b22,51518330691911685",你好爱他,0
"484.56000,1,25,16777215,1625403681,0,3f860f04,51517328516972549",恶心心,1
"454.14000,1,25,16777215,1625403646,0,3f860f04,51517310317887491",老公好！！！,0
"444.10000,1,25,16777215,1625403631,0,3f860f04,51517302199287813",二号机老公好！,0
"428.54000,1,25,16777215,1625403605,0,3f860f04,51517289120923655",你好爱他你好爱他你好爱他,0
"415.70000,1,25,16777215,1625403585,0,3f860f04,51517278311153669",你好爱他,0
"234.86800,1,25,16777215,1625403392,0,3f860f04,51517177192775685",哈哈哈哈哈哈哈哈哈哈哈哈哈,0
"7.03900,1,25,16777215,1625403082,0,3f860f04,51517014790373383",你好爱他,0
"29.55900,5,25,38979,1625401846,0,fb0f4c9d,51516366443249671",草哈哈哈哈哈,0
"4.31900,1,25,16777215,1625400567,0,64d6cb26,51515695857401861",你好爱他,0
"103.76400,5,25,14811775,1625399832,0,36b4a083,51515310746370051",德智体美劳，我从来都不会欠费～,0
"11.86200,5,25,14811775,1625399737,0,36b4a083,51515260835201029",你好爱他,0
"8.24700,1,25,16777215,1625399727,0,36b4a083,51515255404625925",你好爱他,0
"14.85900,1,25,16777215,1625399123,0,559e7782,51514938882523143",你好爱他,0
"18.29900,1,25,16777215,1625399002,0,af2289b8,51514875429519365",你好爱他,0
"18.29900,1,25,16777215,1625398989,0,af2289b8,51514868756905987",你好爱他,0
"12.69100,1,25,16777215,1625398656,0,f8e408c3,51514694033211399",你好爱他,0
"45.21900,1,25,16777215,1625398207,0,6f4445e9,51514458635239427",你好爱他,0
"409.51100,1,25,16777215,1625398186,0,7689bc84,51514447768846341",你好爱他,0
"3.73900,1,25,16777215,1625398160,0,6f4445e9,51514434326626307",你好爱他,0
"230.18200,1,25,16777215,1625396033,0,2a77c4f3,51513319047036931",哈哈哈哈哈哈哈哈哈哈,0
"17.76600,1,25,16777215,1625394985,0,f8bc9c96,51512769450606595",你还爱他,2
"274.50400,1,25,16777215,1625394587,0,460bb479,51512560653959175",小雨哥哥坚强,0
"404.07000,1,25,16707842,1625394097,0,bc94af89,51512303764373507",你好爱他,0
"409.45900,1,25,16777215,1625393690,0,d08a6992,51512090311000067",你好爱他,0
"413.92400,1,25,16707842,1625392931,0,21084a20,51511692446138375",你好爱他,0
"23.48400,1,25,16777215,1625392018,0,ad17cf92,51511213729775623",你好爱他,0
"4.31900,1,25,16777215,1625391291,0,1a132d88,51510833002315779",你好爱他,0
"264.37100,1,25,16777215,1625390377,0,2ba92903,51510353335418885",突然想到山人给俊子那条评论盖的12万楼中楼,0
"9.41900,1,25,16777215,1625389609,0,4216bc1d,51509950970068999",你好爱他,0
"16.99600,1,25,15138834,1625388735,0,f11a3718,51509492530544647",你真的好爱他,0
"419.03900,1,25,16777215,1625388667,0,c71aba22,51509456903602179",你超踏马爱他,0
"392.37800,1,25,16777215,1625388548,0,c4b19361,51509394833145863",泪目,1
"13.69500,1,25,16777215,1625388329,0,a840a33a,51509279693733893",你好爱他,0
"2.50200,1,25,16777215,1625388317,0,a840a33a,51509273602555907",你好爱他,0
"424.95000,1,25,16777215,1625387957,0,10991ed8,51509084665937923",你真的好爱他,0
"5.11900,1,25,16777215,1625387430,0,10991ed8,51508808584265735",你好爱他,0
"25.05200,1,25,16777215,1625387339,0,d5cef2d7,51508760953225219",惊现周深,3
"431.99700,1,25,16777215,1625387264,0,a5e73fe6,51508721271963651",你好爱他,0
"95.05900,1,25,16777215,1625387163,0,6bded31f,51508668482977795",哈哈哈哈哈,0
"6.71800,1,25,16777215,1625386884,0,902b9b9e,51508522381737991",你好爱他,0
"215.51300,1,25,16777215,1625386734,0,1d2e517b,51508443609563141",干嘛放我们黑历史！,2
"13.33900,1,25,16777215,1625384598,0,11356eb2,51507323615051781",你好爱他,0
"376.58600,1,25,16777215,1625384473,0,963aac27,51507258430324741",老树蹦迪,0
"8.20600,1,25,16777215,1625384460,0,81403033,51507251268550663",你好爱他,0
"274.41900,5,25,16777215,1625384388,0,c22a6310,51507213509328903",哈哈哈哈哈,0
"204.14100,5,25,16777215,1625384303,0,c22a6310,51507169258897413",拿这钱喝杯瑞幸，就很香,0
"18.25900,1,25,15138834,1625383255,0,7d99bc1b,51506619626815493",你好爱他,0
"410.66900,1,25,16777215,1625383022,0,4d260a85,51506497318813703",你好爱他,0
"12.17400,1,25,16777215,1625382981,0,7f40cb74,51506476136005639",你好爱他,0
"5.66800,1,25,16777215,1625382611,0,4d260a85,51506282205544451",你好爱他,0
"12.34100,1,25,16777215,1625382200,0,adaeed97,51506066698010627",你好爱他,0
"55.73900,1,25,16777215,1625382130,0,4d6a03bd,51506029575274501",你刚刚怎么读秒！,2
"412.45300,1,25,16777215,1625381728,0,d9168ba6,51505819094089735",你好爱他,0
"405.45800,1,25,14811775,1625380716,0,240fd9c0,51505288364687363",呜呜呜呜绝美爱情，你好爱他,1
"5.43900,1,25,6830715,1625380109,0,240fd9c0,51504970056335367",你好爱他,0
"352.01900,1,25,16777215,1625379802,0,8473697b,51504809109356549",深深又来了,0
"27.43900,1,25,16777215,1625379477,0,8473697b,51504639074893829",深深,1
"5.77900,1,25,16777215,1625378073,0,353cebb0,51503902978736131",你好爱他！！！！,0
"202.61900,1,25,16777215,1625377625,0,3fafa26f,51503667670417413",牛不喝水强摁头可还行,2
"21.25100,1,25,13369971,1625377435,0,627fd938,51503568392290311",你好爱他,0
"493.71400,1,25,16777215,1625377061,0,c523c1a2,51503371987189765",你好爱他,0
"13.94200,1,25,14811775,1625376489,0,d5e4a17a,51503072364462083",你好爱他,0
"65.75400,1,25,13369971,1625376091,0,66044f9f,51502863870328835",我 中 奖 了,0
"47.65500,1,25,16777215,1625376071,0,aad010b4,51502853021237253",你好爱他,0
"21.26600,1,25,13369971,1625376047,0,66044f9f,51502840536891399",你好爱他,0
"420.40000,5,25,16707842,1625375732,0,5efaab68,51502675461668871",已经点了再点一下会怎样,2
"121.21800,1,25,16777215,1625374781,0,39f96740,51502176560742403",缺德,2
"15.37900,1,25,14811775,1625374764,0,b1acef71,51502167621632005",你好爱他,0
"14.75900,1,25,14811775,1625374759,0,b1acef71,51502165479391235",你好爱他,0
"13.35900,1,25,14811775,1625374752,0,b1acef71,51502161350623237",你好爱他,0
"19.17900,1,25,16777215,1625374703,0,92dd7f17,51502135660511237",你好爱他你好爱他你好爱他你好爱他,0
"116.88000,1,25,15138834,1625372593,0,877f7c1e,51501029392384007",哎呀，你这样人家会不好意思的啦咯咯咯,2
"73.57600,1,25,15138834,1625372526,0,877f7c1e,51500994577563653",笋出奇迹哈哈哈哈,0
"71.44000,1,25,16777215,1625372509,0,877f7c1e,51500985816711171",得奖了得奖了呜呜呜不忘初心方得始终,0
"421.37000,1,25,16777215,1625372397,0,97b8162b,51500926720540679",你再说笨蛋，笋笋们要去暗杀你,2
"408.36700,1,25,16777215,1625372348,0,97b8162b,51500901251678211",你好爱他，我也,0
"281.49300,1,25,16777215,1625372204,0,97b8162b,51500825808207875",我当时笑rue了,0
"5.85900,1,25,16777215,1625371887,0,f1d97425,51500659740508165",你好爱他,0
"439.29500,1,25,16707842,1625371135,0,b3d25a6b,51500265169223685",你好爱他,0
"4.31900,1,25,16777215,1625370627,0,a95a5e7a,51499999056887813",你好爱他,0
"426.38200,1,25,16777215,1625370226,0,978e3727,51499788489195527",你好爱他,0
"412.97100,1,25,16777215,1625369647,0,2d6e7d70,51499485282435079",你好爱他,0
"33.22500,1,25,16777215,1625368804,0,dd882945,51499042912337927",你好爱他哈哈哈哈哈,0
"399.15900,1,25,16777215,1625368356,0,60b64fec,51498808173920259",你好爱他,0
"451.03900,1,25,16777215,1625368312,0,2fed4ada,51498785400422405",我爱2号机,0
"406.61900,1,25,16777215,1625368259,0,2fed4ada,51498757612109827",KDLKDL,0
"400.79200,1,25,16777215,1625367555,0,1167f3c7,51498388491862019",呜呜呜你好爱他,0
"349.30900,1,25,16777215,1625367279,0,d77847fb,51498243460169733",哈哈哈哈哈哈哈哈哈,0
"412.38400,1,25,16777215,1625366930,0,5cf9ce99,51498060495192067",你好爱他,0
"158.08400,1,25,16777215,1625366720,0,5cf9ce99,51497950560911367",你好爱他,0
"6.99200,1,25,16777215,1625366263,0,5cf9ce99,51497710754201607",你好爱他,0
"407.78600,1,25,41194,1625366091,0,621e01b,51497620674707463",荣耀尽归鲁鲁修！,0
"12.97800,5,25,15138834,1625366074,0,d9cc2db7,51497611634409479",你好爱他,0
"434.50300,1,25,16777215,1625364882,0,3f4b27ff,51496987116699655",你好爱他,0
"444.76200,1,25,16777215,1625364531,0,51c4ac16,51496802952675335",你好爱他,0
"425.12000,5,25,14811775,1625364239,0,9f7283e6,51496649887842309",你好爱他,0
"139.63400,1,25,16777215,1625364210,0,51c4ac16,51496634675625991",哈哈哈哈哈哈哈哈哈哈哈哈哈哈哈哈哈嗝,0
"15.70200,1,25,16777215,1625364086,0,51c4ac16,51496569570590727",你好爱他啊,0
"71.99900,1,25,16777215,1625363928,0,4d3226e1,51496486874644485",xxxx,0
"412.10500,1,25,16777215,1625363872,0,a358c6ec,51496457228255235",你好爱他,0
"107.50000,1,25,16777215,1625363817,0,74cb32a1,51496428319539203",就是缺德哈哈哈哈哈,0
"65.49900,1,25,15138834,1625363808,0,4ab3b784,51496423615627269",损人利己（各位，还记得怎么写吗）,2
"89.34000,1,25,16777215,1625363781,0,74cb32a1,51496409563136007",山人DNA动了,0
"16.42000,1,25,16777215,1625363683,0,74cb32a1,51496358219612167",你好爱他,0
"461.80000,4,25,16777215,1625362952,0,c487c222,51495974896926723",来了,0
"451.74000,4,18,16777215,1625362927,0,c487c222,51495961900875779",你好爱他,0
"444.98000,1,25,16777215,1625362901,0,c487c222,51495948264144899",你好爱他,0
"7.49800,1,25,16777215,1625362734,0,c03499f9,51495860651425799",你好爱他,0
"9.83900,1,25,16777215,1625362354,0,e5e3f0d7,51495661672071171",你好爱他,0
"356.71700,1,25,16777215,1625362223,0,a8ca8a7,51495593027567621",你才笨,2
"157.63700,1,25,16777215,1625362206,0,3ba538ee,51495584042844165",RNA动了,0
"386.03800,1,25,16777215,1625361451,0,6efbcba,51495188101070915",！！！！嵩嵩,0
"479.45900,1,25,16777215,1625360981,0,6a13875f,51494941422518275",我的天天呐,1
"476.49900,1,25,16777215,1625360970,0,6a13875f,51494935585619971",恶心心,1
"517.86900,1,25,16777215,1625360935,0,36a60d5c,51494917484052485",哈哈哈哈哈哈哈哈哈哈,0
"466.74900,1,25,16777215,1625360881,0,36a60d5c,51494889229647877",叠词词，恶心心,1
"423.10900,1,25,16777215,1625360803,0,36a60d5c,51494848052068355",你好爱他,0
"1.29900,5,25,14811775,1625359406,0,527ca36c,51494115932635139",你好爱他,0
"347.42300,1,25,16777215,1625357391,0,68ce8138,51493059557326855",深深梅开二度,0
"23.62600,1,25,16777215,1625357013,0,68ce8138,51492861046685701",惊现我深深,3
"23.12100,1,25,16777215,1625355846,0,3f079256,51492249617301509",深深！！！！！！,0
"349.38900,1,25,41194,1625349419,0,cae7797a,51488879750938631",？？？深深二杀,2
"267.80500,1,25,41194,1625349289,0,cae7797a,51488811752357893",因为楼中楼被笑过,0
"26.02800,1,25,41194,1625348920,0,cae7797a,51488618217209859",？？？惊现深深,3
"240.92800,1,25,16777215,1625333020,0,9f50b7b5,51480282197917701",哈哈哈笨蛋笋丝,0
"348.94800,1,25,16777215,1625333000,0,fc775bcb,51480271472558083",深崽你咋在这里,2
"348.94800,1,25,16777215,1625332987,0,fc775bcb,51480264679882757",周深？？；,3
"4.13900,1,25,15772458,1625332884,0,f2fbb5af,51480210877972485",你好爱他！,0
"24.70400,1,25,16777215,1625332764,0,fc775bcb,51480148049395719",深深你怎么在这里,0
"71.03900,1,25,16777215,1625332698,0,9f50b7b5,51480112980819975",妈妈！我得奖啦！,0
"5.17600,1,25,16777215,1625332597,0,81738054,51480060318711813",你好爱他,0
"6.99900,1,25,16777215,1625332575,0,9f50b7b5,51480048558407685",你好爱他,0
"497.32900,1,25,16777215,1625330085,0,e4e34ce5,51478743391666179",你好爱他,0
"210.94200,1,25,16777215,1625329855,0,977bec8b,51478622661246979",别骂了别骂了,2
"7.03900,1,25,16777215,1625329819,0,81eb461,51478603937349635",你好爱他,0
"481.35400,1,25,16777215,1625329096,0,d04c3f56,51478224849862661",百年好合,0
"436.92900,1,25,16777215,1625329048,0,d04c3f56,51478199504732163",百年好合,0
"414.39800,1,25,16777215,1625328547,0,4d0d7ad5,51477936765140997",你好爱他,0
"431.42800,1,25,16777215,1625328345,0,696d208,51477830970638341",你好爱他,0
"19.72800,4,25,6830715,1625327340,0,85910a91,51477303976787971",你好爱他,0
"487.10200,1,25,9487136,1625327256,0,85910a91,51477260174098439",恶心心，感动动，你好爱他,0
"4.19900,5,25,14811775,1625327214,0,42717776,51477238028697607",大家快磕阿好甜～,0
"419.09100,1,25,9487136,1625327163,0,85910a91,51477211445198851",你好爱他,0
"407.74200,1,25,41194,1625327146,0,85910a91,51477202259673093",你好爱他,0
"19.05900,1,25,16777215,1625326578,0,2ec7374c,51476904631861251",你好爱他,0
"9.04200,1,25,16777215,1625326417,0,91012600,51476820314816517",你好爱他,0
"404.55500,1,25,16777215,1625325982,0,d0cdd5a7,51476591840591877",升华,0
"60.87600,1,25,16777215,1625325978,0,e80dccf1,51476590092091397",哈哈哈哈哈哈哈哈哈,0
"114.59200,1,25,16777215,1625325941,0,f6f83464,51476570671415299",谢谢谢谢,0
"430.50700,1,25,16777215,1625325764,0,51451109,51476477523263491",你好爱他,0
"4.09900,1,25,16777215,1625325616,0,5109dd25,51476400381624323",你还爱他,2
"111.96400,1,25,16777215,1625325469,0,799f8dda,51476322878750727",缺的德,2
"144.26000,1,25,16777215,1625325396,0,d520d843,51476284667592709",DNA又动了,0
"95.58000,1,25,16777215,1625325335,0,d520d843,51476252659810307",山人狂喜,0
"184.41300,1,25,16777215,1625325302,0,51451109,51476235361452037",靠人头硬舞哈哈哈,0
"276.03500,1,25,15138834,1625325275,0,7fecad0d,51476221326786563",笑死我了救命,0
"407.41300,1,25,16777215,1625325067,0,ce2934f6,51476112457859075",你好爱他,0
"7.50600,1,25,16777215,1625324868,0,51451109,51476007885996037",你好爱他,0
"407.68600,1,25,16777215,1625324726,0,588c60c0,51475933504733187",你好爱他,0
"9.26000,1,25,16777215,1625324545,0,1babdb93,51475838666801159",你好爱他,0
"7.65900,1,25,16777215,1625323954,0,54ea4484,51475528769601539",你好爱他,0
"406.67000,5,25,14811775,1625323892,0,70a27635,51475496155742215",你的文字还爱他,0
"53.61900,1,25,16777215,1625323628,0,da93a2b3,51475357679747079",你好爱他,0
"408.02900,1,25,16777215,1625321594,0,86c2921f,51474291298926599",你好爱他,0
"411.55900,1,25,16777215,1625321216,0,c7d3f21,51474093294747651",你好爱他,0
"417.72900,1,25,16777215,1625320666,0,d093fd5f,51473805157072903",你好爱他！,0
"475.75900,1,25,16777215,1625320573,0,b0f87115,51473756065890309",恶心心,1
"425.27300,1,25,16777215,1625320055,0,e4f92a4e,51473484860620805",你好爱他,0
"472.54600,1,25,16777215,1625319828,0,5a3ca7c,51473365433057285",恶心心,1
"318.03900,1,25,16777215,1625319466,0,ea861c08,51473175578935301",前面佳哥的是姐妹啊哈哈哈,0
"41.07900,1,25,16777215,1625319313,0,e4f92a4e,51473095735640067",你好爱他哈哈哈呵呵呵,0
"403.20600,1,25,16777215,1625318465,0,c1d8ea58,51472651066015749",你好爱他,0
"411.15700,1,25,16777215,1625315524,0,7443375b,51471108943118341",你好爱他,0
"57.21300,1,25,16777215,1625314451,0,1d9cd84a,51470546270420995",这次我居然猜对了！,3
"8.15900,1,25,16777215,1625314217,0,ee99a41a,51470424044732423",你好爱他,0
"316.28700,1,25,16777215,1625313762,0,9bfa1722,51470185028124679",前面说伯贤和爱丽的笑死我我刚想说,0
"413.10400,1,25,16777215,1625312840,0,b6ca84e7,51469701949161479",你好爱他,0
"318.96100,1,25,16777215,1625312626,0,e65f737,51469589498822661",这个界面像剑与远征啊,0
"44.34800,5,25,16707842,1625312596,0,babd6fb9,51469574080561159",这个男人终于对他的粉丝下手了,0
"423.18000,1,25,15138834,1625312316,0,10c99f1d,51469426982125571",你好爱他,0
"10.05900,1,25,16777215,1625312131,0,91ea68d4,51469330066964485",你好爱他,0
"10.35900,1,25,15138834,1625312037,0,1d40df91,51469280622411783",你还爱他啊（bushi）,0
"20.72200,1,25,16777215,1625311201,0,1fbc752f,51468842768531461",你真爱他,0
"71.39900,5,25,15138834,1625310898,0,7224cb70,51468683623006215",没有打码，差评,2
"400.07700,1,25,16777215,1625310644,0,110f7803,51468550452805635",磕到了磕到了！,1
"22.21000,1,25,16777215,1625310462,0,9f8b2ca1,51468455249444867",你好爱他,0
"423.93900,1,25,16777215,1625310458,0,d701a1a0,51468452864458755",你好爱他,0
"0.49900,1,25,16777215,1625310350,0,110f7803,51468396601016327",你真的好爱她,0
"0.49900,1,25,16777215,1625310340,0,110f7803,51468390970687491",你真的好爱他,0
"406.32100,1,25,16777215,1625310174,0,1060ce70,51468304378232839",你好爱他,0
"442.30500,1,25,16777215,1625310108,0,8b2c8e3f,51468269655687171",你就这么爱他吗,2
"8.09900,1,25,16777215,1625309752,0,1060ce70,51468082657886211",你好爱他,0
"7.57900,1,25,16777215,1625308336,0,b1e01e70,51467340457967621",你还爱他,2
"215.93900,1,25,16777215,1625307718,0,53aa1bf2,51467016713273351",草，真实，我还要问我姐妹,3
"28.91800,1,25,16777215,1625307592,0,fb56753b,51466950515621893",深深!深深!深深!,0
"405.25900,1,25,16777215,1625307035,0,2e9b8223,51466658274344963",你好爱他,0
"3.67900,1,25,16777215,1625306983,0,b0f7d913,51466631318077443",你好爱他,0
"387.50900,1,25,16777215,1625306678,0,7e2635d1,51466471076790279",你搁这打排球？？？,2
"0.00000,1,25,16777215,1625306526,0,470012f9,51466391693819911", 你好爱他,0
"32.73900,1,25,16777215,1625306488,0,80399640,51466371368747011",哈哈哈哈哈哈哈哈哈哈哈,0
"5.13900,1,25,14811775,1625305786,0,37ea382b,51466003482673155",你好爱他,0
"408.13900,1,25,16777215,1625305490,0,f9453b9e,51465848486887427",你太爱他了,0
"156.09900,1,25,16777215,1625305400,0,3cd6f280,51465801187196935",你好爱他,0
"430.17100,1,25,16777215,1625305306,0,356cbee6,51465752006885383",你好爱他,0
"477.13900,1,25,16777215,1625305007,0,2c4830ed,51465595138867203",?,3
"430.53500,1,25,16777215,1625304927,0,f18d3c2b,51465552999743493",你好爱他,0
"433.52400,1,25,14811775,1625304629,0,1297c7aa,51465397165621251",你好爱他,0
"430.60400,1,25,16777215,1625304335,0,3be169f0,51465242786922499",你好爱他,0
"49.41900,1,25,16777215,1625302837,0,d43e5be,51464457541386311",你好爱他,0
"5.03100,1,25,14811775,1625302789,0,77d6f10f,51464432052076547",你好爱他,0
"15.16300,1,25,16707842,1625302399,0,7a5cec51,51464228008099845",你好爱他,0
"8.56800,1,25,16777215,1625301654,0,72d8fe98,51463836936437765",你好爱他,0
"382.73700,1,25,16777215,1625301075,0,d77c0f71,51463533826670597",放飞自我,0
"223.98100,1,25,16777215,1625300880,0,d77c0f71,51463431308967939",哈哈哈哈哈哈,0
"210.16900,1,25,16777215,1625300828,0,d77c0f71,51463404196986883",这一句啥都不会我好喜欢,0
"254.04300,1,25,16777215,1625300651,0,7edc1eed,51463311447293957",哈哈,0
"4.15900,1,25,16777215,1625299781,0,f0c2f8c5,51462855372832771",你好爱他,0
"8.38400,1,25,16777215,1625299223,0,4cfd0c3d,51462562357182469",你好爱他,0
"402.28000,1,25,16777215,1625298925,0,1aabf35c,51462406439174151",你好爱他,0
"58.41900,1,25,16777215,1625298925,0,ab2871d7,51462406588596229",我居然得奖了,0
"410.13000,1,25,16777215,1625298901,0,e95dcf5,51462394085376003",你好爱他,0
"497.69000,1,25,16777215,1625298827,0,6c55a69f,51462355124486149",？？？不对劲，不对劲，快跑,1
"405.30100,5,25,6830715,1625298450,0,f09f69d4,51462157281263619",你好爱他,0
"336.06700,1,25,16777215,1625295620,0,857899c3,51460673807319045",笑死我也有这个,0
"412.61500,1,25,16777215,1625295244,0,1848781e,51460476668739589",你好爱他,0
"379.74000,1,25,16777215,1625294540,0,b9d07226,51460107525423111",第一次听到他说话那么大声,3
"479.08900,1,25,16777215,1625294369,0,80dde474,51460017585913859",红buff！！！yyds,0
"30.25700,1,25,16777215,1625294258,0,7f388bae,51459959467540483",绝了我还三连这几个视频了,0
"349.12700,5,25,41194,1625294086,0,dec7cf32,51459869386997767",哈哈哈哈哈哈深深你怎么又来了,0
"56.67900,5,25,15138834,1625292970,0,a54347ee,51459284156284931",你怎么读秒的，我真的生气了,2
"386.03100,1,25,16777215,1625292968,0,86efaf4e,51459283236159495",排球人，DNA动了,0
"48.29900,1,25,16777215,1625292967,0,6a24ae4,51459282687754243",你好爱他,0
"20.13900,5,25,15138834,1625292907,0,a54347ee,51459251080527877",你好矮,2
"17.87900,5,25,15138834,1625292890,0,a54347ee,51459242133553157",你好爱他,0
"286.40700,1,25,16777215,1625292880,0,2877978a,51459237023318019",哈哈哈哈哈哈,0
"8.97900,5,25,15138834,1625292877,0,a54347ee,51459235608788999",你好爱他,0
"5.89900,1,25,16777215,1625292867,0,a54347ee,51459230479155207",你好爱他,0
"254.85200,1,25,16777215,1625292444,0,149e1736,51459008568492035",哈哈哈哈哈哈哈哈哈哈哈哈,0
"70.19000,1,25,16777215,1625292401,0,39ed406e,51458986024632327",hhhhhh,0
"352.22200,1,25,16777215,1625291995,0,f09ae80a,51458772875345923",生米被cue，瞳孔地震,3
"15.39300,1,25,16777215,1625291980,0,149e1736,51458765138952199",你好爱他,0
"45.45900,1,25,16777215,1625290836,0,cd5eb1ec,51458165384937477",我自己给自己颁奖，狗头保命,0
"4.17900,1,25,16777215,1625290827,0,fc9d4475,51458160866099205",你好爱他,0
"96.81400,1,25,16777215,1625290397,0,48b71b3,51457935130755075",？？这和山人有什么关系,2
"406.91000,1,25,16777215,1625289973,0,1d780d0b,51457712825303047",你好爱他,0
"8.89900,1,25,16777215,1625289871,0,37b8c43,51457659540340739",你好爱他,0
"13.17900,1,25,16777215,1625289498,0,1d780d0b,51457464059035651",你好爱他,0
"397.95900,1,25,16777215,1625289299,0,17c16a43,51457359660711941",泪目,1
"321.57900,1,25,16777215,1625289118,0,c5478f0d,51457264500342791",我都没揍到（委屈）,1
"231.65900,1,25,16777215,1625289013,0,c5478f0d,51457209678168067",哈哈哈哈哈,0
"222.29900,1,25,16777215,1625289001,0,c5478f0d,51457203221561347",捂脸,3
"222.29900,1,25,16777215,1625288996,0,c5478f0d,51457200933568519",捂脸,3
"26.51900,1,25,16777215,1625288923,0,17c16a43,51457162505879555",你好爱他,0
"411.13800,1,25,16777215,1625288337,0,ea4df697,51456855256858629",你好爱他！,0
"37.71600,1,25,16777215,1625287932,0,ae7f1c6,51456642881945607",公开处刑,2
"112.37900,1,25,16777215,1625287447,0,4aca12d9,51456388486922243",缺德？,2
"483.39900,1,25,16777215,1625287359,0,dc522ac1,51456342482747397",？！,3
"430.34600,1,25,16777215,1625287308,0,f5d9c9c0,51456315932278789",你好爱他,0
"408.32000,1,25,16777215,1625286819,0,596a819b,51456059193163783",你好爱他,0
"13.74000,1,25,16777215,1625286754,0,b69af2c9,51456025304236037",你好爱她,0
"486.77900,1,25,16777215,1625286474,0,a93740dd,51455878644629507",恶心心,1
"437.09200,1,25,16777215,1625286425,0,a93740dd,51455852637847555",你好爱他,0
"445.60000,1,25,16777215,1625286397,0,469762fc,51455838390321155",不对劲,3
"30.83400,1,25,16777215,1625286295,0,596a819b,51455784831680517",你好爱他,0
"43.38700,1,25,16777215,1625285768,0,2de14787,51455508212088835",你好爱他,0
"144.84800,1,25,16777215,1625285598,0,f2e7f04e,51455419077361669",DNA,0
"91.36900,1,25,16777215,1625285539,0,f2e7f04e,51455388077785091",山人懵逼,1
"24.30800,1,25,16777215,1625285462,0,f2e7f04e,51455347725434883",你 好 爱 他,0
"66.90000,1,25,16777215,1625285376,0,a9e16c05,51455303046135811",shun,0
"402.32300,5,25,16707842,1625284787,0,c1ae661,51454993918066693",你好爱他！！！！！,0
"276.79800,1,25,16777215,1625284639,0,c1ae661,51454916169302019",哈哈哈哈哈哈哈哈哈哈哈哈哈哈哈哈哈哈哈哈哈哈,0
"230.50400,1,25,16777215,1625284574,0,c1ae661,51454882133049351",哈哈哈哈哈哈哈哈哈哈哈哈哈哈哈哈哈哈哈哈哈哈,0
"128.70200,1,25,16777215,1625284452,0,c1ae661,51454818631286791",哈哈哈哈哈哈哈哈哈哈哈哈哈哈哈哈哈哈哈哈哈哈,0
"493.24600,1,25,16777215,1625284283,0,8184b6b1,51454729782296583",青春油你,0
"486.11800,1,25,16777215,1625284238,0,8184b6b1,51454706087624711",恶心心,1
"407.13200,1,25,16777215,1625284191,0,50179b6c,51454681797361671",你好爱他,0
"422.20600,1,25,16777215,1625284167,0,8184b6b1,51454669019938823",你好爱他,0
"53.71900,1,25,16777215,1625284031,0,7ebcad,51454597857280003",我得奖了！！！,0
"5.25800,1,25,16777215,1625283770,0,50179b6c,51454460923740165",你好爱他,0
"2.31500,5,25,14811775,1625283649,0,164784c8,51454397651091461",你好爱他,0
"491.93800,1,25,16777215,1625283128,0,719b06c6,51454124190334983",e xin xin,0
"30.54400,1,25,16777215,1625282745,0,61c20c44,51453923275833347",深深唱的版本,0
"398.81200,1,25,16777215,1625282697,0,46c2e9d8,51453898502176771",你好爱他,0
"482.36600,1,25,16777215,1625282651,0,f3013bd7,51453874190942215",恶心心,1
"105.21900,1,25,16777215,1625282604,0,a772af69,51453849489637383",完蛋玩意怎么炸出这么多山人,2
"409.57400,1,25,16777215,1625282574,0,f3013bd7,51453833538699271",你好爱他,0
"418.54000,1,25,16777215,1625282486,0,9d8a9955,51453787758919687",你好爱他,0
"9.63900,1,25,11890,1625282453,0,8bad3378,51453770100375559",你好爱他,0
"22.04600,1,25,16777215,1625282324,0,ca372977,51453702879838213",你好爱他,0
"24.33900,1,25,16777215,1625282226,0,72a9307d,51453651262636037",惊现我深,3
"10.98200,1,25,16777215,1625282099,0,f3013bd7,51453584905601029",你好爱他,0
"410.38900,1,25,16777215,1625281978,0,851246fd,51453521328865285",你好爱他,0
"19.40200,1,25,16777215,1625281767,0,41851076,51453410543140871",原来你还爱着他,0
"491.92700,1,25,16777215,1625280815,0,7d821d80,51452911526871045",绝了,0
"481.96800,1,25,16777215,1625280805,0,7d821d80,51452906292379653",绝了,0
"326.90200,1,25,16777215,1625279840,0,f571590e,51452400191406085",最近已经打不过了,1
"426.51900,1,25,16777215,1625279443,0,99ae2015,51452192149733379",泪目,1
"10.17900,1,25,16777215,1625278700,0,4fe90fa0,51451802599555139",你好爱他,0
"441.01900,1,25,16777215,1625278607,0,50d01534,51451753866461191",你好爱他,0
"33.12500,1,25,16777215,1625278303,0,1bb7b266,51451594692624391",你好爱他,0
"81.50100,1,25,16777215,1625278157,0,27fa20d4,51451517793730563",获奖的竟是我自己,0
"424.80700,1,25,16777215,1625278055,0,c94642d9,51451464262877187",你好爱他,0
"438.90700,1,25,16777215,1625277522,0,811a7d98,51451185095770119",爱她，你,0
"408.04000,1,25,16777215,1625276525,0,885c6016,51450662384828419",你好爱他,0
"0.71400,1,25,16777215,1625276380,0,ac00797d,51450586267648007",你好爱他,0
"25.50300,1,25,16777215,1625275661,0,ed4a041c,51450209576157187",惊现深深,3
"315.35600,1,25,16777215,1625275209,0,faed26c6,51449972376731651",哈哈哈哈哈哈哈哈哈,0
"278.91500,1,25,16777215,1625275166,0,faed26c6,51449949762093061",哈哈哈哈哈哈哈哈哈,0
"25.67900,1,25,16777215,1625275158,0,58dfe3c,51449945834651653",你好爱他,0
"242.82300,1,25,16777215,1625275124,0,faed26c6,51449927831650309",哈哈哈哈哈哈哈哈,0
"15.21300,1,25,16777215,1625274884,0,faed26c6,51449801785475079",你好爱他,0
"511.65500,1,25,16777215,1625274845,0,faed26c6,51449781609299973",排面,0
"409.07800,1,25,16777215,1625274638,0,faed26c6,51449672760819717",你好爱他,0
"420.04900,1,25,16777215,1625274353,0,e5fc3e91,51449523458801667",你好爱他,0
"489.91500,1,25,16777215,1625274347,0,318b2176,51449520223944709",叠词词，恶心心,1
"119.60400,1,25,16777215,1625273880,0,318b2176,51449275423391747",哈哈哈哈哈哈哈哈哈笑死我吧！！,0
"20.68700,1,25,16777215,1625273872,0,42bcb807,51449271597137927",你好爱他,0
"154.69900,1,25,14811775,1625273752,0,b507d3ee,51449208666324995",我笑得不能活,0
"17.61900,1,25,14811775,1625273600,0,b507d3ee,51449128795766791",你好爱他,0
"410.71500,5,25,14811775,1625273390,0,2168843,51449018585710595",你好爱他,0
"349.53500,1,25,15138834,1625272592,0,112e7012,51448600258936837",哈哈哈哈哈突然出现周深对不起哈哈哈,0
"414.52500,1,25,14811775,1625271912,0,5170aae3,51448243565363203",你好爱他,0
"427.75900,1,25,16777215,1625271868,0,6d851f57,51448220630384643",你真的好爱他,0
"431.23000,5,25,16707842,1625271813,0,46a6fe6e,51448192036241415",鬼见条,3
"247.22400,1,25,14811775,1625271712,0,5170aae3,51448138725588999",哈哈哈哈哈哈,0
"105.51900,1,25,16777215,1625271526,0,6d851f57,51448041216409603",谢谢，我得奖了,0
"32.77900,1,25,14811775,1625271371,0,5170aae3,51447960306712579",哈哈哈,0
"3.37900,1,25,14811775,1625271338,0,5170aae3,51447942738870277",你好爱他,0
"1.70000,1,25,16777215,1625271149,0,b710c3ac,51447843941515271",你好爱他,0
"417.56200,1,25,16777215,1625269892,0,1cb3ca3,51447184825516035",你好爱他,0
"410.73900,1,25,16777215,1625268137,0,40d07ec6,51446264534401027",你好爱他,0
"30.15900,1,25,16777215,1625267752,0,40d07ec6,51446062789427207",哈哈哈哈哈哈哈哈哈,0
"488.22700,1,25,16777215,1625267446,0,54f4f6c8,51445902100922371",恶熏熏,1
"422.72700,1,25,16777215,1625267375,0,54f4f6c8,51445864975040515",你好爱他,0
"16.30200,1,25,16777215,1625266969,0,54f4f6c8,51445652228931587",你好爱他,0
"390.47600,1,25,16777215,1625249173,0,c0b8bf9d,51436321903214597",你好爱他,0
"17.06600,1,25,16777215,1625248270,0,c0b8bf9d,51435848513093637",你好爱他,0
"492.93300,1,25,16707842,1625247293,0,5fcf8452,51435336596717573",恶心心,1
"442.97300,1,25,16707842,1625247241,0,5fcf8452,51435308856639493",你好爱他,0
"263.03900,1,25,16707842,1625246968,0,5fcf8452,51435166058414085",好家伙，我直呼好家伙,0
"84.29500,1,25,16646914,1625246429,0,f3a20dd2,51434883392208903",笑死，你好爱他,0
"49.46900,1,25,16777215,1625244978,0,eb857ef3,51434122509811715",你好爱他,0
"495.93000,1,25,16777215,1625244898,0,30bf8f4,51434080691027975",恶心心,1
"435.83700,1,25,16777215,1625244008,0,eda4de26,51433614184284165",你好爱他,0
"10.21900,1,25,16777215,1625243397,0,42a62caf,51433293821247495",你好爱他,0
"70.27600,1,25,16777215,1625242663,0,f699ccf7,51432908689244163",你好爱他,0
"20.57700,1,25,16777215,1625241281,0,da1fdfa2,51432184456151045",你好爱他,0
"418.77200,1,25,16777215,1625239990,0,a8cf021,51431507731415043",人人都有一个排球梦吗？,2
"81.22200,1,25,38979,1625239946,0,9ebb61b2,51431484405841927",啊我洛基！,3
"445.94300,1,25,6830715,1625239943,0,cc1c2452,51431482667302919",你好爱他,0
"24.20700,1,25,41194,1625239825,0,9ebb61b2,51431420767764483",深深！,0
"413.65900,5,25,14811775,1625239084,0,2999c5b,51431032746409991",你好爱他！,0
"34.23900,1,25,16777215,1625238804,0,37da3810,51430885628051459",你好爱他,0
"9.53300,5,25,14811775,1625238352,0,c28b7a22,51430648725897221",你好爱他,0
"412.29700,1,25,16777215,1625237193,0,fc888e7d,51430041092358149",你好爱他,0
"4.21900,5,25,16777215,1625237165,0,fd00bdbd,51430026296950791",你好爱他,0
"18.59100,1,25,16777215,1625237045,0,f69b271e,51429963658690565",你好爱他,0
"24.19900,1,25,16777215,1625237017,0,a488bcc7,51429949022142467",哈哈哈哈哈,0
"86.61900,1,25,16777215,1625236856,0,3520d473,51429864615968773",大家少点ky啊，路人不太喜欢。,2
"398.93900,1,25,16777215,1625235489,0,4041aee4,51429147452899331",鲁鲁修啊啊啊啊啊,0
"29.73100,1,25,16777215,1625235256,0,fd778ea3,51429025664466949",周深！！,0
"177.00500,1,25,16777215,1625234589,0,fe156e9,51428675616768003",雀实,0
"124.97600,1,25,16777215,1625234533,0,fe156e9,51428646197395459",哈哈哈哈哈哈哈哈哈哈,0
"114.95400,1,25,16777215,1625234517,0,fe156e9,51428638182604803",谢谢谢谢家人们,0
"11.60200,5,25,15138834,1625233280,0,dba8585a,51427989622620163",你好爱他,0
"31.44700,1,25,16777215,1625233211,0,409dfdfd,51427953222877191",你好爱他,0
"424.79200,1,25,14811775,1625233015,0,fa4dcb87,51427850774380549",你好爱他,0
"251.94400,1,25,16777215,1625232240,0,692132fd,51427444529823751",哈哈哈哈哈哈哈哈哈,0
"10.69900,1,25,16777215,1625231696,0,fd7790d9,51427159144136707",你好爱他,0
"22.60700,5,25,41194,1625231539,0,ddd65f2b,51427076833017861",惊现周深!,3
"234.25600,1,25,16777215,1625230720,0,8ce0c18e,51426647068901383",哈哈哈哈哈,0
"115.81400,1,25,16777215,1625230597,0,8ce0c18e,51426583105241095",夸得我不好意思了都,0
"410.92000,1,25,16777215,1625230009,0,7d0ef45c,51426274764652551",你好爱他,0
"341.14900,1,25,16777215,1625229928,0,7d0ef45c,51426232369152007",黄出了圈哈哈哈哈哈,0
"164.57700,1,25,16777215,1625229654,0,7d0ef45c,51426088701657091",就这么爱吗,2
"408.89200,1,25,16777215,1625229564,0,4f662c35,51426041304973317",下次丕定,0
"354.38500,1,25,16777215,1625229500,0,4f662c35,51426007885807623",？？？你骂谁？,2
"430.63900,1,25,16777215,1625228499,0,e0b8e856,51425482768908293",你好爱他,0
"151.94800,1,25,16777215,1625227898,0,9a950382,51425168011558919",耶斯莫拉,0
"130.33900,1,25,16777215,1625227864,0,c59be266,51425149893214215",谢谢，这是我应得的,0
"503.31500,1,25,16777215,1625227122,0,5087851a,51424761155158023",啊！你好爱他！,0
"400.57900,1,25,16777215,1625226159,0,93775350,51424256166723589",你好爱他啊,0
"415.18800,5,25,14811775,1625225917,0,1707cebe,51424129356660743",你真的好爱他,0
"5.29900,1,25,16777215,1625225372,0,1707cebe,51423843520086023",你好爱他,0
"10.91900,1,25,16777215,1625223875,0,cc06dc77,51423058749030403",你好爱他,0
"37.73900,1,25,16777215,1625222926,0,e9f34007,51422560733626373",ふわふわ,1
"12.81000,1,25,14811775,1625222583,0,51939b17,51422381385711619",你好爱他,0
"4.57900,1,25,16777215,1625221983,0,4f3241aa,51422066656149509",你好爱他,0
"74.21900,5,25,15138834,1625221283,0,ee4dc19f,51421699757309959",谢谢大家,0
"136.99300,1,25,16777215,1625220897,0,febab620,51421497428803591",哈哈哈哈哈哈哈害修,0
"51.31000,1,25,16777215,1625220558,0,1e5c2699,51421319295664131",0,2
"8.33900,1,25,16777215,1625220550,0,21d35b4d,51421315543859203",你好爱他,0
"14.27900,5,25,16707842,1625220419,0,d0f20996,51421246604705797",你好爱他,0
"13.85300,1,25,16777215,1625220403,0,f8748ff9,51421238318858247",你好爱他、,0
"51.22800,1,25,16777215,1625220399,0,707b910c,51421236058128389",能不能把你的片头换掉。真的很夸张,2
"514.01100,1,25,16777215,1625217961,0,f206f32c,51419957727592453",中年笋丝 老板：你礼貌吗,0
"8.23900,1,25,16777215,1625217698,0,f875ad0c,51419820288638979",你好爱他,0
"479.08900,1,25,16777215,1625216812,0,cc0beba,51419355436548101",恶心心,1
"408.31900,1,25,16777215,1625216768,0,9d1b3bfa,51419332674584581",你好爱他你好爱他,0
"14.21900,1,25,16777215,1625216708,0,9205f7d2,51419300772708357",你好爱他,0
"8.89900,1,25,16777215,1625216364,0,9d1b3bfa,51419120400334853",你好爱他,0
"25.49900,1,25,16777215,1625215995,0,9d8d4117,51418927246344195",哈哈哈,0
"351.74100,5,25,16777215,1625215983,0,b8f20f51,51418921082290181",救命，我以为利路修在抠脚。我去,1
"6.69900,1,25,16777215,1625214179,0,42720093,51417975074324487",你好爱他,0
"113.81900,1,25,38979,1625213600,0,956df464,51417671690878981",《春笋》,0
"17.49900,1,25,38979,1625213479,0,956df464,51417607975731207",他也爱你,0
"7.89900,1,25,16777215,1625213459,0,956df464,51417597567565829",你好爱他,0
"420.10400,1,25,16777215,1625211627,0,9ecf9716,51416636940353543",你好爱他,0
"7.52600,1,25,16777215,1625210894,0,9ecf9716,51416252958113797",你好爱他,0
"277.20700,1,25,16777215,1625209551,0,f9e2eea5,51415548739715077",小雨哥哥哈哈哈哈哈哈哈哈,0
"31.95900,1,25,16777215,1625209015,0,ebed65fb,51415267698278407",瑞幸？,3
"410.47100,1,25,16777215,1625208643,0,d041d638,51415072793690115",xswl你好爱他,0
"474.44200,1,25,16777215,1625208413,0,aba4f65b,51414952336949255",叠词词恶心心,1
"406.49000,1,25,16777215,1625208343,0,aba4f65b,51414915565486083",你好爱他,0
"6.61000,1,25,16777215,1625208124,0,454fe0ca,51414800514154501",你好爱他,0
"409.56200,1,25,14811775,1625207942,0,792755e9,51414705014571143",你好爱他,0
"71.29200,1,25,16777215,1625207712,0,6736210d,51414584775409671",妈妈我得奖了,0
"22.51700,1,25,16777215,1625207664,0,6736210d,51414559203786757",你好爱他,0
"34.51600,1,25,16777215,1625206233,0,b5b46759,51413809024204805",哈哈哈,0
"421.82000,1,25,16777215,1625206043,0,b2d20bd4,51413709320880135",你好爱他,0
"19.87800,1,25,16777215,1625205553,0,742b1a1,51413452461703175",你好爱他,0
"231.45900,1,25,16777215,1625205333,0,bc496d88,51413337355845635",哈哈哈哈哈哈,0
"401.65000,1,25,16777215,1625205270,0,80970178,51413304307875847",all hail lelouch！,0
"245.89000,1,25,16777215,1625205090,0,80970178,51413209789759491",莲粉突然吃到自己家……,0
"74.79900,1,25,16777215,1625204311,0,203a5561,51412801370456067",谢谢谢谢,0
"1.41900,1,25,16777215,1625204232,0,203a5561,51412759995219975",你好爱他我也爱他,0
"249.73000,1,25,16777215,1625204027,0,d59afab0,51412652780421123",有被内涵到,2
"178.95300,1,25,16777215,1625203947,0,d59afab0,51412610653356037",山人DNA动了,0
"421.38800,1,25,16777215,1625203889,0,21be061a,51412580124590085",你好爱他,0
"108.07400,1,25,16777215,1625203865,0,d59afab0,51412567676420099",缺了大德了,2
"231.10100,1,25,16777215,1625201586,0,3791be30,51411372839796739",哈哈哈哈哈哈哈哈,0
"462.05000,5,25,16776960,1625201146,0,c1ec1edd,51411142112182275",你好爱他   你好爱他,0
"493.96400,1,25,16777215,1625200750,0,f667a2b7,51410934531883013",你们的爱情，已经被甲方捕获,2
"234.74000,1,25,16777215,1625200686,0,73e845a4,51410901127921671",这样真的很容易被资本利用,2
"106.77800,1,25,16777215,1625199972,0,db84bdcd,51410526542495747",缺德hhh,0
"142.66000,5,25,15138834,1625199694,0,a715d233,51410380827131911",山人DNA又又又动了!,0
"84.30000,1,25,15138834,1625199560,0,a715d233,51410310372261893",山人DNA动了!,0
"6.25900,1,25,16777215,1625199553,0,7f20fc2b,51410306987982853",你好爱他,0
"399.96500,1,25,16777215,1625199068,0,734e320,51410052575657991",你好爱他,0
"3.87100,1,25,16777215,1625198194,0,a6cc3526,51409594398801923",你好爱他,0
"7.86500,1,25,16777215,1625198068,0,e6d01046,51409528433410053",你好爱他,0
"18.85900,1,25,16707842,1625197585,0,5052f4c8,51409274977386503",你好爱他,0
"18.11900,1,25,15138834,1625197580,0,5052f4c8,51409272219107331",你好爱他,0
"22.23900,1,25,16777215,1625197265,0,23cf4b3d,51409107523469315",你好爱他,0
"116.64000,1,25,16777215,1625196985,0,d6efedeb,51408960536182787",山人ky能力第一名，不知道还以为山河令是利路修演的,0
"6.73900,1,25,14811775,1625196807,0,7acb5f26,51408867027320837",你好爱他,0
"250.61400,1,25,16777215,1625195690,0,16fe1ca4,51408281723731975",请收下我的膝盖,0
"29.29900,1,25,16777215,1625194745,0,38548363,51407786251124741",你好爱他,0
"57.25400,1,25,6830715,1625193865,0,25480c3e,51407324508585989",你好爱他,0
"35.05300,1,25,16777215,1625193842,0,25480c3e,51407312898752517",你好爱他,0
"408.19000,1,25,14811775,1625193508,0,51e04e13,51407137363460103",你好爱他,0
"391.08700,1,25,16777215,1625193253,0,16d5efc6,51407004085256197",Color！！！,0
"9.43900,1,25,16777215,1625191548,0,f62d0799,51406109717561351",你还爱他,2
"7.93300,1,25,16777215,1625191262,0,1a30538f,51405959969898501",你好爱他,0
"2.45900,1,25,14811775,1625191029,0,88d31d9d,51405837821280261",真爱无疑,0
"381.81900,1,25,16777215,1625190309,0,66c32466,51405460305608775",哈哈哈哈哈哈哈哈好开心,0
"343.75900,1,25,16777215,1625190266,0,66c32466,51405437822042117",双向背赴,2
"300.97900,1,25,16777215,1625190209,0,66c32466,51405407739445255",哈哈哈哈哈哈哈哈,0
"385.32100,1,25,16777215,1625189351,0,4774a3dd,51404958056579075",哈哈哈哈哈哈哈哈哈,0
"382.94900,1,25,16777215,1625188000,0,ea8cf284,51404249789628423",哈哈哈哈哈哈哈哈哈,0
"408.49100,1,25,16777215,1625187657,0,9abdca74,51404070053740551",你好爱他,0
"410.50900,1,25,16707842,1625187393,0,1394b68c,51403931328184323",你好爱他,0
"410.50900,1,25,16707842,1625187371,0,1394b68c,51403919743516677",你好爱他,0
"348.92500,1,25,16777215,1625187058,0,63e06cc9,51403755844272135",周深你反思一下怎么又有你,2
"405.08300,1,25,16777215,1625187057,0,2a324386,51403755208310791",你好爱他,0
"25.14500,1,25,16777215,1625186672,0,63e06cc9,51403553709752323",用深深的歌，你币有了！,0
"3.68800,1,25,16777215,1625184367,0,25bc10e2,51402345029304325",你好爱他,0
"413.53900,1,25,6830715,1625179013,0,cd0ee99a,51399538008129539",你好爱他,0
"348.82700,1,25,16777215,1625175800,0,28fc706,51397853498048517",hhhhhh深深,0
"418.73500,1,25,16777215,1625169265,0,887874e3,51394427221442565",你好爱他,0
"14.27900,1,25,16777215,1625168697,0,887874e3,51394129658642439",你好爱他,0
"10.71900,1,25,15138834,1625167370,0,6dca08,51393433805783047",你一直爱他,0
"23.79800,1,25,16777215,1625161401,0,d9e58418,51390304299253765", 深深！？,0
"417.63700,1,25,16777215,1625159962,0,a44739ed,51389549686816775",你好爱他,0
"419.16500,1,25,16777215,1625158142,0,fc2f6d29,51388595384614917",啊！你好爱他,0
"395.69900,1,25,16777215,1625157153,0,811ba25e,51388077125926919",你好爱他！我们都好爱他！！！,0
"407.97900,1,25,16777215,1625156676,0,44861bc9,51387826744852483",你好爱他,0
"398.43200,1,25,16777215,1625156611,0,8592ecfc,51387792882139141",你真的好爱他,0
"67.93900,1,25,16777215,1625156289,0,8592ecfc,51387624030994437",感谢大家！得到这个奖是我应得的,0
"6.21900,1,25,16777215,1625156177,0,8592ecfc,51387565535133703",你好爱他,0
"347.55300,1,25,16777215,1625155862,0,953d43d1,51387400378646531",深深！！！,0
"25.93900,1,25,16777215,1625155731,0,e6458333,51387331287973893",啊啊啊！深深！,0
"432.37900,1,25,16777215,1625154605,0,d78ed095,51386741211791363",你真的好爱他啊,0
"17.99400,1,25,16777215,1625153095,0,d06ffb71,51385949412130819",你好爱他,0
"423.37900,1,25,16777215,1625152189,0,a4c99a77,51385474459631621",你好爱他,0
"409.61900,1,25,15138834,1625152085,0,3a8c184d,51385420160172039",你好爱他,0
"12.71300,1,25,16777215,1625151746,0,a26bfbad,51385242151813123",你好爱他,0
"18.03800,1,25,15138834,1625151681,0,3a8c184d,51385208225136643",你好爱他,0
"6.18400,1,25,16777215,1625151457,0,bda6df07,51385090838102021",你好爱他,0
"472.89900,1,25,16777215,1625151030,0,6a89f20e,51384866783625223",叠词词，恶心心,1
"347.46600,1,25,4351678,1625150891,0,35f2989a,51384793820561411",周深梅开二度哈哈哈哈哈哈哈哈哈哈,0
"130.29500,1,25,16777215,1625150808,0,57111eb5,51384750576238595",这么半天了说啥呢？？？,2
"6.81900,1,25,16777215,1625150477,0,6a89f20e,51384576990248967",你好爱他,0
"98.35400,1,25,16777215,1625149561,0,6363cdfa,51384096861978629",天下风云出我辈，一入江湖岁月催是岭ost歌词,0
"82.81700,1,25,16777215,1625149277,0,7277a1dc,51383947595612165",洛基：？,3
"4.71900,1,25,16777215,1625149180,0,ed493933,51383896669945863",你好爱他,0
"8.64000,1,25,16707842,1625148290,0,2fb23dab,51383430496649223",你好爱他,0
"233.29900,1,25,16777215,1625147977,0,e963638b,51383266203140101",哈哈哈哈哈哈笑死我了,0
"16.95000,1,25,16777215,1625147871,0,2b754e5c,51383210555211779",你好爱他,0
"0.65900,1,25,14811775,1625147777,0,7b94a66b,51383161137397765",你好爱他,0
"435.31900,1,25,16777215,1625146998,0,a32cda0f,51382752665141251",你好爱他,0
"43.88900,5,25,14811775,1625146659,0,1fea8abb,51382575115010055",就你和他双向奔赴是不？,2
"11.03900,1,25,16777215,1625146570,0,eb4608eb,51382528719192131",你好爱他,0
"9.69900,1,25,16777215,1625146267,0,b45ec8ca,51382369768177667",你好爱他,0
"403.73300,1,25,16777215,1625145843,0,551bbf4e,51382147375169543",你好爱他,0
"12.29900,1,25,16777215,1625145576,0,300f66ea,51382007566434311",你好爱他,0
"475.03200,1,25,16777215,1625144948,0,636f9183,51381678073446405",叠词词，恶熏熏,2
"409.55200,1,25,16777215,1625144868,0,636f9183,51381636416667655",你好爱他,0
"40.38000,1,25,16777215,1625144369,0,636f9183,51381374601396227",你好爱他,0
"15.46300,1,25,16777215,1625143748,0,4916254d,51381048896389123",你好爱他,0
"229.55200,1,25,16777215,1625143235,0,693ce721,51380780151078915",哈哈哈哈哈哈哈哈哈哈哈哈,0
"9.07600,1,25,16777215,1625142953,0,560b8c7d,51380631997251587",你好爱他,0
"72.23900,5,25,15138834,1625142624,0,4b12a8bd,51380459647533061",谢谢大家！,0
"449.42200,1,25,16777215,1625142508,0,73bc721b,51380398985314309",你好爱他,0
"251.84900,1,25,16777215,1625142203,0,1646451c,51380239171321859",哈哈哈哈哈哈哈,0
"4.56200,1,25,16777215,1625141639,0,f7179b02,51379943303544835",你好爱他,0
"25.67900,1,25,16777215,1625141628,0,f10b7ef5,51379937648050181",深深！,0
"159.07900,1,25,16777215,1625141300,0,3fd6f19e,51379765598748679",你好爱他,0
"424.22700,1,25,16777215,1625140420,0,cfa119d9,51379303959494663",你好爱他,0
"14.07600,1,25,16777215,1625140398,0,dfcf8f,51379292423585797",你好爱她,0
"29.57900,1,25,16777215,1625140220,0,be30aaae,51379199256559623",你好爱他,0
"279.61200,1,25,16777215,1625139842,0,2d49ffe,51379001115541509",我儿子!,0
"433.55100,1,25,16777215,1625139483,0,50587c12,51378812978462723",啊！他好爱他,0
"3.38600,1,25,14811775,1625138973,0,809fa6c1,51378545302175749",你好爱他,0
"16.80900,1,25,15138834,1625138852,0,2f53a933,51378482155880455",你好爱他,0
"430.97500,1,25,14811775,1625138819,0,f07ac6a3,51378464505724931",你好爱他,0
"486.73200,1,25,16707842,1625138111,0,bf24f1f0,51378093531070471",叠词词，恶心心,1
"476.85200,1,25,16707842,1625138093,0,bf24f1f0,51378084183015431",家人们快跑！,0
"423.43900,1,25,16777215,1625138078,0,68e0c4a4,51378076397338629",你好爱他,0
"286.76900,1,25,16777215,1625138015,0,11754503,51378043303755781",请收下我的膝盖,0
"419.43200,1,25,16707842,1625138010,0,bf24f1f0,51378040383995907",家人们快跑,3
"417.75200,1,25,16707842,1625138001,0,bf24f1f0,51378035713638403",进度条不对劲,1
"410.53200,1,25,16707842,1625137984,0,bf24f1f0,51378026855268359",进度条不对劲,1
"36.90100,1,25,16777215,1625137734,0,796995c,51377895812628483",你好爱他,0
"116.40200,1,25,16777215,1625137700,0,6aab8c2,51377878323953669",谢谢谢谢，继续加油,0
"15.03900,1,25,16707842,1625137561,0,bf24f1f0,51377805455785991",你好爱他,0
"163.08000,1,25,16777215,1625137380,0,bcafe1da,51377710392410119",寺笋呐,0
"493.41000,1,25,16777215,1625137176,0,78c3c50d,51377603170271237",你真的好爱他,0
"426.09900,1,25,16707842,1625137068,0,e013732c,51377546824515587",你好爱他,0
"408.27900,1,25,16777215,1625136692,0,cfbabbe3,51377349745704967",你好爱他,0
"495.51300,1,25,16777215,1625136560,0,abce2f32,51377280497221637",擦,3
"479.38700,1,25,16777215,1625136541,0,abce2f32,51377270268887045",广告乱入了,2
"438.98200,1,25,16777215,1625136484,0,abce2f32,51377240603099139",你好爱他,0
"18.55900,1,25,16777215,1625136297,0,cfbabbe3,51377142742646789",你好爱他,0
"245.59700,1,25,16777215,1625135860,0,ec8f121a,51376913586323461",哈哈哈哈哈哈哈哈哈哈哈,0
"243.32200,1,25,16777215,1625135801,0,4b58ad08,51376882197200901",哈哈哈哈哈哈,0
"437.50500,1,25,16777215,1625134587,0,8b61f06b,51376246117367813",二号机！！！,0
"23.38500,5,25,14811775,1625134410,0,c59a49d,51376153020071939",你好爱他,0
"123.43900,1,25,16777215,1625134216,0,f34b659d,51376051554615303",叠词词 恶熏熏,2
"138.29900,1,25,16777215,1625133005,0,8ce71d31,51375416606195717",姜云升狂喜,0
"490.73600,1,25,16777215,1625132867,0,100e1a5f,51375344467836935",恶心心,1
"347.62100,5,25,16777215,1625131702,0,67f110d1,51374733597343749",深深离这些人远点！,3
"17.33900,1,25,16777215,1625131625,0,7c8a5080,51374693119164423",你好爱他,0
"439.33900,1,25,16777215,1625129960,0,c5a702c3,51373819956822023",你好爱他,0
"130.21900,1,25,16777215,1625129849,0,91cfdf2b,51373761728348165",哈哈哈哈哈哈哈哈哈哈哈哈哈哈哈,0
"52.99900,5,25,15138834,1625129356,0,46f57aed,51373503577849859",囍囍囍囍囍囍囍囍,0
"24.77100,5,25,14811775,1625129301,0,46f57aed,51373474674900995",你好爱他,0
"3.52300,1,25,14811775,1625129273,0,46f57aed,51373460061421575",你好爱他,0
"48.23900,1,25,16777215,1625128916,0,75acb461,51373272777883653",你好爱他,0
"415.48200,1,25,16777215,1625125138,0,c7b3efe6,51371292189786117",你好爱他,0
"348.64200,5,25,41194,1625124516,0,9cbb1b1a,51370966028124163",崽崽你怎么来了,3
"4.91900,1,25,16777215,1625123859,0,83833fe3,51370621484400645",你好爱他,0
"401.48200,1,25,16777215,1625123855,0,d46921d7,51370619502592007",你好爱他,0
"250.98200,1,25,16777215,1625123687,0,d46921d7,51370531411722245",哈哈哈哈哈,0
"232.33900,1,25,16777215,1625123667,0,d46921d7,51370520659623941",哈哈哈哈哈,0
"3.47500,1,25,16777215,1625123436,0,d46921d7,51370399580553219",你好爱他,0
"212.76700,1,25,16777215,1625123403,0,dab364df,51370382158462981",两个tag之间请空格或emoji,2
"12.18900,1,25,16777215,1625123258,0,8441d5c9,51370306317582343",你好爱他,0
"11.04100,1,25,13369971,1625122380,0,6cc269c1,51369846076604423",你好爱他,0
"4.19300,5,25,13369971,1625122363,0,6cc269c1,51369837179437061",你好爱他,0
"496.87700,1,25,16777215,1625121116,0,fa5a0c83,51369183057805317",你好爱他！,0
"422.13900,1,25,16777215,1625121022,0,7e14d1c,51369134079868933",你好爱他,0
"401.89900,1,25,16777215,1625120997,0,7e14d1c,51369120964804611",你好爱他,0
"143.41900,1,25,16777215,1625120734,0,7e14d1c,51368983050321927",DNA,0
"4.45900,1,25,16777215,1625120590,0,7e14d1c,51368907681300483",你好爱他,0
"243.94000,1,25,16777215,1625120557,0,1e236e58,51368890189479943",哈哈哈哈哈哈哈哈,0
"8.01900,1,25,16777215,1625119406,0,62b2a8ac,51368286539481091",我好爱他,0
"61.18200,1,25,16777215,1625118991,0,fc2ffa2a,51368069094703107",你好爱他,0
"152.67300,1,25,16777215,1625118384,0,d1bd8bc5,51367751118749701",就这么爱吗,2
"140.24100,1,25,16777215,1625118365,0,d1bd8bc5,51367740936552453",DNA动了,0
"442.49900,1,25,16777215,1625118226,0,cfe90cca,51367667999178759",你好爱他,0
"405.95200,5,25,15138834,1625117138,0,a7ae5652,51367097899417607",你好爱他,0
"404.28800,1,25,16777215,1625117126,0,a7ae5652,51367091373604871",你好爱他,0
"474.70100,1,25,16777215,1625115854,0,87f31e18,51366424463540229",恶心心,1
"353.38100,1,25,16777215,1625115714,0,87f31e18,51366350891253765",big胆,2
"410.07500,1,25,16707842,1625115179,0,14ae2cd9,51366070661939203",你好爱他,0
"418.12200,1,25,16777215,1625114888,0,71cdba98,51365917995565059",你好爱他,0
"5.91900,1,25,16777215,1625114839,0,fb4d38a6,51365892573888517",你好爱他,0
"487.12300,1,25,16777215,1625114484,0,51f614fa,51365705961963527",恶心心,1
"221.12500,1,25,16777215,1625114405,0,74044c,51365664533774341",好可爱啊,0
"268.08300,1,25,16777215,1625114197,0,51f614fa,51365555907592199",负负得正hhhhh,0
"118.79900,1,25,16777215,1625114012,0,51f614fa,51365458830950407",谢谢谢谢谢谢谢谢,0
"111.27900,1,25,16777215,1625113996,0,51f614fa,51365450507878407",缺德我懂了,2
"57.17900,1,25,16777215,1625113625,0,83482cfa,51365255942504451",这个读秒我猜到了,0
"107.65000,1,25,16777215,1625113585,0,9528426e,51365234880806919",缺德，hhhh,0
"422.86700,1,25,16777215,1625113515,0,7d6b32ee,51365198324826115",你好爱他,0
"485.87200,1,25,16777215,1625113415,0,1a0658c9,51365145567821827",恶心心,1
"358.10800,1,25,16777215,1625112415,0,b3298301,51364621486915591",深深,1
"33.12000,1,25,16777215,1625112087,0,b3298301,51364449320173573",深深！,0
"12.26200,1,25,16777215,1625112049,0,399d159f,51364429793067015",你好爱他,0
"432.78000,1,25,16777215,1625111156,0,14c40349,51363961521569797",你好爱他,0
"493.81200,1,25,16777215,1625110589,0,68183699,51363664085123077",就是它了,0
"487.11700,1,25,16777215,1625110578,0,68183699,51363658093035525",你太爱了真爱了,0
"481.92600,1,25,16777215,1625110567,0,68183699,51363652565991429",恶心,1
"419.78300,1,25,16777215,1625110526,0,dbfd0f48,51363631255781379",你好爱他,0
"8.80000,1,25,16777215,1625110091,0,68183699,51363403052613639",你好爱他,0
"41.60500,1,25,16777215,1625109816,0,3935688a,51363258949959685",自带弹幕哈哈,0
"431.13900,1,25,16777215,1625109384,0,9d40748f,51363032142446597",你好爱他,0
"236.33800,1,25,16777215,1625109015,0,564227e0,51362838666543107",哈哈哈,0
"378.90700,1,25,16777215,1625108810,0,80450d22,51362731342168067",哈哈哈哈哈哈,0
"6.69900,1,25,6830715,1625108556,0,af7ec3b6,51362598459801603",你好爱他,0
"6.69900,1,25,9487136,1625108549,0,af7ec3b6,51362594477834247",你好爱他,0
"6.69900,1,25,16777215,1625108539,0,af7ec3b6,51362589303111685",你好爱他,0
"423.05900,1,25,16777215,1625108157,0,5c7f9b72,51362388862566407",你好爱她,0
"349.78000,1,25,16777215,1625106964,0,60e5216c,51361763543220227",耶耶！又是深深,0
"486.97700,1,25,16777215,1625106576,0,92100947,51361559976345603",恶心心,1
"414.48400,1,25,16777215,1625106503,0,92100947,51361521969659907",你好爱他,0
"26.27900,5,25,41194,1625105535,0,148b5917,51361014467264519",深深！！！！！,0
"430.59900,1,25,16777215,1625105134,0,3da438e,51360803980836871",你好爱他,0
"16.87100,1,25,16777215,1625104097,0,f9ef48de,51360260198760455",你好爱他,0
"9.31900,1,25,16777215,1625104086,0,f9ef48de,51360254584684551",你好爱他！！！！,0
"407.95600,1,25,16777215,1625103487,0,6c238ae8,51359940434984965",你好爱他,0
"9.45900,1,25,16777215,1625102869,0,6c238ae8,51359616451215363",你好爱他,0
"38.80800,1,25,16777215,1625102661,0,efcf9e20,51359507366805509",你好爱他,0
"347.83100,1,25,16777215,1625101983,0,a176987f,51359152200482821",救命吃瓜吃到自家蒸煮了哈哈哈哈哈深深这猴子哈哈哈哈哈,0
"292.35600,1,25,16777215,1625101683,0,97df53ee,51358994926141447",笑死我了特么的,0
"13.19100,1,25,16777215,1625100275,0,3af4cfc9,51358256368975877",你好爱他,0
"417.39400,1,25,16777215,1625099750,0,e4d2c537,51357981593829383",你好爱他,0
"413.61900,1,25,16777215,1625080078,0,29d1dce0,51347667338395653",你好爱他,0
"297.43500,1,25,16777215,1625078052,0,a5ce49a9,51346605248872455",哈哈哈哈哈哈哈哈哈哈哈哈,0
"259.35600,1,25,16777215,1625077967,0,a5ce49a9,51346560842727429",只要我楼高，你们就翻不到,1
"20.35900,1,25,16777215,1625075913,0,55c231df,51345483827249155",你好爱他,0
"306.87900,1,25,16777215,1625073332,0,e8b488fd,51344130651979781",想到了菜狗西蒙半夜气得睡不着,2
"11.49900,1,25,16777215,1625072830,0,f803a64e,51343867286913031",你好爱他,0
"13.53900,1,25,16777215,1625071142,0,f1cab7c7,51342982666256391",你好爱他,0
"73.02100,1,25,16777215,1625069328,0,59324c59,51342031382380549",我终于得奖了哈哈哈哈哈哈,0
"373.00100,1,25,16777215,1625067923,0,d00bc631,51341294882521091",哈哈哈哈哈哈哈哈哈哈,0
"40.03500,1,25,16777215,1625067211,0,750b621,51340921611485187",你好爱他,0
"407.41900,1,25,16777215,1625066328,0,5de300a1,51340458545119239",你好爱他,0
"145.35000,1,25,16777215,1625066137,0,3be836e1,51340358569689091",啊DNA动了,0
"4.49900,1,25,16777215,1625065782,0,3be836e1,51340172288589831",你好爱他,0
"147.91900,1,25,16777215,1625064183,0,e5f0f637,51339333978292227",DNA动了,0
"146.89900,1,25,16777215,1625064174,0,e5f0f637,51339329139638279",DNA,0
"455.51900,1,25,14811775,1625064037,0,8b77bde6,51339257230917635",笋丝绝不会花钱的，放心吧,0
"434.13900,1,25,14811775,1625063978,0,8b77bde6,51339226520748035",你好爱他,0
"5.93900,1,25,16777215,1625063825,0,aeea7b2e,51339146555817987",你好爱他,0
"184.61900,1,25,16777215,1625063459,0,39d4ad4f,51338954605068295",哈哈哈好可爱,0
"414.62700,1,25,16777215,1625061152,0,bbf83a53,51337744909074439",你好爱他,0
"427.30200,1,25,16777215,1625060755,0,89778d5f,51337536656113667",你好爱他,0
"412.68900,1,25,16777215,1625060733,0,89778d5f,51337525176827907",你好爱她,0
"424.15900,1,25,16777215,1625060457,0,2a3f8129,51337380706123781",你骂到自己了,2
"7.99500,1,25,16777215,1625060057,0,2a3f8129,51337170521161735",忘不了啊～忘不了～,1
"229.86200,1,25,16777215,1625060047,0,f48e8261,51337165611728899",哈哈哈哈哈哈哈哈哈哈哈哈哈哈哈哈哈哈哈哈哈哈哈哈哈,0
"73.47900,1,25,16777215,1625058962,0,ef67229b,51336596706295813",你好爱他,0
"2.81300,1,25,16777215,1625058462,0,a34f0a8a,51336334304870407",你好爱他,0
"12.53900,1,25,16777215,1625058073,0,98b0080e,51336130869592069",你好爱他,0
"424.93000,1,25,16777215,1625057983,0,95db8b76,51336083261620227",你好爱他,0
"347.82800,1,25,16777215,1625057620,0,6c1cceba,51335892876394503",哟~深深又来客串了,0
"310.61900,1,25,16777215,1625057450,0,e3dc058f,51335804150087683",hhhhhhh,0
"242.57900,1,25,16777215,1625057379,0,e3dc058f,51335766556540933",哈哈哈哈哈哈哈哈哈,0
"474.46200,1,25,16777215,1625056660,0,e9aea678,51335389783261187",恶心心哦,1
"3.48700,1,25,16777215,1625056269,0,519741e8,51335184665018373",你好爱他,0
"440.88000,1,25,16777215,1625056094,0,bb99cde,51335093040971783",二号机！！！！！,0
"7.63900,1,25,16777215,1625056083,0,e9aea678,51335087262269447",你好爱他,0
"415.07900,1,25,38979,1625056064,0,52862f12,51335077251514371",你好爱他,0
"14.29900,1,25,16777215,1625056060,0,850c911d,51335075000221699",你好爱他,0
"2.00200,1,25,16777215,1625055615,0,f149a49d,51334842004013061",你好爱他,0
"176.16700,1,25,16777215,1625054944,0,8f9a5dbf,51334489950912519",说实话，这样的追星真的非常好啊,0
"255.77900,1,25,16777215,1625054747,0,185cc613,51334386901057543",哈哈哈哈哈哈,0
"8.60000,1,25,16777215,1625054411,0,974f0185,51334210506457091",你好爱他,0
"442.83900,1,25,16777215,1625053964,0,14d88440,51333976556568579",老公好,0
"429.63600,1,25,16777215,1625053644,0,789b86e9,51333808414261251",你好爱他,0
"4.73900,1,25,14811775,1625053610,0,bb56b2bf,51333790640898053",你好爱他,0
"24.51600,1,25,16777215,1625053586,0,799cff87,51333777952079877",周深,0
"89.14500,1,25,16777215,1625053318,0,14cb43a7,51333637542510599",好家伙是谷主唱过的rap,0
"78.55100,1,25,16777215,1625053252,0,789b86e9,51333602835169287",麻麻我出息了！！！鹿人给我颁奖了！,1
"24.43100,1,25,16777215,1625053232,0,14cb43a7,51333592608407559",深深！！！,0
"407.57900,1,25,16777215,1625052714,0,2dc49de3,51333321186082823",爱他她爱她,0
"9.35400,1,25,16777215,1625052677,0,fff866c0,51333301743386629",你好爱他,0
"343.95200,1,25,16777215,1625052622,0,4033973b,51333272909119493",毕竟是大师哥嘛,0
"24.49300,1,25,16777215,1625052488,0,85bf6812,51333202467880965",周深诶,1
"10.91100,1,25,16777215,1625052280,0,4f3959f8,51333093274419203",你好爱他,0
"404.78900,1,25,16777215,1625052232,0,a204d2a9,51333068444139523",你好爱他,0
"412.59900,1,25,16777215,1625052213,0,6e5d725a,51333058114093061",你好爱他,0
"385.39500,5,25,9487136,1625052198,0,836dc840,51333050618347527",喻言喻言！！！！！！,0
"422.87500,1,25,16777215,1625051910,0,6586363c,51332899423125509",进度条告诉我还没完,1
"110.49600,1,25,16777215,1625051883,0,a204d2a9,51332885384265731",谢谢谢谢过奖了,0
"21.10100,1,25,16777215,1625051678,0,8a7af530,51332777899458565",你好爱他,0
"19.94300,1,25,16777215,1625051495,0,fcfa97df,51332681981493251",我看过！,0
"8.05000,1,25,16777215,1625051458,0,6586363c,51332662491086855",你好爱他,0
"111.85900,1,25,16777215,1625050913,0,241f4dd8,51332376483594243",俄罗斯同义转换是雨后蘑菇呢（狗头）,0
"8.05600,1,25,16776960,1625050795,0,2b1eb00d,51332314697302019",你好爱他,0
"421.31800,1,25,16777215,1625050775,0,3214f403,51332304245620739",你好爱他,0
"70.52200,1,25,14811775,1625050152,0,a505ea3d,51331977578020867",我得奖了！,0
"12.82200,1,25,16777215,1625050077,0,a505ea3d,51331938410561541",你好爱他,0
"28.25900,1,25,16777215,1625049938,0,5c77263a,51331865239879685",深深！！！！,0
"439.84100,5,25,16707842,1625049141,0,907228e4,51331447455219717",傻孩子们快跑,2
"421.38100,1,25,16777215,1625049113,0,907228e4,51331433034153987",进度条？,2
"12.25900,1,25,16777215,1625048682,0,907228e4,51331206947536903",你好爱他,0
"505.97900,1,25,16777215,1625048553,0,27800d11,51331139166535683",你真的好爱他,0
"408.69900,1,25,16777215,1625048449,0,27800d11,51331085056344071",你好爱他,0
"283.84700,1,25,16777215,1625048284,0,27800d11,51330998332293123",哈哈哈哈哈哈哈哈哈哈哈哈,0
"0.63000,1,25,16646914,1625047727,0,34c762af,51330706085249027",你好爱他,0
"248.53000,1,25,16777215,1625047628,0,5c406d49,51330654241554437",哈哈哈哈哈哈哈,0
"393.07900,1,25,16777215,1625047395,0,bde9c431,51330532241833989",升华主题,0
"6.84800,5,25,14811775,1625047387,0,f5ed4dce,51330528200622085",你好爱他,0
"29.09900,1,25,16777215,1625047275,0,95c380d1,51330469334089731",你好爱他,0
"371.89400,1,25,16777215,1625047165,0,30217fb2,51330411532910597",哈哈哈哈哈哈哈哈哈哈哈笑死我了,0
"10.33900,1,25,16777215,1625047112,0,99842174,51330384056549381",你好爱他,0
"74.57900,1,25,16777215,1625047068,0,bde9c431,51330360624545799",谢谢大家,0
"409.36600,1,25,16777215,1625046252,0,88ad566b,51329932891521029",你好爱他,0
"282.89900,5,25,15138834,1625046250,0,ce6d8b0a,51329931824594947",我靠笑死我了,0
"155.83900,5,25,15138834,1625046115,0,ce6d8b0a,51329861332500485",Yes!!,3
"10.03900,1,25,16777215,1625045616,0,3c2b25e7,51329599348408325",你好爱他,0
"4.77900,1,25,14811775,1625045232,0,fde2f355,51329398165471235",你好爱他,0
"20.96700,1,25,16777215,1625044406,0,5cb348f1,51328964894392323",你好爱他,0
"418.88600,1,25,38979,1625044360,0,9b3d9ef0,51328940841631749",你还爱他啊啊啊啊,0
"412.83700,1,25,16777215,1625044281,0,dbbbf9fb,51328899453812739",你好爱他,0
"78.17600,1,25,16777215,1625043815,0,d09f951f,51328655087370245",妈妈我得奖了,0
"330.64700,1,25,16777215,1625043725,0,e8719ca0,51328607838011399",毕竟修哥是真的俄罗斯人,0
"413.04400,1,25,16777215,1625043507,0,68b8f36b,51328493866713093",你好爱他,0
"400.97600,1,25,16777215,1625043168,0,5df01551,51328315795963909",你好爱他,0
"306.19800,1,25,16777215,1625042984,0,efb37a38,51328219850735621",哈哈哈哈哈哈哈,0
"3.55900,1,25,14811775,1625042458,0,309145dd,51327943646904327",你好爱他,0
"500.39600,1,25,16777215,1625042336,0,2a198c82,51327879713128453",敏感肌也能用,0
"405.97500,1,25,16777215,1625042224,0,52bf84f8,51327820961939463",你好爱他,0
"452.45800,1,25,16777215,1625041230,0,f0c70ac1,51327299802890245",你好爱他,0
"72.53900,1,25,16777215,1625040469,0,95b6b78c,51326901189345283",看的我想吃螺蛳粉了,1
"114.26600,1,25,16777215,1625040264,0,9622f7c4,51326793490104325",谢谢,0
"90.06400,1,25,16777215,1625040240,0,9622f7c4,51326780736274437",笑傲江湖既视感,0
"83.22800,1,25,16777215,1625040214,0,9622f7c4,51326767364308999",最喜欢鹿鹿说“三连”这两个字 哈哈哈 好带感~~~,0
"0.15600,1,25,16777215,1625040196,0,faf5bb56,51326757851627525",你好爱他,0
"246.00500,1,25,16777215,1625039884,0,547a0860,51326594539585541",还有个人装水军被水军买赞了哈哈哈哈哈哈哈哈哈哈哈,0
"474.02000,1,25,16777215,1625039456,0,d31b059e,51326370185216003",恶心心,1
"410.18000,1,25,16777215,1625039390,0,d31b059e,51326335170641923",你好爱他,0
"156.65100,1,25,16777215,1625039175,0,e20a29aa,51326222702477315",你好爱他,0
"71.47700,1,25,16777215,1625039072,0,e20a29aa,51326168557682693",你好爱他。,0
"21.30000,1,25,16777215,1625039044,0,f27b18a6,51326153679962117",你好爱他,0
"411.38500,1,25,16777215,1625038658,0,93e8ecaa,51325951626706951",你好爱他,0
"420.45100,1,25,16777215,1625038556,0,704b487c,51325898206478339",你好爱他！,0
"418.58600,1,25,16777215,1625038328,0,24e7d0f9,51325778278219779",你好爱他,0
"130.38800,1,25,16777215,1625037607,0,7740104b,51325400730042373",泪目,1
"90.52300,1,25,16777215,1625037363,0,47f0a2ea,51325272809013251",泪目,1
"409.71900,1,25,16777215,1625037139,0,81a4bd1c,51325154918662149",你好爱他,0
"409.71900,1,25,16777215,1625037125,0,81a4bd1c,51325147881144323",你告诉他,2
"7.05900,1,25,16777215,1625036982,0,ff7ec7ce,51325072673603589",你好爱他！,0
"490.75400,1,25,16777215,1625036750,0,65dc4c2e,51324951113236485",？？？,3
"491.87400,1,25,16777215,1625036416,0,435a00c6,51324775915585539",恶心心,1
"116.85900,1,25,16777215,1625035707,0,8e3017b8,51324404144537607",哈哈哈哈哈哈哈哈哈哈哈哈,0
"412.85400,1,25,16777215,1625035496,0,64ce0778,51324293999493127",你好爱他,0
"499.41100,5,25,14811775,1625035494,0,ccd5d0c8,51324292613275655",你真的好爱他,0
"445.89800,5,25,14811775,1625035437,0,ccd5d0c8,51324263024033799",《你 好 爱 他》,0
"430.45900,1,25,16777215,1625035194,0,ff965838,51324135182696451",泪目,1
"167.87600,5,25,14811775,1625035082,0,ccd5d0c8,51324076878725125",你告诉他,2
"152.16000,5,25,14811775,1625035066,0,ccd5d0c8,51324068145135619",是的，我们有一个孩子,1
"10.93900,1,25,16777215,1625035043,0,b48e5ac1,51324056290459655",这语气好贱啊哈哈哈哈,0
"28.39400,5,25,14811775,1625034926,0,ccd5d0c8,51323994804060163",你好爱他,0
"124.91100,1,25,16777215,1625034681,0,381a92aa,51323866193592325",夺笋呐！,0
"7.78800,1,25,16777215,1625034462,0,6e51a2f2,51323751573225477",你好爱他,0
"349.84200,1,25,16777215,1625034405,0,3749830e,51323721990275077",哈哈哈哈哈哈哈哈哈,0
"432.70200,1,25,14811775,1625034377,0,7a347757,51323707121991685",你好爱他,0
"440.31700,1,25,16777215,1625034347,0,d10a4d8b,51323691594153991",你还爱他他他就是他,0
"403.85300,5,25,14811775,1625034273,0,a20f002c,51323652432461829",白巧克力不好吃,1
"222.01200,1,25,16777215,1625034224,0,594a3874,51323626594500613",他真的好丑,1
"390.43600,1,25,16777215,1625034091,0,7c8b1e1d,51323557301452807",叛逆的鲁路修,1
"228.59500,1,25,16777215,1625033879,0,7c8b1e1d,51323446230515717",哈哈哈哈哈哈哈我以为就我玩不会,0
"407.40300,1,25,16777215,1625033619,0,248ed7ea,51323309739474949",你好爱他,0
"20.45900,1,25,16777215,1625033602,0,7c8b1e1d,51323300821860359",哈哈哈哈哈哈哈哈哈看过,0
"487.43500,1,25,16777215,1625033201,0,e4bb9a7a,51323090611208199",恶心心,1
"417.73800,1,25,16777215,1625033132,0,e4bb9a7a,51323054066237447",你好爱他,0
"66.45500,1,25,16777215,1625032970,0,ef984bde,51322969349685253",ohhhhhhhhhhhh,0
"351.52500,1,25,16777215,1625032762,0,17fec9f9,51322860608159747",深深！！！,0
"247.48800,1,25,16777215,1625032735,0,a9490928,51322846013554695",哈哈哈哈哈哈,0
"411.89600,1,25,16777215,1625032319,0,c6f7d00b,51322627917611015",你好爱他,0
"347.71000,1,25,16777215,1625032298,0,779e262f,51322616872960005",哈哈哈哈哈哈哈哈h哈哈哈哈哈哈哈哈哈,0
"400.48700,1,25,16777215,1625032287,0,3ee1f63a,51322611362168837",你好爱他,0
"23.48000,1,25,16777215,1625032031,0,50cc7efc,51322477320601607",瑞幸咖啡hhhhh,0
"72.93900,1,25,16777215,1625031056,0,bf7dea89,51321965816315907",谢谢，首先要感谢我的家人,0
"406.88100,1,25,16777215,1625031043,0,a59a977f,51321958848004101",你好爱他,0
"17.21900,5,25,14811775,1625030779,0,488ccc87,51321820833906695",你好爱他,0
"416.78000,1,25,14811775,1625030724,0,3fe5eff4,51321791692406789",你好爱他,0
"161.36000,5,25,15138834,1625030527,0,be77509b,51321688735350791",DNA动了 ,0
"9.16000,1,25,15138834,1625030328,0,be77509b,51321584376872967",你好爱他 ,0
"115.53200,1,25,16777215,1625030299,0,c6572299,51321568858472453",就缺德呗,2
"397.72000,1,25,16777215,1625030054,0,8861ef4c,51321440484982789",你好爱他,0
"353.35400,1,25,16777215,1625029990,0,8861ef4c,51321407071584261",你再骂！,2
"247.23900,5,25,6830715,1625029954,0,e598ed93,51321388239683587",吃瓜吃到自家,0
"324.87400,5,25,16777215,1625029953,0,8861ef4c,51321387431231491",粉丝正主双向社恐哈哈哈哈哈,0
"18.76200,1,25,16777215,1625029939,0,6ca51a3,51321380348624899",你好爱他,0
"412.46000,1,25,16777215,1625029788,0,f025e1b5,51321300851359751",你好爱他,0
"232.42000,1,25,16777215,1625029510,0,2fa1817f,51321155417538567",哈哈哈哈哈哈哈哈哈哈哈哈哈哈哈,0
"14.31900,1,25,16777215,1625029504,0,193b60ab,51321152434339847",你好爱他,0
"42.36500,1,25,16777215,1625029424,0,dfb167f6,51321110440443911",你好爱他,0
"10.38000,1,25,16777215,1625029343,0,d2eec881,51321067598774279",你好爱他,0
"7.50500,1,25,16777215,1625029276,0,63d3d82,51321032549072903",你好爱他,0
"409.37800,1,25,16777215,1625028966,0,a661aa4a,51320869947441221",你好爱他,0
"24.21900,1,25,16777215,1625028751,0,f7c4d8d7,51320757173092359",啊你好爱他,0
"107.62300,1,25,16777215,1625028710,0,7c8972ad,51320735696158723",哈哈哈哈哈哈哈哈哈哈,0
"349.13400,5,25,41194,1625028251,0,c155130a,51320495034335237",又看到我崽！！！,3
"45.48300,1,25,9487136,1625028206,0,2454e9e6,51320471574544387",你好爱他,0
"23.03300,4,25,41194,1625027899,0,c155130a,51320310951051271",周深！！！,0
"465.78900,1,25,14811775,1625027896,0,3996d1c9,51320309003321351",你好爱他,0
"248.60400,1,25,16777215,1625027692,0,8d83c114,51320202384113671",好搞笑,0
"428.85900,1,25,16777215,1625027648,0,3cacdce4,51320179340607495",你好爱他,0
"65.99500,1,25,16777215,1625027646,0,73827330,51320178187698183",你怎么读秒的，我真的生气了,2
"168.45800,1,25,16777215,1625027603,0,8d83c114,51320155307245575",哈哈哈,0
"117.61900,1,25,16777215,1625027462,0,3996d1c9,51320081699831815",谢谢谢谢,0
"480.90500,1,25,16777215,1625027458,0,22a284c,51320079499919363",已经买了一车敏感肌也能用孩子很喜欢,0
"388.34100,1,25,16777215,1625027328,0,2982152c,51320011438424067",鲁殿yyds,0
"140.41700,1,25,16777215,1625027141,0,cc992e74,51319913504571397",谢谢,0
"350.21900,1,25,16777215,1625026999,0,ca0c9cf,51319838963924995",哈哈哈哈哈哈周深周深,0
"350.21900,1,25,16777215,1625026994,0,ca0c9cf,51319836106031107",哈哈哈哈哈周深你怎么回事啊啊啊,0
"28.89900,1,25,16777215,1625026947,0,aaa85a46,51319811846701061",惊现周深,3
"118.33900,1,25,16707842,1625026906,0,179e0ece,51319790148517895",这波啊，这波是自夸,2
"409.81900,1,25,16777215,1625026709,0,161b4fea,51319686969163779",你好爱他,0
"27.26200,5,25,41194,1625026598,0,466a7305,51319628842401799",你好爱他,0
"16.58300,1,25,16777215,1625026564,0,1ab61918,51319610889207811",你好爱他,0
"239.81900,1,25,16777215,1625026493,0,474b823c,51319573651128323",笑吐了哈哈哈哈哈哈哈,0
"2.15900,1,25,14811775,1625026428,0,f8fff4e6,51319539724451845",你好矮他！,2
"4.05900,1,25,16777215,1625026050,0,d4798460,51319341322862599",你好爱他,0
"407.19500,1,25,16777215,1625025981,0,ff5f1d6a,51319305128640515",你好爱他,0
"82.34100,1,25,16777215,1625025971,0,af63fc81,51319299967549443",你好爱他,0
"415.95200,1,25,16777215,1625025942,0,4ca0b53,51319284826636291",你好爱他,0
"402.73000,5,25,16707842,1625025932,0,4daaf2c1,51319279615737861",这个BGM带着王者的鼓动,0
"483.00400,5,25,41194,1625025732,0,54cccca5,51319174554189829",恶心心,1
"471.08400,5,25,41194,1625025716,0,54cccca5,51319165997285383",叠词词，恶心心。脑壳有病病，我来帮你打爆爆,2
"456.66400,5,25,41194,1625025673,0,54cccca5,51319143869186051",快跑！！！！！！！！！,3
"430.42400,5,25,41194,1625025639,0,54cccca5,51319125627109381",快跑！！！！！！！！,3
"379.82200,5,25,41194,1625025582,0,54cccca5,51319096037343237",我   很   内   向,1
"246.60200,5,25,41194,1625025437,0,54cccca5,51319020099469319",哈哈哈哈哈哈哈哈哈哈哈哈哈,0
"217.30200,5,25,41194,1625025381,0,54cccca5,51318990819033091",是真的啥也不会...(捂脸),0
"295.75800,1,25,16777215,1625025369,0,c8cd563b,51318984460468229",我会点赞所有关于国服赵云的弹幕,0
"116.14200,5,25,41194,1625025269,0,54cccca5,51318931644743687",谢谢，我缺德,0
"71.52200,5,25,41194,1625025216,0,54cccca5,51318904025776131",谢谢大家，首先我要感谢.....,0
"25.38200,5,25,41194,1625025153,0,54cccca5,51318871324884995",草啊哈哈哈哈哈哈哈哈哈哈哈哈哈,0
"8.92200,5,25,41194,1625025131,0,54cccca5,51318859406770179",你还是爱他！！！！！,0
"418.90000,5,25,14811775,1625025022,0,230f7111,51318802163957765",你好爱他,0
"33.30800,1,25,8700107,1625024739,0,ea9277a2,51318654217748487",你好爱他,0
"421.68400,1,25,16777215,1625024581,0,23d4a38,51318571403313155",进度条暴露了一切,2
"18.77900,1,25,15138834,1625024564,0,91c0ae17,51318562479407111",你好爱他,0
"161.93900,1,25,16777215,1625024553,0,bc06fd03,51318556264497159",好吵,1
"407.33500,1,25,16777215,1625024096,0,d6ba3f4a,51318316901335043",你好爱他,0
"158.29900,1,25,16777215,1625023828,0,48d220e1,51318176319275015",YES!,0
"407.37600,1,25,16777215,1625023528,0,1af490f7,51318018874015751",color！,0
"18.19900,1,25,16777215,1625023466,0,a5af3e2c,51317986471444485",你好爱他,0
"24.95900,1,25,41194,1625023160,0,489dc611,51317826376957955",Sensen！！！,0
"3.63900,1,25,16777215,1625023000,0,dc749b6b,51317742464663557",你好爱他,0
"407.41500,1,25,16777215,1625022650,0,8acb6e8,51317558555443205",你好爱他,0
"419.33300,1,25,16777215,1625022555,0,8b64a6bf,51317508833542149",你好爱他,0
"3.96900,1,25,16777215,1625022243,0,28a22698,51317345317027847",你好爱他,0
"419.37400,1,25,16707842,1625022070,0,4b18ece8,51317254853754887",你好爱他,0
"25.91900,1,25,16777215,1625022064,0,597006c1,51317251717464071",你好爱他,0
"412.77400,1,25,16707842,1625022057,0,4b18ece8,51317248041156613",你好爱她,0
"406.25900,1,25,16777215,1625021938,0,da33c4a,51317185473675267",你好爱他,0
"12.17400,1,25,16777215,1625021885,0,d202ada0,51317157529649157",你好爱他,0
"25.79400,1,25,16777215,1625021830,0,657e44ee,51317128639283205",周深！！！！！！！！！！,0
"433.72200,1,25,6830715,1625021773,0,607d2d5d,51317098874404869",鲁鲁修的音乐,0
"17.52900,1,25,16777215,1625021657,0,8acb6e8,51317037854621703",你好爱他,0
"74.91900,1,25,16777215,1625021559,0,da33c4a,51316986802077703",谢谢大家,0
"410.95500,1,25,16777215,1625021544,0,7fe75763,51316978733285379",你好爱他,0
"61.03000,1,25,16777215,1625021468,0,581ce1fa,51316938914660355",哈哈哈哈哈哈,0
"9.07900,1,25,16777215,1625021231,0,94f2136b,51316814824079365",爱他,0
"501.11900,1,25,16777215,1625021225,0,60069027,51316811488559109",哈哈哈哈哈哈哈,0
"357.09700,1,25,16777215,1625021119,0,60069027,51316756225982469",深深怎么又是你哈哈哈哈,0
"7.39100,1,25,16777215,1625021061,0,ae1fbe3a,51316725461811205",你好爱他,0
"250.84300,1,25,16777215,1625021003,0,60069027,51316695475683335",哈哈红红火火恍恍惚惚,0
"402.18600,1,25,16777215,1625020933,0,74ba3500,51316658431066117",你好爱他,0
"4.98900,1,25,16777215,1625020513,0,74ba3500,51316438413082629",你好爱他,0
"392.53900,1,25,16777215,1625020475,0,f0aa1448,51316418290384901",！！！BGM！！！,0
"49.05900,1,25,16777215,1625020289,0,27587fd8,51316320894976007",你好爱他,0
"6.41100,1,25,16777215,1625020282,0,6535a743,51316317142646787",你好爱他,0
"415.63900,1,25,16777215,1625020192,0,319ebf96,51316270204715011",你好爱他,0
"212.22800,1,25,16777215,1625020084,0,7ae279fa,51316213480423427",上一次干这个事还是帮周杰伦冲超话一,0
"434.41900,1,25,16777215,1625020072,0,3b7ae500,51316207342059527",你好爱他,0
"378.03500,1,25,16777215,1625020047,0,c53edd36,51316193777680387",老本行,0
"423.94400,1,25,16777215,1625019742,0,1ffa3070,51316033993048067",你好爱他 ,0
"490.11900,1,25,16777215,1625019703,0,4609bef9,51316013491814405",你好爱他,0
"413.25900,1,25,16777215,1625019519,0,739ef9e1,51315917328482307",好爱他啊,0
"410.25900,1,25,16777215,1625019512,0,739ef9e1,51315913638543365",你真的好爱他,0
"50.05900,1,25,16777215,1625019295,0,f20b8eae,51315799855988741",具体来说，他逃，我追，他插翅难飞,1
"448.23400,1,25,16777215,1625019194,0,c3d2d4a1,51315746681651205",你真是好爱他,0
"8.05900,1,25,16777215,1625019184,0,2e5be60,51315741770121219",你好爱他,0
"438.39400,1,25,16777215,1625019184,0,c3d2d4a1,51315741517414407",你好爱他,0
"28.10100,1,25,16777215,1625019143,0,c3d2d4a1,51315719798784003",你好爱他,0
"21.95600,1,25,16777215,1625019136,0,c3d2d4a1,51315716586471431",你好爱他,0
"17.81900,1,25,16777215,1625019131,0,83e88109,51315713572864003",你好爱他,0
"126.96300,1,25,16777215,1625018840,0,a3f8b349,51315561450176519",2335,0
"491.13900,5,25,16707842,1625018723,0,d904cd25,51315499906629639",猝不及防,3
"428.29900,5,25,16707842,1625018638,0,d904cd25,51315455302828037",你好爱他,0
"407.45900,5,25,16777215,1625018609,0,d904cd25,51315439993618435",你好爱他,0
"2.17900,5,25,8700107,1625018326,0,64faa21b,51315291701903365",你好爱他,0
"57.21900,5,25,16777215,1625018254,0,d904cd25,51315253991440389",他读秒一直可以的,0
"5.25900,1,25,16777215,1625018189,0,d904cd25,51315220063715331",你好爱他,0
"17.17800,1,25,16777215,1625018177,0,f7df4c13,51315213831503879",你好爱他,0
"435.03900,1,25,16707842,1625017993,0,40e9f566,51315117087260679",你好爱他,0
"14.21900,1,25,16777215,1625017606,0,32e476ef,51314914271166467",你怎麼那麼愛他我好佩服,0
"399.48000,1,25,16777215,1625017382,0,6364b015,51314797020446725",你好爱他,0
"409.91900,1,25,16777215,1625017034,0,de90d79b,51314614284582919",你好爱他,0
"138.89900,1,25,16777215,1625017026,0,c7a09796,51314610309431303",哦，没听过！,0
"130.93900,1,25,16777215,1625017009,0,c7a09796,51314601371893765",说么，这是谁啊？,2
"44.41900,1,25,16777215,1625017001,0,b6a42284,51314596915445765",你好爱他,0
"433.13800,1,25,16777215,1625016888,0,998e639f,51314537943531525",你真的好爱他,0
"401.49400,1,25,16777215,1625016870,0,998e639f,51314528289816581",你好爱他,0
"12.12700,1,25,16777215,1625016601,0,52ce6d80,51314387229605895",你好爱他,0
"39.49900,1,25,16777215,1625016417,0,1ef33b92,51314290674106375",你好爱他,0
"308.38500,5,25,15138834,1625016313,0,60681238,51314236372025349",《撒        娇》,0
"230.37900,1,25,16777215,1625016215,0,b937b046,51314184784707589",这个我记得笑死我了,0
"107.41900,1,25,16777215,1625016087,0,b937b046,51314117915443203",缺德呗,2
"25.85900,1,25,16777215,1625015999,0,b937b046,51314071733010435",哈哈哈哈哈哈,0
"399.08200,1,25,16777215,1625015737,0,b941bd7e,51313934235860995",你好爱他,0
"494.59400,1,25,16777215,1625015630,0,c511fd68,51313878294855685",买了十卡车了 全家都好吃哭了,0
"483.55400,1,25,16777215,1625015597,0,c511fd68,51313860837638147",恶心心,1
"4.63900,5,25,15138834,1625015430,0,f02ff4,51313773332922375",你好爱他,0
"120.94200,1,25,16777215,1625015196,0,c511fd68,51313650900140037",谢谢谢谢谢谢,0
"10.17900,1,25,16777215,1625015012,0,b941bd7e,51313554335203335",你好爱他,0
"398.89900,1,25,15138834,1625014969,0,d508e860,51313531808645127",你好爱他,0
"390.61900,1,25,15138834,1625014951,0,d508e860,51313521998168067",你好爱他,0
"63.77400,1,25,16777215,1625014842,0,b3751c42,51313465047908357",简历有东西写了！！,0
"33.34200,1,25,16707842,1625014832,0,df3fd432,51313460102823943",周深好好听,0
"18.83500,1,25,16707842,1625014812,0,df3fd432,51313449444048901",是爱吗？是责任吗？,2
"13.02400,1,25,15138834,1625014792,0,df3fd432,51313439029067781",他好爱他,0
"64.35700,1,25,9487136,1625014626,0,a5808f4d,51313351807467527",他读秒一直可以的,0
"41.73900,1,25,15138834,1625014591,0,d508e860,51313333289091077",你爱好他,0
"3.01900,1,25,16777215,1625014537,0,a5808f4d,51313305441009667",你好爱他哈哈哈哈哈哈哈,0
"407.50500,1,25,16777215,1625014373,0,3ec5ee5f,51313219166797829",你好爱他,0
"398.68500,1,25,16777215,1625014357,0,3ec5ee5f,51313210857881605",你好爱她,0
"4.69900,1,25,16777215,1625014301,0,205bb1f4,51313181415964675",你好爱他,0
"9.31900,1,25,16777215,1625014247,0,81a15a97,51313153066663943",你好爱他,0
"9.43900,1,25,14811775,1625014104,0,59dc697a,51313078177890309",你好爱他,0
"130.91900,1,25,16777215,1625014067,0,3ec5ee5f,51313058748301317",哈哈哈哈哈哈哈哈哈,0
"411.01900,1,25,16777215,1624989422,0,c6170957,51300137494380549",你好爱他,0
"26.98200,1,25,16777215,1624989053,0,c2be2938,51299944116518915",深深啊啊啊啊啊,0
"354.80000,1,25,10546688,1624984633,0,22a2c3a5,51297626951778309",是笋尖尖,0
"57.93900,1,25,16777215,1624984433,0,fc53d6e4,51297521819451399",哈哈哈哈哈哈歌词太好笑,0
"20.76700,1,25,16777215,1624980249,0,e81ad46b,51295328391921671",你好爱他,0
"479.69600,1,25,16777215,1624978432,0,b6c3b467,51294375796277253",你是笋丝王中王,0
"412.11600,1,25,16777215,1624978331,0,b6c3b467,51294322992087047",笋王,0
"230.71400,1,25,16777215,1624978326,0,d61db1f4,51294320409444357",啊啊啊我们是被盗号了,2
"402.93600,1,25,16777215,1624978315,0,b6c3b467,51294314162028549",你好爱他,0
"388.47600,1,25,16777215,1624978293,0,b6c3b467,51294302684839943",字由人yyds,0
"348.01600,1,25,16777215,1624978246,0,b6c3b467,51294278155501573",哈哈哈哈哈哈,0
"321.21600,1,25,16777215,1624978216,0,b6c3b467,51294262546399239",我害怕哈哈哈哈哈哈哈哈,0
"243.19600,1,25,16777215,1624978132,0,b6c3b467,51294218682892291",哈哈哈哈哈哈哈哈,0
"439.35800,1,25,41194,1624978111,0,68615322,51294207492489223",你好爱他,0
"169.45600,1,25,16777215,1624978055,0,b6c3b467,51294178171158531",没有那些世俗的欲望,0
"147.85600,1,25,16777215,1624978018,0,b6c3b467,51294158476279811",哈哈哈哈哈哈哈,0
"124.93600,1,25,16777215,1624977991,0,b6c3b467,51294144310018055",你好爱他,0
"102.51600,1,25,16777215,1624977963,0,b6c3b467,51294129627332613",你的人,2
"17.08500,5,25,15138834,1624977946,0,ce7fdc3f,51294120876441607",你还爱他，你好爱他！,0
"44.97600,1,25,16777215,1624977901,0,b6c3b467,51294097314414595",你好爱他哈哈哈哈,0
"9.91900,1,25,16777215,1624977845,0,b6c3b467,51294068197031941",你好爱他,0
"394.10600,1,25,16777215,1624977665,0,2fa05d49,51293973506424837",弹幕突然消失？,1
"492.59600,1,25,16777215,1624975796,0,c45c6f19,51292994007465991",你好爱他,0
"4.98600,1,25,16777215,1624973297,0,4182863e,51291683433742341",你好爱他,0
"41.85900,1,25,16777215,1624973164,0,282fe0df,51291613656252423",你好爱他,0
"320.38400,1,25,16777215,1624971947,0,eba3c0c5,51290975519113223",哈哈哈哈,0
"31.49600,1,25,16777215,1624971530,0,eba3c0c5,51290757295767559",哈哈哈,0
"4.37000,1,25,16777215,1624969472,0,87f5ca2d,51289678371356679",你好爱他,0
"419.10000,1,25,16777215,1624967338,0,1f54d8ab,51288559415984135",你好爱他,0
"109.47900,1,25,16777215,1624965927,0,4cea3b89,51287819402346499",缺德,2
"17.02200,1,25,16777215,1624965422,0,d10c77c4,51287554562457603",你好爱他,0
"408.44600,1,25,16777215,1624964117,0,e42b87d,51286870339878917",你好爱他,0
