"33.42200,1,25,16777215,1625551916,0,f3d0ba9f,51595046404751367",爷青回,0
"33.56600,1,25,16777215,1625551913,0,aa7b6249,51595045051039813",爷青回,0
"35.45200,1,25,16777215,1625551912,0,c1bdda99,51595044681940999",爷青回,0
"35.02000,1,25,16777215,1625551905,0,172b19f7,51595040638107653",哈哈哈哈,0
"109.26700,1,25,16777215,1625551904,0,4d15a625,51595040126926853",诸神黄昏,0
"114.24200,1,25,16777215,1625551903,0,55c48dac,51595039595823107",合影,0
"52.78400,1,25,16777215,1625551895,0,8dd78530,51595035473346563",爷青回,0
"20.40100,1,25,16777215,1625551889,0,d2e7029b,51595032598675459",ohhhhhhhh,0
"42.02900,1,25,16777215,1625551884,0,de2221df,51595029688877059",爷青回,0
"51.09700,5,25,15138834,1625551878,0,b1736044,51595026384814087",秦王扫六合,0
"28.52000,1,25,16777215,1625551874,0,d99c5389,51595024363159559",爷青回,0
"26.62000,5,25,15138834,1625551872,0,ef1372d3,51595023340797955",牛奶，咖喱，土豆，豌豆，梨，西瓜，咸蛋,0
"14.25000,1,25,16777215,1625551868,0,7867a99a,51595021220052999",哈哈哈哈哈哈哈哈哈为什么c位哈哈哈哈,0
"40.80600,1,25,16777215,1625551867,0,f7173e45,51595021065912323",爷青回,0
"28.83900,1,25,16777215,1625551863,0,fbb99cf5,51595018858659847",爷青回,0
"19.66000,1,25,16777215,1625551857,0,d99c5389,51595015776894981",爷青回,0
"14.28300,1,25,16777215,1625551857,0,9fa3da9e,51595015636910087",爷青回,0
"37.67900,1,25,15138834,1625551856,0,61ae3c92,51595015331250183",爷青回,0
"60.02300,1,25,16777215,1625551854,0,5bd37008,51595014299451397",龙卷风来袭,1
"26.30000,1,25,16777215,1625551851,0,3be1cb70,51595012501143555",爷青回,0
"52.33900,1,25,16777215,1625551848,0,6e9b8761,51595010743205893",爷青回,0
"104.34000,1,25,16777215,1625551843,0,1a936ece,51595008434765829",哈哈哈,0
"45.62500,5,25,15138834,1625551843,0,b1736044,51595008153223173",狗熊蹭树,2
"99.14000,1,25,16777215,1625551842,0,543b0710,51595007852806151",果宝机甲,0
"36.14000,1,25,16777215,1625551840,0,71193ce6,51595006663196677",爷青回,0
"113.52000,1,25,16646914,1625551834,0,1dad455b,51595003309326341",葫芦娃,0
"114.98700,1,25,16777215,1625551829,0,9cc5d70a,51595000895504389",世界名画,0
"27.98200,1,25,16777215,1625551824,0,1794c58e,51594998544072709",发个友善的弹幕见证当下,0
"35.22400,1,25,16777215,1625551820,0,bc648964,51594996067336199",爷青回,0
"29.56400,5,25,15138834,1625551817,0,37051e2b,51594994524356615",爷青回,0
"34.58000,1,25,16707842,1625551808,0,5e3b7c80,51594989974585349",爷请回,0
"34.30000,1,25,16777215,1625551806,0,3b998fdb,51594988873056259",爷青回,0
"22.91900,1,25,16777215,1625551804,0,5d3692b4,51594987589599239",爷青回,0
"22.55800,1,25,16777215,1625551801,0,dafc8401,51594986167205895",爷青回,0
"35.92200,1,25,16777215,1625551798,0,e6201f58,51594984719122435",爷青回,0
"40.05000,1,25,16646914,1625551797,0,4e0fe4d8,51594984246214661",离谱离谱,3
"49.69700,1,25,16777215,1625551795,0,deb12a5c,51594983214415879",爷青回,0
"38.41800,1,25,16777215,1625551785,0,fd28e06c,51594977905999879",爷青回,0
"17.81100,1,25,16777215,1625551781,0,646e671d,51594976033767429",好味儿啊，爷青回,0
"74.49800,1,25,16646914,1625551780,0,1dad455b,51594975288754183",光  翼  展  开,0
"0.00000,5,25,15138834,1625551776,0,df3bb02a,51594973301178371",官  方  正  版,0
"50.83500,1,25,16777215,1625551776,0,9a9bde8,51594973082025989",爷青回,0
"80.08100,5,25,16777215,1625551774,0,aecf26e1,51594971947466757",物 业 敲 门,2
"81.40600,1,25,15138834,1625551773,0,162650bd,51594971446247429",便宜点，便宜点，便宜点,0
"32.75900,1,25,16777215,1625551772,0,8cfac667,51594971245969415",爷青回,0
"37.55900,5,25,15138834,1625551761,0,e1743773,51594965036302341",芜湖,2
"26.38800,1,25,16777215,1625551759,0,7b02795a,51594964344766471",爷青回,0
"34.46000,1,25,16777215,1625551758,0,24cd935c,51594963819954183",爷青回,0
"74.42000,1,25,16777215,1625551756,0,c49c08fa,51594962645024773",蒙娜丽莎的太草了哈哈哈哈,0
"12.96900,1,25,16777215,1625551754,0,b385f40b,51594961837096963",爷青回,0
"75.28200,1,25,15138834,1625551754,0,162650bd,51594961643634693",恐龙妈妈提笔忘字。,1
"110.50300,1,25,16777215,1625551744,0,e9a28878,51594956247662663",合影,0
"36.21000,1,25,16777215,1625551742,0,1dad455b,51594955221630981",爷青回,0
"40.29700,1,25,16777215,1625551735,0,f45f0365,51594951440990213",爷青回,0
"85.35600,5,25,15138834,1625551727,0,ac9e231e,51594947262939143",一睹芳容,0
"19.66800,1,25,16777215,1625551724,0,e169980c,51594945674870787",爷青回,0
"43.62000,1,25,16777215,1625551717,0,d904627,51594942320476165",爷青回,0
"26.08100,1,25,16777215,1625551716,0,84eabb9a,51594941448060931",爷青回,0
"24.12400,1,25,15138834,1625551714,0,7cdb4202,51594940706717703",爷青回,0
"77.79600,1,25,16707842,1625551708,0,7722af5b,51594937239601155",黄磊老师真不错,0
"65.67100,1,25,16777215,1625551707,0,885e1649,51594936749391875",没有踉跄,0
"26.15000,1,25,16777215,1625551707,0,931554d4,51594937110102019",爷青回,0
"61.80000,1,25,16646914,1625551706,0,15d59c8f,51594936276484101",爷青回,0
"32.91400,1,25,15138834,1625551706,0,162650bd,51594936491966467",便宜点，便宜点，便宜点。,2
"77.93000,5,25,15138834,1625551700,0,ac9e231e,51594933347287045",物业敲门,2
"34.34000,1,25,16777215,1625551697,0,6ea6e00c,51594931539017731",爷青回,0
"29.45800,1,25,15138834,1625551697,0,162650bd,51594931940622339",土豆，豌豆，西瓜，咸蛋,0
"46.21700,5,25,16707842,1625551697,0,6aec36d4,51594931551076357",狗熊蹭树,2
"9.81900,1,25,16777215,1625551694,0,9981f2ef,51594930415468549",这离谱的清晰度还能不爱嘛,2
"9.59800,1,25,16777215,1625551692,0,9f889b08,51594928992550915",太清没内个味了,2
"19.70900,1,25,15138834,1625551681,0,162650bd,51594923537334275",便宜点，便宜点，便宜点。,2
"58.85900,1,25,16777215,1625551676,0,14b71119,51594920980381699",太涩了doge,1
"10.57900,1,25,16777215,1625551676,0,481378f0,51594920666857475",爷青回！,0
"16.23200,1,25,15138834,1625551673,0,162650bd,51594918918356995",西瓜咸蛋,0
"58.85900,1,25,16777215,1625551669,0,14b71119,51594916823302151",支愣起来了,3
"59.23800,5,25,16777215,1625551665,0,7ff98418,51594914970992647",停车场反杀龙卷风,2
"15.08000,1,25,15138834,1625551665,0,162650bd,51594915220553735",恐龙妈妈提笔忘字,1
"29.90000,5,25,14811775,1625551663,0,357e8,51594913953873923",一亿合影！,0
"44.60300,1,25,16777215,1625551661,0,2908514,51594912698728453",黄磊 真 恶X,1
"9.99300,1,25,16646914,1625551654,0,15d59c8f,51594909143531527",我的生日,0
"10.62000,1,25,16777215,1625551652,0,f0d0c060,51594908238610435",短发改长发了，爷青结,0
"77.73900,1,25,16777215,1625551651,0,b391ce9b,51594907549696005",我觉得想张国荣,0
"44.01300,5,25,15138834,1625551645,0,ac9e231e,51594904231477251",老肩巨滑,0
"110.96000,1,25,16777215,1625551639,0,7fac4f07,51594901238317063",合影,0
"111.19800,1,25,16777215,1625551638,0,fec4dd7c,51594900984037379",重拍的你被骗了,2
"33.39400,1,25,16777215,1625551632,0,e9a28878,51594897592418309",爷青回,0
"38.71800,1,25,16777215,1625551620,0,52756555,51594891584602119",爷青回,0
"6.51500,1,25,16777215,1625551619,0,4badf503,51594891044061187",？？？？？？？？？？？？？？？？？？？？？？？？？？？,3
"81.93900,1,25,16777215,1625551619,0,e7b4054e,51594890698555397",哈哈哈哈哈哈哈哈哈我的妈哈哈哈哈哈哈哈哈哈,0
"16.48600,1,25,16777215,1625551608,0,3ad6538b,51594884908843011",爷青回,0
"37.95700,5,25,15138834,1625551607,0,ac9e231e,51594884806606855",仙人指路,0
"70.81900,1,25,16777215,1625551602,0,e7b4054e,51594882107047941",哈哈哈哈哈哈哈哈哈我真的笑了,0
"2.44400,1,25,16777215,1625551596,0,36bf147,51594878648844293",梦开始的地方,0
"0.52300,1,25,16777215,1625551593,0,49630f4f,51594877015162887",欢迎回来,0
"34.89400,1,25,16777215,1625551585,0,f1c02d23,51594872896880647",合影,0
"41.36600,1,25,16777215,1625551574,0,edb50ef5,51594867484655621",ohhhh,0
"51.63600,5,25,15138834,1625551574,0,ac9e231e,51594867439566853",宴请八方,0
"22.95900,1,25,16777215,1625551569,0,fb6cdf0f,51594864623616003",爷青回,0
"18.04500,1,25,16777215,1625551559,0,c900714f,51594859172069383",爷青回,0
"45.15000,1,25,16777215,1625551558,0,4de139c1,51594859023171589",爷青回,0
"51.79900,1,25,16777215,1625551558,0,ac9e231e,51594858916216835",宴请八方,0
"0.18300,1,25,16777215,1625551553,0,66d7ec9d,51594856026341383",你的4k有没有60帧doge,2
"49.19700,1,25,16777215,1625551549,0,6b000e07,51594854214402053",合影,0
"97.86500,1,25,16777215,1625551547,0,57fa870f,51594853246566403",全新动作,0
"113.98300,1,25,16777215,1625551530,0,987000d7,51594844302737415",哈哈哈哈哈哈哈哈哈好强,0
"42.47900,1,25,16777215,1625551529,0,d7858370,51594843655241733",爷青回,0
"24.29100,1,25,16777215,1625551524,0,4247d174,51594840823562247",爷青回,0
"15.67800,1,25,16777215,1625551522,0,15952915,51594840217485315",h h h h h h,0
"32.17000,1,25,16777215,1625551518,0,73b577ea,51594838139731973",爷青回,0
"3.72300,4,18,52480,1625551509,0,5969ef43,51594833342496771",爷青回,0
"24.58500,1,25,16777215,1625551501,0,17ec41e,51594829093666823",爷青回,0
"36.41900,1,25,16777215,1625551498,0,35063714,51594827356700679",爷青回,0
"9.47000,1,25,16777215,1625551491,0,dbe3d699,51594823599652867",爷青回,0
"21.65800,1,25,16777215,1625551476,0,44dedb93,51594815762071557",哈哈哈哈哈,0
"31.10800,1,25,15138834,1625551473,0,369c50c2,51594814142021637",爷青回,0
"19.60400,1,25,16777215,1625551473,0,d8eb6715,51594814141497351",ohhhhhhhhhhhhhhhhhhhhhhhhhh,0
"27.34000,1,25,16777215,1625551471,0,6a1e70ab,51594813381804035",爷青回,0
"85.99100,1,25,16777215,1625551468,0,97023301,51594811550466051",这里好美,0
"47.22800,1,25,16777215,1625551461,0,81f4b3db,51594807820681219",爷青回,0
"27.60300,1,25,16777215,1625551446,0,7d1b9dd4,51594800144580613",感觉，好像黄磊啊,3
"60.34500,1,25,16777215,1625551446,0,39d584ae,51594799896592387",爷青回,0
"31.76200,1,25,16777215,1625551445,0,f440b1de,51594799504424967",爷青回,0
"105.88400,1,25,15772458,1625551438,0,6b9b17a6,51594796039405573",脸都在用劲儿呢,2
"40.08400,1,25,16777215,1625551426,0,1719c94c,51594789401919491",爷青回,0
"45.86400,1,25,15138834,1625551423,0,dd3d0803,51594788348624899",老奸巨猾,0
"73.49000,1,25,16777215,1625551423,0,97023301,51594787961700355",这个头发好妩媚,0
"21.76400,1,25,16777215,1625551422,0,bbb0f1a2,51594787700604933",爷青回,0
"49.87800,5,25,15138834,1625551420,0,fdc7deaf,51594786723332099",让我独享经验,0
"5.69400,1,25,16777215,1625551419,0,4b39e9c7,51594785963114503",爷青回,0
"41.27900,1,25,16777215,1625551409,0,2138ddf2,51594780837150727",爷青回,0
"111.92000,1,25,16777215,1625551409,0,ae729615,51594780800974853",合影,0
"50.30900,1,25,16777215,1625551408,0,c20812e9,51594780202237955",爷青回,0
"16.89300,1,25,16777215,1625551406,0,26fe7e59,51594779233353731",诸神归位,0
"22.59900,1,25,16777215,1625551394,0,ba9d63ec,51594772762591235",爷青回,0
"14.62000,1,25,16777215,1625551387,0,12201833,51594769394565127",爷青回,0
"1.72400,1,25,16777215,1625551386,0,bbb0f1a2,51594768607084549",一亿人口回归,0
"27.99900,1,25,16777215,1625551361,0,963f0f50,51594755604742147",合影留念,0
"26.38000,1,25,16777215,1625551361,0,8049ff52,51594755319005187",爷青回,0
"16.42000,1,25,16777215,1625551353,0,885e1649,51594751201771527",爷青回,0
"110.65500,1,25,16777215,1625551352,0,8a397ae,51594750730436613",哈哈哈哈哈哈哈哈,0
"27.36900,1,25,16777215,1625551352,0,7f531ec2,51594750585733125",爷青回,0
"37.73900,1,25,16777215,1625551343,0,7471108,51594746263502853",爷青回,0
"51.74200,1,25,16777215,1625551340,0,e91de40b,51594744816467975",爷青回,0
"35.89400,1,25,16777215,1625551337,0,15ed26a3,51594742894428165",爷青回,0
"39.47800,5,25,15138834,1625551336,0,b1736044,51594742707257351",仙人指路,0
"21.66600,1,25,16777215,1625551336,0,12bf2bee,51594742646439943",岷叔nb！,0
"81.06400,5,25,16707842,1625551335,0,9134c4b7,51594741895135237",便宜点 便宜点 便宜     点,0
"35.19400,1,25,16777215,1625551332,0,15ed26a3,51594740362641415",爷青回,0
"38.73900,1,25,16777215,1625551332,0,2769f0de,51594740303396871",爷青回,0
"23.09500,1,25,16777215,1625551329,0,8af14ff6,51594738659229703",爷青回,0
"10.09900,1,25,16777215,1625551328,0,afd231e9,51594738280169479",爷青回,0
"88.55100,1,25,16777215,1625551325,0,dd98f837,51594736443064323",爷青回,0
"114.61900,5,25,38979,1625551315,0,1df5b697,51594731412520967",世界名画,0
"38.37300,1,25,15138834,1625551310,0,d0143558,51594728957804549",爷青回,0
"15.52300,1,25,16777215,1625551309,0,ae729615,51594728285143043",爷青回,0
"41.73900,1,25,16777215,1625551305,0,d17f3d42,51594726314868743",弹幕护体,3
"97.02000,1,25,15138834,1625551304,0,62c6c1bb,51594725931089927",六神合体,0
"95.27500,5,25,16707842,1625551303,0,9957af03,51594725290934279",阿三套餐,0
"25.79900,1,25,16777215,1625551301,0,2362f109,51594724113907715",爷青回,0
"77.60400,5,25,15138834,1625551298,0,9e3d0548,51594722557820935",籽    岷     挖     矿 ,0
"51.82000,1,25,16777215,1625551293,0,29a4772a,51594720094191621",啊！我的氪金狗眼！,3
"40.90800,1,25,16777215,1625551289,0,150eefca,51594717965058055",爷青回,0
"34.60000,1,25,16707842,1625551274,0,12777c9c,51594709735833603",爷青回,0
"102.43300,5,25,9033215,1625551273,0,30654126,51594709292285957",活在裆下,0
"37.26600,1,25,16777215,1625551270,0,97023301,51594707613515781",泪目了,1
"77.49900,5,25,38979,1625551269,0,1df5b697,51594707496599555",籽岷挖坑,0
"27.41000,1,25,16777215,1625551258,0,bae64b61,51594701618282503",精髓是眼神跟肚皮,0
"47.44600,1,25,15138834,1625551256,0,a99d8248,51594700490014725",爷青回,0
"45.63000,1,25,6830715,1625551251,0,769ab173,51594697655713795",爷青回,0
"71.49800,1,25,16777215,1625551249,0,f4dc7a3b,51594696829435909",好强的面部管理,0
"35.21800,1,25,16777215,1625551248,0,7ef2caf3,51594696187707397",爷青回,0
"80.86000,1,25,16777215,1625551234,0,9300c96a,51594689127645189",鲤鱼打挺,0
"77.64600,4,25,15138834,1625551231,0,48f822e3,51594687493439495",物业敲门,2
"48.95900,1,25,16777215,1625551230,0,54c55038,51594686788272135",爷青回,0
"42.16100,1,25,16777215,1625551227,0,59d32c78,51594685203349507",爷青回,0
"36.67000,1,25,16777215,1625551224,0,769ab173,51594683874803719",爷青回,0
"33.66000,5,25,16777215,1625551220,0,1df5b697,51594681519177733",爷青回,0
"39.77400,1,25,16777215,1625551218,0,7c72f03f,51594680774164487","回来了 都回来了,我感受到了",0
"81.61600,5,25,15138834,1625551217,0,d742f5b6,51594680208982021",  籽  岷  挖  矿,0
"38.50500,1,25,16777215,1625551213,0,5e3b7c80,51594678068838403",爷青回,0
"91.79900,1,25,15138834,1625551211,0,d8755ea7,51594677107294213",关晓彤 哈哈哈哈,0
"40.07800,5,25,16776960,1625551204,0,34d1e5f8,51594673121132551",爷青回,0
"25.91900,1,25,16777215,1625551200,0,bfb74e42,51594671340650501",芜湖,2
"81.66000,1,25,16777215,1625551199,0,eb96c465,51594670567849987",倒拔垂杨柳,1
"83.67000,1,25,16777215,1625551193,0,5518ba09,51594667619778563",哈哈哈哈哈哈,0
"99.22000,5,25,15138834,1625551188,0,653eefbc,51594664929656837",左右为男,3
"16.02700,1,25,16777215,1625551183,0,f4dc7a3b,51594662197592071",爷来了,0
"75.45900,1,25,15138834,1625551182,0,d8755ea7,51594661966905351",关晓彤 哈哈哈,0
"53.82300,5,25,15138834,1625551182,0,10d2fc53,51594661592563719",秦王扫六合,0
"34.60000,1,25,15138834,1625551182,0,bd474c2,51594661547474949",爷青回,0
"31.77900,1,25,16777215,1625551180,0,4e49e4e5,51594660723294211",爷青回,0
"49.79900,1,25,16777215,1625551177,0,a17457ed,51594659312959493",爷青回,0
"42.13100,1,25,16777215,1625551176,0,79f50a51,51594658337259527",也请回,1
"78.76800,1,25,16777215,1625551168,0,98a1f020,51594654395138053",籽岷挖矿,0
"7.22000,1,25,16777215,1625551161,0,17ec41e,51594650914390019",爷青回,0
"44.91900,1,25,15138834,1625551157,0,76b5434b,51594648636358659",爷青回，17小时纪念,0
"15.53900,1,25,16777215,1625551156,0,8646beb1,51594647977852935",爷青回！,0
"32.87400,1,25,16777215,1625551152,0,76d18a3c,51594646005481479",爷青回,0
"60.92500,1,25,16777215,1625551148,0,a11c82d9,51594644099694597",爷青回,0
"68.52900,1,25,16777215,1625551148,0,8df27af3,51594644019478531",秀发,0
"93.17900,5,25,16707842,1625551146,0,237643,51594642732351491",DLC版本,0
"19.85800,1,25,16777215,1625551139,0,46bd3d1a,51594639342829573",爷青回,0
"25.29200,1,25,16777215,1625551137,0,ab2c4d87,51594638263320581",爷青回,0
"77.38400,5,25,15138834,1625551137,0,2264bbb4,51594638168424455",妊  辰  纹,1
"21.56700,1,25,16777215,1625551135,0,10d2fc53,51594636879200261",爷青回,0
"79.57000,5,25,15138834,1625551132,0,653eefbc,51594635640832003",籽 岷 挖 矿,0
"47.42000,1,25,16777215,1625551131,0,73461516,51594634721755141",爷青回,0
"48.06100,1,25,16777215,1625551126,0,8897c186,51594632431140867",爷青回,0
"1.52400,1,25,15138834,1625551126,0,ae012ad1,51594632371372035",卢本伟,0
"61.08100,1,25,16777215,1625551111,0,9c823fe,51594624345571335",爷青回,0
"74.26000,5,25,16707842,1625551109,0,653eefbc,51594623586402307",光翼展开,0
"0.76400,1,25,16777215,1625551107,0,ae012ad1,51594622420910083",五五开,0
"18.79900,1,25,15138834,1625551103,0,d8755ea7,51594620276047875",关晓彤？？？？？？？？？？？？？？？？？？？？,3
"112.35500,1,25,16777215,1625551102,0,d0f3da9d,51594619912192005",合影,0
"111.93900,5,25,16707842,1625551084,0,a3c989e2,51594610572001285",这不是葫芦山吗？,2
"25.38000,1,25,16777215,1625551083,0,f829830f,51594609798152195",爷青回,0
"0.00000,5,25,15138834,1625551081,0,6c1abd81,51594608568172615",我c，这才发现猛男是长发！,3
"17.79900,1,25,16777215,1625551080,0,18abe4e0,51594608192782343",来了,0
"54.19800,5,25,52480,1625551080,0,c310bebf,51594608102080515",《籽岷的单人极限生存》,0
"0.00000,5,25,15138834,1625551072,0,7113f9d3,51594604029411331",请选择您的英雄,0
"29.73500,1,25,16777215,1625551071,0,ff4ef68b,51594603704877063",爷青回,0
"3.81600,1,25,16777215,1625551071,0,621d5aed,51594603650875397",爷青回,0
"50.32600,1,25,16777215,1625551070,0,46abe34c,51594602971922435",前方单人solo时刻,0
"36.38100,1,25,52480,1625551065,0,f12f2975,51594600127660037",爷青回,0
"7.98600,1,25,16777215,1625551042,0,26e2fad,51594588505243651",妈妈！他们的眼睛有光！,3
"65.90800,1,25,16777215,1625551041,0,e995cf80,51594587904409607",爷青回,0
"97.46000,1,25,16777215,1625551038,0,1373aba2,51594586178453507",DNA更新,0
"51.34800,1,25,16777215,1625551035,0,8a6468ae,51594584879792135",DNA动了,0
"69.46000,1,25,16777215,1625551032,0,b1168952,51594583119233029",减脂的话就好看了，这个身材保持不错,0
"84.05000,1,25,16777215,1625551028,0,f3a8152c,51594580854308869",物业敲门,2
"25.38000,1,25,16777215,1625551025,0,ef94f7ff,51594579459178499",合影留念,0
"37.09700,1,25,15138834,1625551020,0,23305e8f,51594576890167301",爷青回,0
"42.93000,1,25,16777215,1625551018,0,e995cf80,51594575961128967",泪目,1
"1.94400,1,25,16777215,1625551008,0,c7945f96,51594570436182087",这头发养了两年了吧《从黄磊到关晓彤》​,0
"28.77900,1,25,16777215,1625551002,0,3164368b,51594567259521031",爷青回,0
"37.16000,1,25,16777215,1625551000,0,7a74ccc0,51594566131253319",爷青回,0
"17.63900,4,25,16707842,1625550997,0,d5f60ed4,51594564984111107",爷青回,0
"35.96800,1,25,16777215,1625550983,0,cfe62881,51594557200007173",黄磊,0
"53.45900,4,25,15138834,1625550983,0,8afe11eb,51594557177462791",让  我  独  享  经  验,0
"33.17200,1,25,16777215,1625550982,0,59762897,51594557104062467",爷青回,0
"46.79100,1,25,16777215,1625550980,0,b635eee9,51594555678523399",爷青回,0
"70.40000,1,25,16777215,1625550980,0,8e85972e,51594555748777989",爷青回,0
"20.91900,1,25,16777215,1625550969,0,b579471f,51594550055010307",爷青回,0
"51.16200,1,25,16777215,1625550968,0,8da41cb2,51594549366095879",爷青回,0
"82.09200,5,25,16646914,1625550968,0,bc557d09,51594549317861383",物业敲门,2
"79.55000,1,25,16777215,1625550959,0,c310bebf,51594544586686467",籽岷挖矿,0
"48.84700,1,25,16777215,1625550941,0,704a20c1,51594535499202563",爷青回,0
"113.45900,1,25,16777215,1625550941,0,99a219c9,51594535198785539",ohhhhhhhhhhh,0
"4.67000,1,25,16777215,1625550940,0,f3a8152c,51594534703333381",爷青回,0
"44.41900,1,25,16777215,1625550938,0,d4cf05a1,51594533996593157",哈哈。,0
"23.60400,1,25,16777215,1625550935,0,8ec3ec56,51594532442079239",这该死的甜美,0
"1.36400,1,25,16707842,1625550924,0,29cff505,51594526387077123",请选择您要出战的英雄,0
"35.95800,1,25,16777215,1625550923,0,68625d1b,51594525939335171",爷青回,0
"77.64300,1,25,16777215,1625550922,0,7baf4c8,51594525183836167",面部表情nice,0
"35.15400,1,25,16777215,1625550916,0,36dbf747,51594522302349317",爷青回,0
"112.29800,1,25,16777215,1625550912,0,56888751,51594520310579207",合影,0
"25.32000,1,25,16777215,1625550908,0,984c8cf,51594518016294917",爷青回,0
"75.41200,1,25,16707842,1625550904,0,221c165c,51594516018757637",黄磊老师 您跳的真好！,0
"11.64300,1,25,16777215,1625550902,0,8ec3ec56,51594514806603779",好家伙,0
"36.04800,1,25,16777215,1625550898,0,51715c33,51594512886136837",爷青回,0
"35.91600,1,25,16777215,1625550890,0,c3ae74e9,51594508450660359",爷青回,0
"16.69200,1,25,16777215,1625550889,0,1e9e07f3,51594508000296967",爷青回,0
"43.78000,1,25,16777215,1625550888,0,7baf4c8,51594507422007303",头发长长了,0
"112.24900,1,25,16777215,1625550886,0,6754a3ef,51594506646061059",泪目,1
"79.71900,5,25,16707842,1625550885,0,cf614477,51594506038411269",振荡试管,0
"33.72400,1,25,16777215,1625550883,0,114770b2,51594504936882183",这个过亿了喊我,0
"15.33900,1,25,16777215,1625550882,0,d6308bdb,51594504164081669",爷青回,0
"22.10000,5,25,15138834,1625550880,0,44dea614,51594503520256003",爷青回,0
"28.32900,1,25,16777215,1625550878,0,1ca9f04d,51594502188040195",爷青回,0
"49.99900,1,25,16777215,1625550872,0,b569e702,51594499381002247",芜湖,2
"33.02000,1,25,16777215,1625550872,0,aee1194,51594499212705859",爷青回,0
"110.12000,1,25,16777215,1625550871,0,e293e449,51594498448293895",草啊,3
"24.20000,1,25,16777215,1625550868,0,7baf4c8,51594497163264007",文艺复兴,0
"21.04100,1,25,16777215,1625550868,0,efe32ff8,51594497050542087",高清好评~~~,0
"18.70000,1,25,16777215,1625550858,0,44dea614,51594491844886531",爷青回,0
"66.45300,1,25,16777215,1625550858,0,f764cd34,51594491843313669",表情才是灵魂,0
"55.22300,1,25,16777215,1625550858,0,4ab69ee1,51594491659812871",爷青回,0
"34.70600,1,25,16777215,1625550857,0,577562b2,51594491524022279",爷青回,0
"31.67700,1,25,16777215,1625550852,0,577562b2,51594488580669443",爷青回,0
"69.77900,1,25,16777215,1625550843,0,b4111f61,51594483877281797",拒绝参团,2
"56.67900,5,25,15138834,1625550841,0,cf614477,51594483058343941",秦王扫六合,0
"21.03200,1,25,16777215,1625550840,0,577562b2,51594482238881795",爷青回,0
"26.76600,1,25,16777215,1625550838,0,8d02aa3d,51594481511694343",牛奶，咖喱土豆，豌豆，梨，西瓜，咸蛋。,0
"11.93900,1,25,16777215,1625550821,0,208f3776,51594472225505287",爷青回,0
"58.68600,1,25,16777215,1625550817,0,acfb8dcb,51594470241075207",男人duck不必如此完美,2
"45.33900,1,25,16777215,1625550812,0,1cc14f89,51594467776921605",爷青回,0
"83.56000,1,25,16777215,1625550807,0,b2cbd8be,51594465219444741",灵魂已被甩飞,1
"2.70700,1,25,16777215,1625550805,0,e2f5d66a,51594463834275845",爷青回,0
"23.66000,1,25,16777215,1625550804,0,afbc4,51594463341445125",爷青回,0
"30.44800,1,25,16777215,1625550801,0,e2f4f71c,51594461758095365",爷青回,0
"55.33600,1,25,16777215,1625550794,0,eddd3d85,51594458446692357",爷青回,0
"11.86100,5,25,16646914,1625550785,0,d9368e69,51594453735440387",爷青回,0
"48.73900,1,25,16777215,1625550777,0,9b731bc1,51594449436803075",爷青回,0
"9.87900,1,25,16777215,1625550772,0,5cb9985f,51594446993096709",6666,0
"0.49000,5,25,16646914,1625550771,0,d9368e69,51594446411661315",回来了！都回来了！,0
"35.30400,1,25,16777215,1625550770,0,acfb8dcb,51594445831798789",把爷青回给我打在弹幕上,0
"77.18000,1,25,16777215,1625550763,0,b83a5345,51594441852452871",岷叔？？？,3
"24.04800,4,25,16646914,1625550753,0,6ae8015e,51594436612718599",爷青回,0
"30.10000,1,25,16777215,1625550749,0,b02dd6eb,51594434453700613",爷青回,0
"71.56200,1,25,16777215,1625550740,0,7504c5a1,51594429799596037",您的iPhone已解锁,2
"113.83200,1,25,15138834,1625550735,0,b9129771,51594427166621701",《葫芦娃》,0
"39.64700,1,25,16777215,1625550733,0,4bc72722,51594426229719045",爷青回,0
"41.88600,1,25,16777215,1625550731,0,38095b86,51594425520357381",pdd后排稳定输出,0
"36.84000,1,25,16777215,1625550730,0,a3177187,51594424925290503",爷青回,0
"33.16000,1,25,16777215,1625550725,0,af52fefb,51594422090989573",爷青回,0
"14.37700,1,25,15772458,1625550724,0,a90e5f9e,51594421387919367",爷青回,0
"50.78000,1,25,16777215,1625550718,0,134d5f1e,51594418678923269",爷青回,0
"39.90200,1,25,16777215,1625550717,0,107fd431,51594417910317059",爷青回,0
"55.64600,1,25,16777215,1625550703,0,b71a0360,51594410773184519",爷青回,0
"46.01900,1,25,16777215,1625550702,0,b2cbd8be,51594410166059015",跳的真好！,0
"25.79900,1,25,16777215,1625550699,0,85a4d624,51594408552824837",爷青回,0
"51.93400,1,25,16777215,1625550696,0,862c7117,51594406694748167",长发披肩,0
"29.08700,1,25,16777215,1625550694,0,d1536991,51594406124847109",爷青回！,0
"58.30600,1,25,16777215,1625550693,0,da777cc0,51594405441175555",爷青回,0
"37.30000,1,25,16777215,1625550681,0,25f4f044,51594399219974149",爷青回,0
"32.71600,1,25,16777215,1625550679,0,7504c5a1,51594397944381447",爷青回,0
"81.60000,5,25,16777215,1625550669,0,71c4f4ec,51594392747114501",振荡试管,0
"41.58000,5,25,15138834,1625550659,0,bfca9a96,51594387652083715",爷青回,0
"20.37100,1,25,16777215,1625550658,0,66873c55,51594387205914629",爷青回,0
"24.36000,1,25,15138834,1625550655,0,2e33acf9,51594385505648643",爷青回,0
"113.18000,1,25,16777215,1625550639,0,926a6bf7,51594377037873155",合影,0
"31.08400,1,25,16777215,1625550632,0,deac57d4,51594373582815235",爷青回,0
"3.02400,1,25,16777215,1625550628,0,a961d14b,51594371522887683",爷青回,0
"101.93900,1,25,16777215,1625550628,0,69d282a7,51594371440574467",牛逼！！！！！,0
"28.82900,1,25,16777215,1625550626,0,758590c,51594370325938183",哈哈,0
"26.32000,1,25,16777215,1625550616,0,8fe8d0ae,51594364783165443",打卡打卡,0
"43.29400,1,25,16777215,1625550613,0,43a4d1da,51594363131133959",爷青回,0
"22.23800,1,25,16777215,1625550610,0,1fe95a46,51594361967738883",爷青回,0
"26.15000,1,25,16777215,1625550610,0,e389c3ca,51594361806258179",爷青回,0
"32.27500,1,25,16777215,1625550604,0,cb09d80c,51594358528933895",爷青回,0
"35.81900,1,25,16777215,1625550599,0,75cc6f9,51594355970932743",爷青回,0
"111.38000,4,25,16646914,1625550598,0,3979dd9f,51594355698827269",自取其辱,2
"104.78600,1,25,16777215,1625550594,0,481b65cb,51594353351589891",印度阅兵,0
"64.17300,1,25,16777215,1625550591,0,69d282a7,51594351617245191",长发更猛了哈哈哈哈,0
"58.59100,1,25,16777215,1625550582,0,786350cf,51594347081629703",爷青回,0
"102.22900,5,25,16646914,1625550574,0,3979dd9f,51594342747865093",印 度 阅 兵,0
"0.50600,5,25,16646914,1625550572,0,6754a3ef,51594341696143367",兄弟们，把公屏给我打在爷青回上,0
"82.82700,1,25,16777215,1625550572,0,481b65cb,51594341837176835",物业敲门,2
"51.02000,5,25,15138834,1625550572,0,d0f66563,51594341856575495",黄磊上菜,0
"12.28000,1,25,16777215,1625550560,0,95237401,51594335672074247",黄磊老师,0
"28.18000,1,25,16777215,1625550556,0,faa49f1d,51594333602709511",铁氢喹,0
"29.43900,1,25,16777215,1625550552,0,926a6bf7,51594331613560835",爷青回,0
"30.03400,1,25,16777215,1625550551,0,8cb97574,51594331112865799",合影，爷青回,0
"60.32800,1,25,16777215,1625550549,0,481b65cb,51594330042269699",爷青回,0
"1.06500,1,25,16777215,1625550546,0,849e6e23,51594328376606725",爷青回,0
"55.80700,1,25,16777215,1625550544,0,cfde1b83,51594327388848133",叫黄磊老师那位你是恶魔嘛,2
"36.07300,1,25,16777215,1625550541,0,9ce97298,51594325670232067",黄磊老师又回来了,0
"112.50900,1,25,41194,1625550541,0,f81884a8,51594325551218693",合影,0
"84.10000,1,25,16777215,1625550541,0,acaeffd6,51594325434826757",哈哈哈哈哈哈哈,0
"22.95400,1,25,16777215,1625550535,0,6754a3ef,51594322277040131",爷青回,0
"54.38000,1,25,16777215,1625550530,0,bd561c06,51594319953920003",反击风暴,0
"41.70200,1,25,16777215,1625550530,0,cfde1b83,51594319712747527",前几天看见老版叫 黄磊老师,0
"63.04000,1,25,16777215,1625550529,0,b9daed90,51594319582199815",梦回当年,1
"15.77000,1,25,16777215,1625550528,0,87519626,51594318874935303",360流畅版已打开,0
"35.03300,1,25,16777215,1625550528,0,41a88736,51594318589198343",呜呜呜爷,1
"78.14000,1,25,16777215,1625550527,0,abae44ce,51594318086930435",关晓彤？,3
"56.88000,5,25,16707842,1625550521,0,5ca636b6,51594315125751813",让我独享经验,0
"65.23900,1,25,16777215,1625550508,0,abae44ce,51594308399661063",关晓彤？,3
"18.87600,1,25,16777215,1625550500,0,cfde1b83,51594304411402243",爷青结,0
"51.77800,5,25,16646914,1625550500,0,3979dd9f,51594304084246531",《 宴 请 八 方 》,0
"4.62200,1,25,16777215,1625550498,0,5a8274a3,51594303307776007",爷青回,0
"33.74800,1,25,16777215,1625550497,0,f38cee22,51594302474158083",DNA在跳,1
"15.69900,1,25,14811775,1625550494,0,52c3f7a9,51594301256761351",爷青回,0
"113.87900,1,25,16777215,1625550494,0,d5878816,51594300897099781",众神归位,0
"10.77100,1,25,16777215,1625550483,0,c5ab911,51594295435591687",爷青回,0
"67.75600,1,25,16777215,1625550480,0,fce51bf1,51594293640429573",爷青回,0
"100.97800,1,25,16777215,1625550475,0,fcd39e2b,51594291078758403",十七小时纪念,1
"24.94000,1,25,16777215,1625550474,0,aa0fc2ca,51594290628919303",爷青回,0
"41.38400,1,25,15138834,1625550473,0,f54e9936,51594290044862467",Ohhhhhhhhhhhhhhhhhhhhhhhhhhhhhhhhhhhhhhhhhhhhhhhhhhhhhhhhhhhhhhhhhhhhhhhhhhhhhhhhhhhhhhhhhhhhhhhhhhh,0
"31.02000,1,25,16777215,1625550461,0,e5f60afa,51594283896537095",爷青回,0
"112.98600,1,25,16777215,1625550458,0,d2353f7f,51594282335731715",帅,0
"67.70800,5,25,16777215,1625550457,0,dc9ed9da,51594281565552643",黄磊老师别这样,0
"82.95900,1,25,16777215,1625550456,0,d5878816,51594281295544323",物业敲门,2
"44.34000,1,25,16777215,1625550445,0,dc7bbc0,51594275159801859",360p有那味儿了,0
"35.32300,1,25,16777215,1625550444,0,ea864198,51594274634465287",爷青回,0
"80.30200,1,25,15138834,1625550443,0,d0f1f14b,51594274158411783",物业敲门,2
"30.46000,1,25,15772458,1625550441,0,670b975f,51594273326891011",爷青回,0
"57.45300,1,25,16777215,1625550437,0,29c0ec63,51594271102337027",爷青回,0
"109.12100,5,25,15138834,1625550437,0,fdfacecf,51594271126454277",众神归位－世界名画,0
"18.88000,1,25,16777215,1625550436,0,98c1f79a,51594270647255043",爷青回,0
"11.73000,1,25,41194,1625550436,0,f81884a8,51594270368333829",爷青回！！！,0
"24.32000,1,25,16777215,1625550433,0,ea864198,51594269019865091",爷青回,0
"19.94500,1,25,16777215,1625550432,0,849e6e23,51594268610920453",好家伙,0
"111.87000,1,25,16777215,1625550429,0,5e178b41,51594267148156931",合影！,0
"58.25500,1,25,38979,1625550427,0,df7cc37a,51594265997869059",爷青回,0
"28.40000,1,25,16777215,1625550424,0,4ffe622c,51594264110956547",爷青回,0
"30.26000,1,25,16777215,1625550423,0,5e724924,51594263623368709",爷青回,0
"80.86000,1,25,16777215,1625550420,0,92e81051,51594262096642055",很带感。,0
"32.04300,1,25,16777215,1625550402,0,3097bdb7,51594252990283779",爷青回,0
"58.89900,1,25,16777215,1625550401,0,26830423,51594252267814915",停车场反杀龙卷风,2
"32.86000,1,25,16777215,1625550398,0,430dff32,51594250607919109",爷青回,0
"59.33900,1,25,16777215,1625550397,0,6455f88a,51594249927917571",用不笑场,2
"0.18000,1,25,16777215,1625550393,0,e5f60afa,51594248113356805",合影,0
"44.92500,1,25,16777215,1625550386,0,a06f4237,51594244569694211",爷青回,0
"12.66900,5,25,15138834,1625550384,0,de607a99,51594243273129989",了解你的捍卫者,0
"14.67900,1,25,16777215,1625550380,0,d5878816,51594241231028229",爷青回,0
"31.37900,1,25,16777215,1625550379,0,c678c502,51594240844103687",爷青回,0
"6.97400,1,25,16777215,1625550377,0,87eb2ba4,51594239612551175",弹幕呢？,2
"113.58000,1,25,16777215,1625550376,0,314fb209,51594239273861127",世界名画,0
"59.86400,5,25,14811775,1625550376,0,a373d2b2,51594238907383813",带你长发及腰时,0
"1.04400,1,25,16777215,1625550371,0,da709a12,51594236684402693",爷的青春啊,0
"87.53800,1,25,16777215,1625550367,0,ab36d27,51594234559987717",蚌埠住了,0
"41.57100,1,25,16777215,1625550367,0,7869dc36,51594234390118403",爷青回,0
"25.98600,1,25,16777215,1625550366,0,c867f79e,51594233749962759",爷青回,0
"78.61900,5,25,15138834,1625550363,0,fdfacecf,51594232545148935",物业敲门,2
"115.07200,1,25,16777215,1625550360,0,6c0bdaea,51594230930866179",666666,0
"54.16100,1,25,16777215,1625550358,0,d2c1d442,51594229829861383",六合,0
"0.00000,1,25,16777215,1625550357,0,51c00d72,51594229447655427",爷青回,0
"41.23800,1,25,16777215,1625550354,0,d5c3c169,51594227397689349",PDD后排稳定输出,0
"29.16000,1,25,16777215,1625550343,0,563f2102,51594221791477763",爷青回,0
"89.64900,1,25,16777215,1625550342,0,34bbdc2e,51594221566558213",没有保密画质护体了,2
"33.94000,1,25,16777215,1625550341,0,b4ef4d23,51594220544196613",爷青回,0
"32.63900,1,25,16777215,1625550339,0,252af31a,51594219950702599",爷青回,0
"77.14000,1,25,16777215,1625550336,0,314fb209,51594218353197063",跳   个   锤   子,2
"43.83800,1,25,16777215,1625550335,0,d2c1d442,51594217438314499",爷青回,0
"53.72600,1,25,16777215,1625550331,0,91af3fbf,51594215494778883",蚌埠住了,0
"13.37300,1,25,16777215,1625550329,0,60e8d55,51594214753959939",恐龙妈妈提笔忘字,1
"5.82300,1,25,16777215,1625550324,0,5b13eef9,51594212123082819",爷青回,0
"40.06800,1,25,16777215,1625550324,0,5ff2884a,51594211759751175",爷青回            爷青回           爷青回,0
"32.53900,1,25,16777215,1625550319,0,b69b132c,51594209330724871",爷青回,0
"7.28400,5,25,14811775,1625550316,0,a373d2b2,51594207837028357",爷青回也爷青结,0
"27.42000,1,25,16777215,1625550309,0,f8acbc5a,51594203783757829",爷青回,0
"27.34600,1,25,16777215,1625550305,0,2909d184,51594201924108295",爷青回,0
"10.87700,1,25,16777215,1625550303,0,60e8d55,51594200769101829",众神归位,0
"69.46000,1,25,16777215,1625550303,0,314fb209,51594200645369859",表情管理赞了,0
"37.94000,5,25,15138834,1625550302,0,441fb599,51594200538939397",爷青回,0
"45.04300,1,25,16777215,1625550298,0,f10f0ef1,51594198357377031",爷青回,0
"4.60800,1,25,16777215,1625550296,0,1cbe656a,51594197222817799",众神归位,0
"9.39900,5,25,16707842,1625550296,0,a373d2b2,51594197408415747",爷青回也爷青结,0
"35.99900,1,25,16777215,1625550294,0,fd5cf63d,51594196410695685",爷青回,0
"91.72000,1,25,16777215,1625550292,0,5bc7e417,51594195038109701",关晓彤晚期作品,0
"78.61100,5,25,38979,1625550292,0,ede2ff0f,51594195002982407",籽岷挖矿,0
"36.73300,1,25,16777215,1625550289,0,5ff2884a,51594193475731461",爷青回,0
"10.54500,1,25,16777215,1625550287,0,590fc9b2,51594192572383239",流畅画质更有内味,0
"67.10000,1,25,16777215,1625550285,0,862fb0b2,51594191466659847",这真的不是黄磊老师？,3
"10.02400,1,25,16777215,1625550281,0,105829cf,51594189579747333",爷青回,0
"27.89600,1,25,16777215,1625550281,0,bf58e086,51594189529415683",太棒了,0
"3.94000,1,25,16777215,1625550277,0,a373d2b2,51594187036426247",爷青回,0
"16.34200,1,25,16777215,1625550273,0,2f78c5ca,51594185044656133",爷青回,0
"48.52400,5,25,16776960,1625550273,0,d2285821,51594185251225603",深        夜        食        堂,1
"55.90000,1,25,16777215,1625550272,0,314fb209,51594184851193863",秦王扫六合,0
"68.58300,1,25,16777215,1625550267,0,c1b8ab25,51594182261211143",solo,1
"3.24900,5,25,15138834,1625550266,0,d4901675,51594181429690375",全员恶人！,3
"49.09900,1,25,16777215,1625550260,0,314fb209,51594178542436355",爷青回,0
"41.50700,1,25,16777215,1625550259,0,617b681,51594178045411333",爷青回,0
"103.85400,5,25,15138834,1625550259,0,63da1b28,51594177627553797",众星捧月,0
"96.69600,5,25,16707842,1625550256,0,f0382f3c,51594176544899075",我来组成头部,0
"32.33900,1,25,15138834,1625550253,0,af679ffa,51594174819467271",爷青回,0
"19.86000,1,25,16777215,1625550253,0,c86cf118,51594174548934663",爷青回,0
"42.41900,1,25,16777215,1625550250,0,314fb209,51594173097181189",爷青回,0
"28.36000,1,25,16777215,1625550245,0,9f7c3857,51594170386087941",爷青回,0
"50.98400,1,25,16777215,1625550241,0,e0d5d864,51594168491835395",就这哥们儿光膀子，一看就不是普通人,2
"35.40000,5,18,15138834,1625550241,0,4095eec1,51594168544788487",爷青回,0
"43.72000,1,25,16777215,1625550236,0,e7fd4726,51594165979447299",爷青回,0
"37.22000,1,25,16777215,1625550234,0,cdccf1c8,51594164737409027",味道很对,0
"92.76600,1,25,16777215,1625550233,0,3eb1d392,51594164297007107",牛逼牛逼。,0
"78.53600,5,25,16707842,1625550230,0,f0382f3c,51594162763464709",自  娱  自  乐,2
"22.34000,1,25,16777215,1625550226,0,129f64ec,51594160665788421",爷青回,0
"18.12900,1,25,16777215,1625550223,0,d592b38c,51594158945599495",爷青回,0
"70.99600,1,25,16777215,1625550212,0,669a441c,51594153158508551",黄磊?!,3
"8.76500,1,25,16777215,1625550205,0,c1b8ab25,51594149530435719",梦开始的地方,0
"6.62200,1,25,16777215,1625550203,0,d3f902bf,51594148527996931",文  藝  復  興,0
"100.41500,1,25,16777215,1625550201,0,fc8b306c,51594147521363973",？！,3
"24.76300,1,25,16777215,1625550197,0,af858a7c,51594145348190211",爷青回,0
"31.22000,1,25,15138834,1625550196,0,35cfeb0e,51594144669761539",爷青回,0
"83.09200,4,25,16707842,1625550192,0,12dcb83c,51594142859395079",振荡试管,0
"39.05800,5,25,38979,1625550186,0,63da1b28,51594139347189767",仙人指路,0
"18.06000,1,25,16777215,1625550184,0,f9bee9c8,51594138328498183",爷青回,0
"82.15800,5,25,15138834,1625550178,0,bce723c5,51594135337959431",便宜点便宜点便宜点,2
"34.26000,1,25,16777215,1625550175,0,5159d3a4,51594133877293061",爷青回,0
"33.76300,1,25,16777215,1625550175,0,344a8e9d,51594133712142403",爷青回,0
"30.78100,5,25,6830715,1625550169,0,63da1b28,51594130791858179",便宜点，便宜点，便宜点,0
"76.01800,5,25,16707842,1625550168,0,a47afc2e,51594130119720963",籽岷挖矿,0
"82.24500,1,25,16777215,1625550165,0,e0d694aa,51594128469262343",就是黄磊吧,0
"23.80600,5,25,38979,1625550152,0,63da1b28,51594121632022535",你也拿土豆,2
"112.02000,1,25,16777215,1625550145,0,e2fbda8a,51594118216810499",福禄娃,0
"79.58500,1,25,16777215,1625550145,0,a2faacd8,51594117966200835",黄磊老师辛苦啦,0
"51.56100,1,25,16777215,1625550143,0,f638694f,51594116902420485",爷青回,0
"114.39200,1,25,16777215,1625550141,0,abc68794,51594115854368771",世界名画,0
"1.83300,1,25,16777215,1625550140,0,a9bc5bf1,51594115287613443",合影,0
"18.23700,5,25,16707842,1625550138,0,63da1b28,51594114429353989",便宜点，便宜点，便宜点,0
"11.39900,1,25,16777215,1625550137,0,b777158c,51594113754595335",。,3
"44.64200,1,25,16777215,1625550135,0,cb83bcba,51594112906821639",爷青回,0
"31.26900,1,25,16777215,1625550133,0,e2f5e114,51594111795855429",爷青回,0
"75.04800,1,25,16777215,1625550130,0,ca87b2e0,51594110054694919",战术踉跄没了？,2
"8.36600,1,25,16777215,1625550129,0,5b54e87b,51594109891117059",选择你的英雄,0
"61.37700,1,25,16777215,1625550128,0,3d849b35,51594108993536005",绝了,0
"23.41400,1,25,16777215,1625550125,0,fc8b306c,51594107299561479",一样的味道！！,0
"113.27300,1,25,16777215,1625550108,0,b6715eae,51594098699141127",合影,0
"0.23100,5,25,14811775,1625550108,0,63da1b28,51594098865340423",选择你的英雄,0
"53.13200,1,25,16777215,1625550105,0,d8a592f8,51594096831627269",爷青回,0
"48.00600,1,25,16777215,1625550104,0,58e8d488,51594096331456519",爷青回,0
"48.73900,1,25,16777215,1625550101,0,a14b5fb8,51594094852964359",全员没怎么变,0
"41.13400,1,25,16777215,1625550096,0,ca87b2e0,51594092291817477",哈哈哈哈哈哈哈哈,0
"8.48400,1,25,16777215,1625550092,0,e48e957f,51594090071457795",太草了,2
"37.02500,1,25,16777215,1625550090,0,b2467aeb,51594089104670725",爷青回,0
"26.19700,1,25,16777215,1625550087,0,50f932c1,51594087855292421",牛奶咖喱土豆豌豆梨西瓜咸菜,0
"4.00700,1,25,16707842,1625550086,0,63da1b28,51594087056277509",请选择你的英雄,0
"78.86600,1,25,16777215,1625550085,0,4bf2032b,51594086634225667",物业敲门,2
"13.29900,1,25,8700107,1625550083,0,34c0cbe6,51594085528502341",爷青回,0
"60.00300,1,25,16777215,1625550082,0,6069b5f7,51594085041438725",撩,2
"58.32700,5,25,41194,1625550081,0,ff79a313,51594084647698437",爷青回,0
"19.62000,1,25,16777215,1625550081,0,f2043480,51594084508237829",好家伙，梅开二度,0
"96.69900,5,25,16707842,1625550075,0,656fe7af,51594081551777797",情 比 金 坚 七 天 锁,0
"40.95100,1,25,16777215,1625550075,0,5581db14,51594081444823047",爷青回,0
"16.70000,1,25,9487136,1625550069,0,59ac881e,51594078328979461",爷青回,0
"32.48800,1,25,16777215,1625550069,0,6d27cf75,51594078219403269",黄磊老师？！,3
"64.62200,5,25,15138834,1625550068,0,f79659f1,51594077667328069",以前的村子回来了,1
"77.58600,1,25,16777215,1625550066,0,9a607ef4,51594076625567749",开门，社区送温暖,0
"102.36000,4,25,16707842,1625550064,0,580c6739,51594075505688581",人上人,0
"97.97900,1,25,16777215,1625550060,0,339dc5bb,51594073728352263",爷青回,0
"30.05800,4,25,15138834,1625550050,0,4a118d69,51594068245872643",爷青回！,0
"35.30000,1,25,16777215,1625550047,0,5406286e,51594066415583239",味儿对了,0
"73.15700,4,25,16707842,1625550045,0,9bdcabcc,51594065490214917",光翼展开,0
"113.27700,1,25,16777215,1625550042,0,d24cf21b,51594063958245383",合影,0
"37.36500,1,25,16777215,1625550034,0,f396a1dc,51594059854643203",爷青回,0
"13.84900,1,25,16777215,1625550031,0,fc18572d,51594058179543047",爷青回,0
"109.62000,1,25,16777215,1625550024,0,dcd86a49,51594054713475075",这个可以,0
"36.41300,1,25,16777215,1625550019,0,e90920c9,51594052009197573",yyds,0
"58.12000,4,25,16707842,1625550016,0,580c6739,51594050579988485",仙人指路,0
"17.02000,1,25,16777215,1625550016,0,2cd3cfc3,51594050263842821",爷青回,0
"36.90400,1,25,16777215,1625550008,0,6968e1b9,51594046126686211",爷青回,0
"0.89300,5,25,16777215,1625550007,0,d0229cc9,51594045649584131",高清尊享版,0
"12.02200,5,25,15138834,1625550006,0,f79659f1,51594045222813701",纪念限定皮肤,0
"19.51000,1,25,16777215,1625550006,0,81a7bae0,51594045168287747",爷青回,0
"78.07300,4,25,38979,1625550006,0,8b45dc68,51594045071294471",籽 岷 挖 矿,0
"99.56700,5,25,15138834,1625550005,0,23109699,51594044395487239",全新版本,0
"68.24300,1,25,16777215,1625550004,0,397ef145,51594044099264519",自信即是颠疯,0
"68.97900,1,25,16777215,1625550004,0,78c198a0,51594044017999879",一睹芳容,0
"61.58700,1,25,16777215,1625550004,0,6c84d081,51594043979202563",黄磊，是你吗黄磊,0
"20.90800,1,25,16777215,1625549997,0,a5029bf5,51594040246796291",爷青回,0
"0.59400,5,25,41194,1625549992,0,89492223,51594037691416579",17小时！,0
"98.66000,5,25,16707842,1625549989,0,945930e9,51594036149485575",左右为男,3
"33.04000,4,25,16707842,1625549987,0,580c6739,51594035413385221",全员憋笑,0
"11.12000,1,25,16777215,1625549985,0,5d2f61c5,51594034058100739",哦哦哦哦,0
"110.40600,1,25,16777215,1625549984,0,773c1920,51594033432625157",爷青回,0
"46.46500,1,25,16777215,1625549977,0,96116a01,51594029941391365",有些人天生就是C位，这没办法这,2
"50.66000,1,25,16777215,1625549974,0,266fc09f,51594028492259333",秦王扫六合,0
"33.92600,1,25,16777215,1625549972,0,f44e8f87,51594027124391943",ohhhhhhhhhhh,0
"79.64400,1,25,15138834,1625549971,0,32eb8900,51594026796711941",便宜点便宜点,2
"21.43200,1,25,16777215,1625549966,0,4d9c317a,51594024429027331",爷青回,0
"68.00700,1,25,16777215,1625549964,0,23109699,51594023354761219",上头,0
"18.50000,1,25,16777215,1625549963,0,4774de84,51594022813696003",爷青回,0
"40.84500,1,25,16777215,1625549961,0,ad278df4,51594021615697925",爷青回,0
"112.32000,1,25,16777215,1625549960,0,314fb209,51594021000183811",世界名画,0
"73.79700,5,25,10546688,1625549953,0,a9ad1084,51594017131986951",恐龙妈妈听了马上哭泣,1
"29.34500,1,25,16707842,1625549948,0,cd0c11f8,51594014509498375",深夜食堂,0
"65.31200,1,25,16777215,1625549946,0,59447d11,51594013543235589",C位的表情管理一如既往的优秀,0
"102.03900,1,25,16777215,1625549944,0,314fb209,51594012759949319",印度摩托,0
"24.70000,1,25,16777215,1625549939,0,9a34e297,51594010155810819",身材保持得很好啊,0
"38.70000,1,25,16777215,1625549938,0,eb7f0ce6,51594009454313475",爷青回,0
"37.02000,1,25,16777215,1625549937,0,e26f6aee,51594009185878021",爷青回,0
"19.04400,1,25,16777215,1625549936,0,ffa67104,51594008334434311",你币有了,0
"114.46900,1,25,16777215,1625549936,0,fbc90d3a,51594008593432581",泪目,1
"35.69900,1,25,16777215,1625549931,0,5b26dee0,51594005948399623",爷青回,0
"96.64000,1,25,16777215,1625549929,0,314fb209,51594005035089927",转圈圈,0
"41.42300,5,25,10546688,1625549929,0,1367b190,51594004699021319",爷青回,0
"8.95400,1,25,16777215,1625549926,0,28d5b340,51594003043319813",爷青回,0
"9.48100,1,25,16777215,1625549919,0,12e2204,51593999708848133",二周目,0
"92.66000,1,25,16777215,1625549918,0,314fb209,51593999258484743",变形金刚,0
"29.22700,5,25,16707842,1625549915,0,cd0c11f8,51593997363707911",深夜食堂,0
"17.72600,1,25,16777215,1625549913,0,ae68bdbc,51593996262178819",爷青回,0
"36.30300,1,25,16777215,1625549906,0,7b8b1df,51593992821800963",爷青回,0
"30.93300,1,25,16777215,1625549904,0,4fa5c2f4,51593991523663875",爷青回,0
"112.33300,1,25,16777215,1625549895,0,d98004de,51593986964979717",合影,0
"9.31300,1,25,16777215,1625549893,0,2982818d,51593986177499139",爷青回,0
"76.68300,5,25,16777215,1625549893,0,4c8ce9e2,51593986001862659",光翼展开,0
"93.78000,5,25,16740868,1625549892,0,b69c9e11,51593985622278147",DLC,0
"17.54000,1,25,16777215,1625549891,0,f2d8e2ef,51593984740425731",籽岷,0
"33.30000,5,25,15138834,1625549887,0,36ca4570,51593982644846595",蒙娜丽莎的微笑,0
"70.64000,1,25,16777215,1625549884,0,314fb209,51593981187325957",籽岷双厨狂喜,0
"95.74200,1,25,16777215,1625549874,0,807a92ea,51593975953358853",三 项 之 力,0
"30.06000,1,25,16777215,1625549872,0,ccd4e414,51593974659940359",爷青回,0
"56.61700,1,25,16777215,1625549871,0,107448d6,51593974295560199",黄磊上菜,0
"34.28000,1,25,16777215,1625549867,0,c4c0c2a5,51593972463697923",少了笑容,0
"24.59500,1,25,16777215,1625549866,0,976fffcb,51593971640565765",真不错,0
"65.36000,1,25,16777215,1625549860,0,314fb209,51593968492740611",老夫聊发少年狂,0
"33.35500,1,25,16777215,1625549860,0,44a266d5,51593968708747269",爷青回,0
"55.10200,1,25,16777215,1625549851,0,3e5f61cb,51593963765235715",爷青回,0
"36.51900,1,25,16777215,1625549849,0,bb1ffc82,51593962744446981",爷青回,0
"13.15100,1,25,15138834,1625549848,0,e6b715c9,51593962127360007",爷青回！回来了，都回来了,0
"5.76000,1,25,16777215,1625549846,0,1614cf1b,51593961150087173",加强版,0
"62.23900,1,25,16777215,1625549845,0,314fb209,51593960591720455",秦王扫六合,0
"23.74000,1,25,16777215,1625549836,0,72d3fcfd,51593956013637639",爷青回,0
"32.87300,1,25,16777215,1625549828,0,6d6de62c,51593951647891463",爷青回,0
"35.28200,1,25,14811775,1625549826,0,795dde9a,51593950537449475",爷青回,0
"10.09900,1,25,16777215,1625549824,0,1dc9a19b,51593949995859975",666,0
"29.16000,1,25,16777215,1625549814,0,af8ea168,51593944587304967",爷青回,0
"25.19500,1,25,16646914,1625549814,0,b69c9e11,51593944489263107",《高清重制》,0
"65.06600,1,25,16777215,1625549813,0,c3e03d85,51593943900487687",awa,0
"39.87000,1,25,16777215,1625549808,0,19ca2093,51593941594144771",爷青回,0
"11.94500,1,25,16777215,1625549807,0,107448d6,51593940823441411",黄磊,0
"27.99600,1,25,16777215,1625549804,0,1eab7bad,51593939415203845",爷青回,0
"14.68300,5,25,16777215,1625549801,0,4c8ce9e2,51593937915215875",六黎明,0
"51.34700,1,25,16777215,1625549796,0,779c17f3,51593934943551495",爷青回,0
"10.04700,1,25,16777215,1625549793,0,274815ed,51593933520633923",好耶,0
"35.30000,1,25,16777215,1625549793,0,98486af4,51593933236469765",黄磊老师,0
"0.60400,1,25,16777215,1625549789,0,d98004de,51593931548786693",爷青回,0
