"249.43100,5,25,16707842,1625478270,0,a5081a14,51556434880495619",可以看见男女双方都以自己的心思揣测对方,0
"215.59500,5,25,16777215,1625468476,0,ffee11a4,51551300078272519",《你礼貌吗》,0
"155.56500,5,25,16777215,1625460535,0,5a0eeb2e,51547136785383427",《般配》,0
"91.55100,5,25,15138834,1625446556,0,bb6ecd23,51539807744032771",你以为是solo，其实还是团战。,3
"180.54400,5,25,16707842,1625416553,0,8561806a,51524077464584199",快看，那颗星星是卡兹,3
"136.94200,5,25,16707842,1625413571,0,558066d3,51522513977999365",叙利亚局势,1
"270.03000,1,25,16777215,1625551851,0,b0c1b9b9,51595012728160263",旗鼓相当,0
"241.09900,1,25,16777215,1625551849,0,225f2a51,51595011531210759",笑死我了,0
"209.53900,1,25,16777215,1625551841,0,c5a73f15,51595007406112771",哈哈哈哈哈,0
"250.95600,1,25,16777215,1625551833,0,b0c1b9b9,51595003068153859",卧龙凤雏,0
"8.05900,1,25,16777215,1625551822,0,7fdc9a06,51594997347123207",三笠直呼内行,0
"249.97900,1,25,15138834,1625551789,0,bebfb97a,51594980113776647",牛哇牛哇哈哈哈哈哈,0
"143.88000,1,25,16777215,1625551782,0,29218ad,51594976043728903",流体舜态计算和稳态的区别,2
"211.37900,1,25,15138834,1625551741,0,bebfb97a,51594954660642821",笑死哈哈哈哈,0
"203.41900,1,25,15138834,1625551729,0,bebfb97a,51594948754014211",哈哈哈哈哈,0
"77.05300,1,25,16777215,1625551728,0,1f49f0ad,51594947807150083",现在流行网络约会的吗,2
"155.05500,1,25,16777215,1625551728,0,b0c1b9b9,51594947759964163",绝了,0
"62.01900,1,25,16777215,1625551710,0,c2397cf4,51594938684014597",笑死了,0
"144.32100,1,25,16777215,1625551709,0,29218ad,51594938127220741",知网上的论文如何水,2
"165.65900,1,25,15138834,1625551689,0,bebfb97a,51594927639887875",天生一对哈哈哈哈,0
"144.21900,1,25,15138834,1625551660,0,bebfb97a,51594912372097027",正片开始哈哈哈哈,0
"146.42600,1,25,16777215,1625551624,0,98f3508e,51594893540196359",笑死我了哈哈哈哈哈哈哈哈哈哈哈哈,0
"63.61900,1,25,15138834,1625551573,0,bebfb97a,51594866761138179",高手过招哈哈哈哈哈,0
"103.24500,1,25,16777215,1625551514,0,ebf4e12,51594835776241667",哈哈哈哈哈哈哈,0
"219.00100,1,25,16777215,1625551307,0,68a8935a,51594727155302405",哈哈哈哈哈哈哈,0
"238.45300,1,25,16777215,1625551256,0,52ee74b5,51594700735905799",哈哈哈哈哈哈哈哈哈哈笑死我了,0
"18.83400,1,25,16777215,1625551179,0,4dddb39a,51594659900686405",这剧情我怎么好像见过,0
"167.97900,1,25,16777215,1625551022,0,94832f95,51594577914626053",？？？？ 般配,2
"197.38800,1,25,16777215,1625550877,0,3d036153,51594502044385283",今晚月色真美,0
"39.71100,1,25,16777215,1625550796,0,e20c1c59,51594459468005381",装女生啊 发的东西都不对,2
"83.17700,1,25,16777215,1625550738,0,c8382434,51594429152624647",不对劲,3
"1.53900,1,25,16777215,1625550698,0,7b6c125d,51594408018575367",还有4个人没有走出ds,1
"194.87300,1,25,16777215,1625550697,0,2105b950,51594407342768135",你别说女生做这些其实挺有用,2
"255.81900,1,25,16777215,1625550628,0,cf6f7d0,51594371325231109",好耶,0
"161.17900,1,25,16777215,1625550619,0,e6a30641,51594366679515141",？,3
"250.85600,1,25,16777215,1625550600,0,edcb431f,51594356561281027",哈哈哈哈哈哈,0
"66.72200,1,25,16777215,1625550548,0,a483ee55,51594329415221251",别信他，他比你还要直,2
"85.14800,1,25,16777215,1625550503,0,94832f95,51594306007859203",？？？！,3
"194.01800,5,25,15138834,1625550435,0,47198ad9,51594270205280263",危,3
"196.37300,1,25,16777215,1625550354,0,f423d729,51594227451166723",我靠,3
"207.26200,1,25,16777215,1625550349,0,56965f5a,51594225250205699",笑死我了，各回各家吃螺蛳粉吧,0
"266.72700,1,25,16777215,1625550332,0,ff2e74f7,51594216131264519",属实是卧龙凤雏了,0
"116.32000,1,25,14811775,1625550304,0,24a225dd,51594201411354627",完了,3
"90.31400,1,25,14811775,1625550275,0,24a225dd,51594186112630789",？？？？？,3
"144.16600,1,25,16777215,1625550272,0,df751ad5,51594184558641159",这些话题一看就非常有意思,0
"216.88600,1,25,16777215,1625550256,0,ce938bbe,51594176398622727",哈哈哈哈哈哈哈,0
"115.71400,1,25,16777215,1625550245,0,fde2682c,51594170539180039",哈哈哈哈，注定孤独终老,0
"88.10000,1,25,16777215,1625550245,0,f423d729,51594170660290565",嗯？,0
"110.08900,5,25,15138834,1625550237,0,eeeaa6f3,51594166128345095",歪打正着,2
"21.57900,1,25,15138834,1625550230,0,83140062,51594162425823235",这…00后群？  这套路 也就00后了吧  要么就是女的本来就喜欢他,2
"31.96000,1,25,14811775,1625550207,0,24a225dd,51594150424870919",我们女生群名也是这个,2
"250.93200,1,25,16777215,1625550189,0,b5241214,51594141126098951",跨服啊,2
"196.12600,1,25,16777215,1625550066,0,8ade1059,51594076864118851",？？？？？？？,3
"161.84400,1,25,16777215,1625550044,0,9796a365,51594064885710851",大学里谈个恋爱是两个寝室的交锋,0
"106.32000,1,25,16777215,1625550010,0,8ade1059,51594047405948933",？？？？？,3
"55.57900,1,25,16777215,1625549936,0,38b9cdbb,51594008246353923",般配,0
"254.90700,1,25,16777215,1625549903,0,c82d6210,51593991144079363",哈哈哈哈哈哈哈哈,0
"163.17900,1,25,15138834,1625549885,0,c4727f50,51593981748314117",这俩人能认识不是没道理的,2
"201.22500,1,25,16777215,1625549872,0,cadf6232,51593974695591939",BGM好评！！！,0
"212.39600,1,25,16777215,1625549839,0,3b9ba15e,51593957569200131",哈哈哈哈,0
"189.82800,1,25,16777215,1625549814,0,3b9ba15e,51593944284790789",改哈哈,0
"231.68200,1,25,16777215,1625549808,0,8a7b284a,51593941239201795",逆大天了属于是,0
"49.05100,1,25,16777215,1625549701,0,2b522c7f,51593885052829699",高手过招，往往只在一瞬间,0
"161.91900,1,25,16777215,1625549528,0,f7b52f62,51593794403958789",？？？,3
"180.01900,1,25,16777215,1625549429,0,5fd30dbc,51593742557642759",双向奔赴的爱情,0
"111.01000,5,25,16777215,1625549429,0,b288ee2f,51593742510456835",不是这个一点点哈哈哈哈哈哈哈哈,0
"203.55900,1,25,16777215,1625549409,0,203893a6,51593732215537671",哈哈哈哈哈哈,0
"66.49300,1,25,16777215,1625549407,0,dd8255ad,51593730962489347",好家伙！问你是找死呢,2
"144.47900,1,25,16777215,1625549347,0,203893a6,51593699641524231",哈哈哈哈哈哈,0
"0.90500,5,25,16777215,1625549292,0,b288ee2f,51593670599639045",《脱单就退群》,2
"272.84400,1,25,16777215,1625549278,0,cf071d60,51593663352406021",表情包是胡桃嘛,2
"208.79100,1,25,16777215,1625549270,0,dd818ac,51593659068448773",哈哈哈哈,0
"24.81900,1,25,16777215,1625549239,0,7bfb77a3,51593642876862467",哈哈哈,0
"211.84800,5,25,16646914,1625549201,0,1cc05297,51593623318298695",企业级理解,2
"241.23200,1,25,16777215,1625549197,0,f96254e3,51593621134639107",草,0
"206.06100,5,25,16646914,1625549187,0,1cc05297,51593616011296775",猜到了！,0
"224.59600,1,25,16777215,1625549186,0,47fdb133,51593615360655367",那你怎么打字的,2
"109.01600,1,25,16777215,1625549170,0,dd818ac,51593606742409223",哈哈哈哈哈哈,0
"33.70900,1,25,16777215,1625549165,0,893ac499,51593603983605763",常陆茉子！,0
"193.51500,5,25,16646914,1625549153,0,1cc05297,51593597948002311",那星星在变大怎么回事,1
"166.90500,1,25,16777215,1625549123,0,f96254e3,51593582178467847",般配,0
"188.91100,5,25,16646914,1625549112,0,1cc05297,51593576530837511",不，我的万花筒是红色的，而星星不是,0
"85.87900,1,25,16777215,1625549074,0,cf071d60,51593556408664071",？？？,3
"136.50100,1,25,16777215,1625549062,0,fca6adbc,51593550089420803",和我跟他第一次出去简直一模一样了,3
"100.99000,1,25,16777215,1625549057,0,f96254e3,51593547456446471",草草草,3
"86.11300,1,25,16777215,1625549042,0,f96254e3,51593539854794759",？？？？,3
"214.25900,1,25,16777215,1625549039,0,5e17da75,51593538181791751",哈哈哈哈,0
"246.96200,5,25,16777215,1625549022,0,5471f9ce,51593529318178823",《差点》,0
"215.04200,5,25,16777215,1625548985,0,5471f9ce,51593510118752263",草了,0
"213.20200,5,25,16777215,1625548978,0,5471f9ce,51593506209660935",哈哈哈哈哈哈哈哈哈哈哈草,0
"209.00200,5,25,16777215,1625548969,0,5471f9ce,51593501415047171",哈哈哈哈哈哈哈哈哈哈哈哈,0
"200.20200,5,25,16777215,1625548956,0,5471f9ce,51593494604546053",包油到家,0
"195.44200,5,25,16777215,1625548938,0,5471f9ce,51593485331464195",啧啧啧啧啧啧啧,0
"166.16200,5,25,16777215,1625548905,0,5471f9ce,51593467776729093",《适合》,0
"109.38600,1,25,16777215,1625548862,0,80ac322e,51593445554782213",必拿下,0
"224.13200,1,25,16777215,1625548838,0,f642d900,51593433007521795",哈哈哈哈，笑死扣下来,0
"97.93900,5,25,16777215,1625548826,0,5471f9ce,51593426711347207",哈哈哈哈哈哈哈哈哈哈哈哈哈,0
"92.37900,5,25,16777215,1625548814,0,5471f9ce,51593420162465797",《万一》,0
"80.09900,5,25,16777215,1625548795,0,5471f9ce,51593410392883205",草，笑拉了,0
"74.33900,5,25,16777215,1625548783,0,5471f9ce,51593403897479173",哈哈哈哈哈哈哈哈哈哈哈草,0
"142.28500,1,25,16777215,1625548777,0,c8cf8e02,51593401027002375",？？？？,3
"182.76500,1,25,16777215,1625548769,0,384b0746,51593396398587909",卡兹,0
"67.53900,5,25,15772458,1625548760,0,5471f9ce,51593391906488327",《一样的》,0
"138.20100,1,25,16777215,1625548737,0,70b1b062,51593379798056967",如何完成面壁者的工作以及如何破壁,1
"202.57500,1,25,16777215,1625548720,0,d46eec29,51593371169325063",王德发哈哈哈哈哈,0
"27.33900,5,25,16777215,1625548705,0,5471f9ce,51593363219546115",勇敢牛牛！不怕困难！,0
"16.33900,5,25,16777215,1625548681,0,5471f9ce,51593350366101511",《看手相》,0
"202.24800,1,25,16777215,1625548675,0,1714ceca,51593347415932933",哈哈哈哈哈哈哈,0
"250.13500,1,25,16777215,1625548648,0,c8052f94,51593333114404869",哈哈哈哈,0
"89.76800,1,25,16777215,1625548644,0,70b1b062,51593331286212615",《 别 装 ！ 》,0
"192.45600,1,25,16777215,1625548596,0,6ef242fb,51593306053279747",《好会啊》,0
"140.73500,1,25,16777215,1625548594,0,d46eec29,51593305030393861",哈哈哈哈哈狗头军师,0
"256.81900,1,25,16777215,1625548568,0,a2b2604b,51593291092197381",哈哈哈哈哈哈哈哈哈哈哈这特么都可以,0
"223.39300,1,25,16777215,1625548534,0,a2b2604b,51593273564725253",哈哈哈哈哈哈哈哈哈哈哈,0
"101.08300,5,25,15138834,1625548515,0,8a409374,51593263544532995",一点点奶茶预订,0
"112.77500,1,25,16777215,1625548501,0,d46eec29,51593256326135813",哈哈哈哈，开始跨服聊天,0
"253.97600,1,25,16777215,1625548481,0,48dbeb64,51593245493821447",哈哈哈哈哈哈哈哈哈哈或或或或或团战,0
"245.66800,1,25,16777215,1625548474,0,48dbeb64,51593242005209091",太强了,0
"216.62700,1,25,16777215,1625548474,0,232d6729,51593241983713283",哈哈哈哈哈,0
"82.77900,1,25,16777215,1625548461,0,47a7fd5a,51593234978701319",笑裂了,0
"128.30100,1,25,16777215,1625548446,0,5aad55a4,51593227102322693",这俩人走路都在聊天，怪不得没牵手,1
"207.73200,1,25,16777215,1625548443,0,48dbeb64,51593225449242631",哈哈哈哈哈哈哈哈哈哈或或或或或或或或或或或或或或或或或或或或,0
"18.85900,1,25,16777215,1625548428,0,eac49276,51593217756364803",谢怜:这我熟,0
"182.97900,1,25,16777215,1625548423,0,48dbeb64,51593215062048771",室友们好适合,0
"87.30200,1,25,16777215,1625548398,0,a2b2604b,51593202191826949",？？？,3
"0.56500,1,25,16777215,1625548389,0,647fa4fd,51593197260374021",ttk,1
"65.15700,1,25,16777215,1625548378,0,d46eec29,51593191892713475",我开始笑了,0
"251.31500,1,25,16777215,1625548369,0,a0046a82,51593186877898759",牛啊牛啊牛啊,0
"111.43300,1,25,16777215,1625548354,0,731f20d5,51593179102707717",跨频道聊天,2
"207.65900,1,25,16777215,1625548348,0,eb71fcea,51593176090673157",哈哈哈哈,0
"142.80300,5,25,15138834,1625548343,0,700c4817,51593173323481095",闇炎之主？,3
"219.89500,1,25,16777215,1625548329,0,a0046a82,51593165968244743",维维喜欢男主！确定了！,0
"269.75900,1,25,16777215,1625548328,0,23db8357,51593165528891395",淦,3
"261.58500,5,25,16707842,1625548295,0,1fb77ebd,51593147909144581",有一说一，确实,0
"125.19600,1,25,16777215,1625548286,0,48dbeb64,51593143185309699",哈哈哈哈哈哈哈哈哈哈或或或或或或或或或或或或或或或,0
"203.31900,1,25,16777215,1625548257,0,23db8357,51593128047542275",哈哈哈哈哈哈哈哈哈哈哈哈哈哈哈哈哈哈,0
"142.05500,1,25,16777215,1625548239,0,a0046a82,51593118760828933",维维是不是喜欢那个女生?,2
"33.81900,1,25,16777215,1625548186,0,acfe4b2b,51593090805268483",CLANNAD！,0
"42.30200,1,25,16777215,1625548055,0,fdd4ecd7,51593022524096517",谈恋爱不亲嘴那咋样，不然去桃园结义？,2
"273.33900,1,25,16777215,1625547975,0,90c66e9b,51592980577386503",太聪明了 大聪明,0
"114.77500,1,25,16777215,1625547863,0,1c44e613,51592921808896007",？我对奶茶不是很感兴趣,2
"84.69900,1,25,16777215,1625547853,0,5bf4e4d1,51592916283949061",？？？？？,3
"151.05900,1,25,16777215,1625547840,0,90c66e9b,51592909667958789",这下可以完蛋了,1
"106.80000,1,25,16777215,1625547820,0,6068677f,51592899161227267",双方队友都是带师,0
"62.68800,5,25,16777215,1625547793,0,6a463e7a,51592884928380935",《一样》,0
"107.26400,1,25,16777215,1625547770,0,a489c0e1,51592872689401863",双关,0
"79.91900,1,25,16777215,1625547746,0,4b50cd41,51592860341370885",Bgm一出  非死即伤,1
"257.73900,1,25,16777215,1625547716,0,62919aeb,51592844717588485",阴差阳错,0
"12.85900,1,25,16777215,1625547714,0,6a463e7a,51592843272650759",维维上线哈哈哈,0
"84.63900,1,25,16777215,1625547709,0,868699c8,51592840811642885",？,3
"159.85900,1,25,16777215,1625547699,0,d2bfa6e6,51592835547267077",？？？,3
"50.48500,1,25,16777215,1625547645,0,2294b68e,51592807122468871",卧龙雏凤,0
"206.56900,1,25,16777215,1625547630,0,dc67e43,51592799645073413",《5分钟》,0
"143.25900,4,25,16707842,1625547609,0,bfa2fad0,51592788540129285",感觉是直男直女的中门对狙,0
"65.16800,1,25,16777215,1625547597,0,1d7a8639,51592782239236099",维维洛洛可还行,0
"257.98000,1,25,16777215,1625547588,0,7ce6db0a,51592777479749635",up主自编自导很赞,0
"216.73900,1,25,16777215,1625547572,0,f12e796f,51592768881426437",两个直男在这里,0
"139.58800,1,25,16777215,1625547549,0,f2941594,51592757025701891",这波阿，这波是黑洞奔向太阳系自救方法，那我寻思聊到这个话题可以自然过渡到怎么在必死的情况下过的最开心。,0
"105.63800,1,25,16777215,1625547517,0,dc67e43,51592740055547911",《一点点》,0
"212.97900,1,25,16777215,1625547448,0,5b0717b8,51592704141295621",哈哈哈哈哈哈哈哈哈哈哈哈哈哈哈,0
"250.93900,4,25,15772458,1625547399,0,36700440,51592678560759813",《大成功》,0
"163.75900,1,25,16777215,1625547395,0,5b0717b8,51592676011671557",？,3
"215.77900,1,25,16777215,1625547384,0,ab69f22a,51592670430625799",哈哈哈哈,0
"79.12800,1,25,16777215,1625547346,0,4cb98458,51592650785030149",格局打开,0
"113.67900,1,25,16777215,1625547330,0,5b0717b8,51592642045673475",哈哈哈哈哈哈哈哈哈哈哈哈,0
"140.50000,1,25,16777215,1625547324,0,3bd28cc6,51592638740561925",蚌埠住了,0
"103.01900,1,25,16777215,1625547314,0,5b0717b8,51592633692717061",哈哈哈哈哈哈哈哈哈哈哈哈哈哈哈,0
"265.74700,1,25,16777215,1625547313,0,37d1696f,51592633302646791",直男,0
"58.80100,1,25,16777215,1625547309,0,4cb98458,51592631220174853",不分伯仲,0
"248.06100,1,25,16777215,1625547295,0,37d1696f,51592624016982021",旗鼓相当,0
"154.29900,4,25,15772458,1625547275,0,36700440,51592613473026051",《拿下》,0
"227.53000,1,25,16777215,1625547275,0,37d1696f,51592613269078023",那你怎么玩手机的,2
"137.63000,1,25,16777215,1625547267,0,78775eeb,51592608898613255",我有个游戏群，啥都聊就是不聊游戏,2
"218.14700,1,25,16777215,1625547261,0,302f042c,51592605923803141",不在通一频道聊天 啊哈哈哈哈哈哈哈哈,0
"198.47500,1,25,16777215,1625547246,0,37d1696f,51592598020161541",光玩儿手机了，聊个屁啊,2
"187.90500,1,25,16777215,1625547226,0,32274c23,51592587813322755",然后那是夏季大三角,0
"164.58700,1,25,16777215,1625547212,0,37d1696f,51592580258856965",笑死,0
"97.33900,4,25,6830715,1625547201,0,36700440,51592574462853123",《埋伏》,0
"151.52200,1,25,16777215,1625547199,0,37d1696f,51592573417422855",废了,1
"149.72800,1,25,16777215,1625547164,0,4398cef2,51592555357274115",好家伙,0
"93.53300,1,25,16777215,1625547117,0,ed7521b7,51592530388582405",救命哈哈哈哈哈哈哈哈哈,0
"145.54500,1,25,16777215,1625547117,0,32274c23,51592530274287623",切伦科夫辐射的形成机理,0
"13.89900,1,25,16777215,1625547052,0,8f022a7b,51592496331882565",维他奶滚，我直接举报,2
"143.82300,1,25,16777215,1625547051,0,1dbfb5b7,51592496138420229",?,3
"34.15900,1,25,16777215,1625547044,0,4398cef2,51592492360400901",沫子！！,0
"18.72300,1,25,16777215,1625547041,0,e2f284e4,51592490662756357",哈哈哈,0
"109.61000,1,25,16777215,1625547015,0,1dbfb5b7,51592477288169475",?！,3
"87.03400,1,25,16777215,1625546993,0,1dbfb5b7,51592465449746435",?！,3
"77.69700,1,25,16777215,1625546984,0,1dbfb5b7,51592460614762501",?,3
"259.33900,1,25,16777215,1625546958,0,20ae4e6f,51592447286312967",卧龙凤雏,0
"251.52800,1,25,16777215,1625546925,0,ef07c3bf,51592429692780615",下次约会，眼睛都要扣瞎了,1
"22.58100,1,25,16777215,1625546912,0,1dbfb5b7,51592422884376579",笑死,0
"176.61600,1,25,16777215,1625546876,0,20ae4e6f,51592403914063879",带师,0
"181.18500,1,18,15138834,1625546871,0,992fc2bf,51592401325129735",欲擒故纵,0
"138.41900,1,25,16777215,1625546848,0,93c1fa9b,51592389508726791",危,3
"267.05900,1,25,16777215,1625546827,0,87ff7ce7,51592378637090821",跨服聊天,0
"254.61900,1,25,16777215,1625546812,0,5e49aba5,51592370738167811",都是什么妖魔鬼怪,3
"119.71700,1,25,16777215,1625546776,0,ef07c3bf,51592351788826631",小卖部去了又回,1
"106.31700,1,25,16777215,1625546753,0,ef07c3bf,51592339508953091",真精彩,0
"269.16400,1,25,16777215,1625546745,0,7d1ea799,51592335715205127",卧龙凤雏,0
"165.98400,1,25,16777215,1625546728,0,b953db60,51592326601506823",？？？？？？？,3
"161.51000,1,25,16777215,1625546724,0,b953db60,51592324404215811",？,3
"142.94700,1,25,16777215,1625546701,0,5e49aba5,51592312197218307",卧龙凤雏,0
"246.13400,1,25,16776960,1625546688,0,49435a35,51592305539809283",哈哈哈哈哈哈哈哈哈哈哈,0
"235.24800,1,25,16777215,1625546677,0,49435a35,51592299822972935",哈哈哈哈哈哈哈哈哈哈哈,0
"213.72000,1,25,16777215,1625546674,0,92ae2729,51592298426793987",必然不脱单,0
"227.67000,5,25,15138834,1625546671,0,8121d001,51592296536211461",笑死我,0
"33.31900,1,25,16777215,1625546658,0,32274c23,51592290056536067",柚子厨无处不在,0
"264.13500,1,25,16777215,1625546647,0,1d01fdf1,51592284074934275",笑出狗叫,0
"20.67900,1,25,16777215,1625546636,0,32274c23,51592278417342467",什么土味情话,2
"77.76700,5,25,15138834,1625546630,0,e41a7726,51592275194019847",《对!来辆车!》,0
"65.13900,1,25,16777215,1625546594,0,87ff7ce7,51592256318078979",双方智囊团笑死了,0
"113.41900,1,25,16777215,1625546557,0,e021fb9f,51592237025853443",？？？？,3
"100.49900,1,25,16777215,1625546542,0,e021fb9f,51592228964401155",逐渐不对劲,1
"135.56000,1,25,16777215,1625546535,0,1d1cca3b,51592225248772099",哈哈哈哈哈,0
"161.73300,1,25,16777215,1625546508,0,e5ea6aa8,51592211002818567",《般配》,0
"85.27800,1,25,16777215,1625546476,0,f042c4d1,51592194563244035",？,3
"10.89700,1,25,16777215,1625546409,0,451b2fd4,51592159582748679",拒绝维他,2
"262.65800,5,25,15138834,1625546289,0,194e680f,51592096388218885",幸好没送，不然。。。。。。,1
"261.05600,5,25,15138834,1625546245,0,194e680f,51592073115074565",《两个世界的人》,1
"120.49600,1,25,16777215,1625546237,0,3161066b,51592069257363463",捡到鬼了,3
"211.39900,1,25,16777215,1625546149,0,ac300eb,51592022935994375",哈哈哈哈,0
"37.27200,5,25,15138834,1625546105,0,305899f1,51591999873613831",不能日 谈什么恋爱？,2
"164.89900,1,25,16777215,1625546100,0,ac300eb,51591997505929223",槽,1
"186.12400,1,25,16777215,1625546072,0,357f79ed,51591982749843459",自幼年时，我便独自一人守护历代星辰,1
"205.20600,1,25,16777215,1625545975,0,5a0fbab9,51591931867168773",哈哈哈哈哈哈哈,0
"6.84400,5,25,15138834,1625545944,0,194e680f,51591915583832071",你们群里内部消化四个单身狗变两对情侣不就集体退群了吗？,2
"212.79900,1,25,16777215,1625545899,0,d30da9a,51591891966230535",哈哈哈啊,0
"80.38400,1,25,16777215,1625545839,0,5a0fbab9,51591860687208455",哈哈哈哈哈哈,0
"206.53400,1,25,16777215,1625545778,0,4a199a0e,51591828518469639",哈哈哈哈哈哈哈哈哈哈哈哈哈哈哈哈,0
"252.18500,1,25,16777215,1625545722,0,cb6994c8,51591799336075269",撒花,0
"29.11100,1,25,16777215,1625545660,0,316ccc56,51591766797189125",+,3
"224.29900,1,25,16777215,1625545625,0,882b522f,51591748263608325",哈哈哈哈,0
"34.55600,1,25,16777215,1625545619,0,1ff5c4c,51591745299808261",茉子！,0
"134.43500,1,25,16777215,1625545609,0,4c45cd26,51591739935293447",我已经开始笑了,0
"140.79900,1,25,16777215,1625545551,0,cb6994c8,51591709597892613",聊股市,0
"273.80900,1,25,16777215,1625545544,0,260aef15,51591705941508101",整笑了,0
"268.91100,5,25,16777215,1625545532,0,b288ee2f,51591699529990149",？？？？？,3
"18.86100,1,25,16777215,1625545524,0,6e5c4b63,51591695500312583",必拿下！,0
"263.81900,1,25,16777215,1625545519,0,1ebf7409,51591692603621383",生病,1
"222.35100,5,25,16777215,1625545482,0,b288ee2f,51591673348096007",你咋打字的呀老哥,2
"211.03100,5,25,16777215,1625545464,0,b288ee2f,51591663779315715",哈哈哈哈哈哈哈哈哈哈哈哈哈哈,0
"162.14000,1,25,16777215,1625545457,0,77277189,51591660129746949",Bgm 好给力,0
"203.23100,5,25,16777215,1625545451,0,b288ee2f,51591656839839747",哈哈哈哈哈哈哈哈哈哈哈你怎么打字的哈哈哈哈哈哈,0
"146.05800,1,25,16777215,1625545419,0,77277189,51591640302747655",哈哈哈哈哈,0
"224.29900,1,25,16777215,1625545401,0,b8dbc5c8,51591630609711109",一直被盯着怎么发信息哈哈哈哈哈哈,0
"268.36000,1,25,16777215,1625545401,0,4cd37572,51591630571962375",大失败,0
"159.25900,5,25,16777215,1625545393,0,b288ee2f,51591626461020167",我只能说这俩般配,0
"135.59900,5,25,16777215,1625545338,0,b288ee2f,51591597797670915",维维退群吧，老哥快回来呀,2
"95.45900,1,25,16777215,1625545311,0,1ebf7409,51591583509250119",狗头军师,0
"118.09900,1,25,16777215,1625545307,0,b288ee2f,51591581294133255",哈哈哈哈哈哈哈哈哈哈哈,0
"142.13400,1,25,16777215,1625545271,0,4cd37572,51591562626334725",哈哈哈哈哈哈,0
"108.77300,1,25,16777215,1625545265,0,2d806e5e,51591559483752455",《必拿下》,0
"74.99900,1,25,16777215,1625545260,0,b288ee2f,51591556842913795",？？？？？,3
"143.35900,1,25,16777215,1625545250,0,83a99e31,51591551552847877",笑死了是真的,0
"203.33300,1,25,8700107,1625545234,0,68a9f780,51591543451025415",十秒法则别太着急啊啊啊啊,0
"50.77900,1,25,16777215,1625545233,0,b288ee2f,51591542582804485",笑死我了，看到自己,0
"43.15600,1,25,16777215,1625545225,0,de152dad,51591538447745095",表情包不太像女生哈哈哈,0
"262.06200,1,25,16777215,1625545215,0,f08501e3,51591533108920327",哈哈哈哈哈哈哈,0
"62.62900,1,25,16777215,1625545188,0,4cd37572,51591519121440773",一样的,0
"246.85100,1,25,16777215,1625545184,0,fb85ad90,51591516796223491",跨服聊天,0
"173.35300,1,25,16777215,1625545177,0,68a9f780,51591513379438595",把我气笑了,0
"215.15600,1,25,16777215,1625545168,0,f08501e3,51591508500938757",哈哈哈哈哈哈哈哈,0
"206.82000,1,25,16777215,1625545137,0,fb85ad90,51591492336091141",哈哈哈哈哈哈哈哈哈,0
"228.44700,1,25,16777215,1625545093,0,2037bec2,51591469351829507",卧龙凤雏,0
"121.87000,1,25,16777215,1625545056,0,f08501e3,51591449985155077",哈哈哈哈哈哈哈哈,0
"105.42600,1,25,16777215,1625545031,0,f08501e3,51591437087670279",哈哈哈哈哈哈哈哈,0
"84.73700,1,25,16777215,1625545011,0,f08501e3,51591426284191749",？？？？？？,3
"193.00400,1,25,16777215,1625544988,0,a7019e26,51591414035251203",rua,1
"96.38400,1,25,16777215,1625544980,0,774b3573,51591409866113031",哈哈哈哈哈,0
"156.00400,1,25,16777215,1625544951,0,a7019e26,51591394854699015",好假。。。,2
"32.84200,1,25,16777215,1625544839,0,4a8b701c,51591336255553543",自己那么多号的么,2
"253.63000,1,25,16777215,1625544823,0,44ca5330,51591327767855107",《大成功》,0
"255.87000,1,25,16777215,1625544779,0,5af1911a,51591304571781127",真有效,0
"273.66600,1,25,16777215,1625544768,0,480ab66,51591298726494215",夜宵了,0
"267.54100,5,25,16707842,1625544751,0,95d4abcf,51591290072072197",五十步笑百步,0
"218.42500,1,25,16777215,1625544741,0,5af1911a,51591284983332871",。。。,3
"213.54900,1,25,16777215,1625544735,0,5af1911a,51591281870635013",。。。,3
"149.44300,1,25,16777215,1625544726,0,5fe44df1,51591276990038021",hhhhhhhhh,0
"159.07000,1,25,16777215,1625544723,0,44ca5330,51591275482185731",？？？？,3
"151.45000,1,25,16777215,1625544712,0,44ca5330,51591269796806663",《啊对》,0
"234.72100,1,25,16777215,1625544711,0,95d4abcf,51591269080629253",哈哈哈哈哈哈哈哈哈哈哈哈,0
"195.11900,1,25,16777215,1625544679,0,69810bf0,51591252386250755",今天风甚是喧嚣,1
"203.22100,1,25,16777215,1625544678,0,95d4abcf,51591251508592647",哈哈哈哈哈哈哈哈哈哈哈哈,0
"179.97200,1,25,16777215,1625544662,0,b7efc236,51591243458674691",人才，太人才了,0
"83.50900,5,25,15138834,1625544603,0,cf99f636,51591212355813379",想喝电脑配件就直说为什么这么隐晦,2
"102.86800,1,25,16777215,1625544562,0,95d4abcf,51591190927638531",狗头军师,0
"84.68800,1,25,16777215,1625544540,0,95d4abcf,51591179288444931",卧龙凤雏,0
"198.91600,1,25,16777215,1625544538,0,4feaf64b,51591178363076611",母胎单身的恋爱教学,2
"263.99600,1,25,16777215,1625544513,0,f0ea81c6,51591165246963719",直男的兄弟还是直男,0
"165.50600,1,25,16777215,1625544506,0,28c788ba,51591161393971203",卧龙凤雏,0
"156.32100,1,25,16777215,1625544496,0,28c788ba,51591156584677383",这人有病吧,2
"149.51800,1,25,16777215,1625544490,0,28c788ba,51591153031053317",？？？？？？？,3
"112.62300,1,25,16777215,1625544453,0,28c788ba,51591133678010375",什么脑回路,2
"201.10500,1,25,16777215,1625544444,0,f0ea81c6,51591129154453511",亲他,0
"270.48900,1,25,16777215,1625544315,0,27ae3835,51591061271740419",一个敢教，一个敢学,0
"38.20200,1,25,16777215,1625544284,0,a26acfb2,51591045014618117",东风啊！,0
"87.62000,1,25,16777215,1625544105,0,79e2653c,51590951334838277",？？？？？？？,3
"136.17900,4,25,16777215,1625544020,0,b1127bb0,51590906517127237",完蛋了，还平时聊的,2
"104.09900,4,25,16777215,1625543975,0,b1127bb0,51590883483582471",我笑了呀兄弟,0
"47.71100,1,25,16777215,1625543960,0,999eb97c,51590875414265859",哈哈哈哈意思就是进展太快了呀,0
"238.85200,1,25,16707842,1625543948,0,fba31dcf,51590868958183429",哈哈哈哈哈哈,0
"183.65000,1,25,16777215,1625543887,0,2d6686fc,51590837126037509",一个敢教，一个敢学。在下佩服。,0
"249.96000,1,25,16777215,1625543845,0,ad0616c4,51590814821777415",夸次元约会,0
"167.53500,1,25,16777215,1625543829,0,c82312ff,51590806849978375",般配,0
"118.05800,1,25,16707842,1625543826,0,fba31dcf,51590804782186501",一杯【指二锅头】,0
"206.31400,1,25,16777215,1625543788,0,b4319e3e,51590785155989507",。。。。,0
"193.53300,1,25,16777215,1625543775,0,b4319e3e,51590778158841863",好会啊,0
"214.07300,1,25,16777215,1625543757,0,8850712d,51590769092329477",哈哈哈,0
"50.51900,1,25,16777215,1625543727,0,fba31dcf,51590753375748101",好一个,0
"141.95100,1,25,16777215,1625543703,0,b4319e3e,51590740726251525",就尼玛离谱,3
"137.50900,1,25,16777215,1625543693,0,b4319e3e,51590735470788615",自然真诚是真的,0
"109.10800,1,25,16777215,1625543690,0,ceccad2e,51590733542457349",必拿下,0
"73.73900,1,25,16777215,1625543670,0,1b92339c,51590723114893315",笑死,0
"108.18100,1,25,16777215,1625543657,0,168c8e44,51590716508340231",《一点点》,0
"99.14700,1,25,16777215,1625543643,0,b4319e3e,51590709316157445",不得了,1
"74.57700,1,25,16777215,1625543606,0,b4319e3e,51590689877655559",？？？？？,3
"262.45800,1,25,16777215,1625543577,0,3da94b03,51590674236047365",病了,1
"22.08200,1,25,16777215,1625543572,0,1d3e9565,51590671875702789",确实油到我了,0
"50.73000,1,25,16777215,1625543561,0,b4319e3e,51590666393223171",又有毛病？？,2
"215.59900,1,25,16777215,1625543554,0,ff8cb2cd,51590662659244035",哈哈哈哈哈哈哈哈哈,0
"235.07500,1,25,16777215,1625543549,0,3da94b03,51590659912499203",感觉快对了,0
"212.28100,1,25,16777215,1625543526,0,3da94b03,51590647936712709",必心动,0
"41.63100,1,25,16777215,1625543522,0,b4319e3e,51590645685420039",有毛病1吗？,2
"198.84100,1,25,16777215,1625543519,0,1cf8112a,51590644043874307",莫名的自信,0
"195.57300,1,25,16777215,1625543497,0,1cf8112a,51590632435089415",油腻法则,0
"168.43300,1,25,16777215,1625543482,0,3da94b03,51590624940392453",必拿下,0
"156.29000,1,25,16777215,1625543470,0,3da94b03,51590618572390405",聊一个世纪,2
"112.47800,1,25,16777215,1625543426,0,3da94b03,51590595629023235",必拿下！,0
"105.53500,1,25,16777215,1625543420,0,3da94b03,51590592005144579",哈哈哈哈哈,0
"85.51000,1,25,16777215,1625543400,0,3da94b03,51590581484781571",不对劲,3
"44.22300,1,25,16777215,1625543358,0,3da94b03,51590559944933381",岂不是,3
"179.67900,1,25,16777215,1625543341,0,b672c177,51590550558605319",clannad好评,0
"222.35000,1,25,16777215,1625543327,0,91ebf8a1,51590543402598405",蚌埠住了,0
"0.90800,1,25,16777215,1625543272,0,c13f7395,51590514414714883",笑死我了哈哈哈哈,0
"102.59100,1,25,16707842,1625543271,0,5a8f8b34,51590514132647943",越走越远了,1
"158.81900,1,25,16777215,1625543264,0,ec2ab4c,51590510645084165",?,3
"163.33400,1,25,16777215,1625543224,0,4fe077da,51590489563987971",???,3
"269.18000,1,25,41194,1625543123,0,72d1b3ec,51590436311531527",爷的追番键呢？！,2
"66.33500,1,25,16777215,1625543052,0,b0266802,51590399328256005",一样的,0
"162.98300,5,25,16777215,1625542976,0,e5782170,51590359178805255",般配,0
"227.70800,1,25,16777215,1625542963,0,26f710c,51590352334749703",那你怎么发消息的,2
"151.24900,5,25,16777215,1625542961,0,e5782170,51590351634825223",《嘻》,0
"216.29000,1,25,16777215,1625542953,0,3ffee8c9,51590347552718853",笑死,0
"96.78500,1,25,16777215,1625542895,0,e5782170,51590316727205895",一样的,0
"153.85900,1,25,15138834,1625542872,0,1baa108a,51590305071235075",吃好喝好，一路走好（滑稽）,0
"101.07100,1,25,16777215,1625542854,0,e8cd7707,51590295456841735",《一点点》,0
"218.67800,1,25,16777215,1625542838,0,c6449256,51590286845411333",笑吐了,0
"190.31900,1,25,16777215,1625542833,0,f0dab26a,51590284621905925",《房地产开发商》,0
"215.47800,1,25,16777215,1625542828,0,c6449256,51590281923395589",哈哈哈哈哈哈哈哈哈哈哈哈哈哈哈哈哈哈哈哈,0
"214.25800,1,25,16777215,1625542782,0,64b5dc1b,51590257637851139",哈哈哈哈哈哈哈哈,0
"185.92400,5,25,15138834,1625542776,0,5798cf5b,51590254339555333",看了半天原来这些都是女的啊，我一直以为他指的是女孩,3
"159.31600,1,25,16777215,1625542725,0,fea8ebb2,51590227605061701",般配,0
"254.65000,1,25,16777215,1625542714,0,faa1b12,51590221882458117",凭实力单身，耶稣都拦不住！,0
"252.25100,1,25,16777215,1625542646,0,3915fcb0,51590186598924295",约会大成功！,0
"163.15400,1,25,16777215,1625542605,0,969d5ccd,51590164734541827",请你们原地结婚,0
"80.63200,1,25,16777215,1625542578,0,b377687b,51590150847201283",？？？？,3
"82.24200,1,25,16777215,1625542578,0,fea8ebb2,51590150660030469",军师还好哈哈哈,0
"193.13400,1,25,16777215,1625542541,0,a2095c1,51590131485769731",好油哦(*￣m￣),0
"40.69900,1,25,16777215,1625542524,0,b4ba5a58,51590122548756483",常陆茉子,0
"150.01800,1,25,16777215,1625542484,0,40f6e75f,51590101314568197",暗炎之主。,3
"51.71900,5,25,15138834,1625542448,0,c0ae0ce8,51590082467987459",《优秀的匹配机制》,0
"105.98000,1,25,16777215,1625542432,0,a349c861,51590074158546947",拿捏,0
"116.46200,1,25,16707842,1625542416,0,e9dc48b9,51590066005344263",开始跨服,0
"0.74500,1,25,16777215,1625542369,0,126b1d6a,51590041197608963",果子狸必拿下,0
"150.47400,1,25,16777215,1625542324,0,bfc6e984,51590017518665731",你怕不是也是凤凰院凶真,2
"192.07300,1,25,16777215,1625542319,0,e6c44600,51590014778736643",？,3
"24.23900,1,25,16777215,1625542316,0,b8dc192f,51590013297098757",学到了，这就去对线,2
"195.96800,1,25,16777215,1625542291,0,b668a424,51590000252289091",你瞅啥,2
"44.13900,1,25,16777215,1625542287,0,15116b59,51589997934936069",哈哈哈哈哈哈,0
"19.41900,1,25,16777215,1625542263,0,c02e4e68,51589985830699011",维他你币没了,2
"143.69900,1,25,16777215,1625542246,0,e956e61c,51589976882675719",人工神经网络其实是有问题的,2
"205.24600,1,25,41194,1625542217,0,84643d4e,51589961562980357",《必心动》,0
"46.36800,1,25,16707842,1625542209,0,d3036652,51589957404852227",高手过招,0
"100.63900,1,25,16777215,1625542191,0,1f2841d3,51589948087730181",埋伏他一手,2
"127.88200,1,25,16777215,1625542104,0,3e0f5196,51589902095613955",号加活,0
"70.50400,1,25,16777215,1625542045,0,84643d4e,51589871397502979",哈哈哈,0
"234.03600,1,25,16777215,1625542042,0,3be299a5,51589869898563587",你还挺失望?,2
"64.09900,1,25,16777215,1625542027,0,3e0f5196,51589861839732739",终极后援，我为什么没有碰到过,0
"2.72300,5,25,15138834,1625542024,0,d4441f2a,51589860199759877",只能说是旗鼓相当的对手,0
"206.99700,1,25,16777215,1625541999,0,3be299a5,51589847062675459",“这怎么回事？”,2
"0.00000,1,25,15138834,1625541990,0,5e989d2,51589842529681413",其实维维和晓晴有关系，你们可以看看前面的,0
"213.41800,1,25,16777215,1625541984,0,c9e4c5f3,51589839348826117",哈哈哈哈哈哈,0
"212.47500,1,25,16777215,1625541961,0,df6ee5e7,51589827282337795",哈哈哈哈哈哈哈哈,0
"158.36600,1,25,16777215,1625541940,0,3be299a5,51589816494587907",好般配啊哈哈哈哈哈哈哈哈哈哈,0
"139.32600,1,25,16777215,1625541908,0,3be299a5,51589799684341767",聊一聊叙利亚局势,0
"55.80500,1,25,16777215,1625541798,0,3be299a5,51589741894172677",直碰直,0
"83.73200,1,25,16777215,1625541746,0,c7b38169,51589714794774533",原来如此,3
"96.10300,1,25,16777215,1625541707,0,19bc1d0d,51589693997318147",。？？？？。？？,3
"208.79900,1,25,16777215,1625541700,0,b34e6e83,51589690517618693",哼哼~,0
"90.53200,1,25,16777215,1625541696,0,d545e236,51589688182964229",？？？？,3
"26.90700,1,25,16777215,1625541690,0,c7b38169,51589685033041923",学到了,0
"206.93900,1,25,16777215,1625541687,0,b34e6e83,51589683576045571",笑出猪叫,0
"222.69900,1,25,16777215,1625541664,0,d916f16d,51589671379009541",666666,0
"11.24300,1,25,16777215,1625541616,0,4673183f,51589646290780163",哈那酱,0
"122.10000,1,25,16777215,1625541553,0,dd215cc4,51589613296287747",哈哈哈哈哈哈,0
"242.57300,1,25,16777215,1625541539,0,1028973e,51589605903826951",老子服了,2
"216.56500,1,25,16777215,1625541402,0,a0de1cd6,51589534310203399",hhhhhhhhhhhhh,0
"205.04500,1,25,16777215,1625541387,0,a0de1cd6,51589526443261957",........,3
"0.00000,1,25,16777215,1625541384,0,5af958b3,51589524965818373",论队友的重要性,0
"195.98500,1,25,16777215,1625541375,0,a0de1cd6,51589520121921543",不行啊女方！还不如男方,2
"80.93500,1,25,16777215,1625541370,0,30dbfb6a,51589517626834949",啊这…,3
"83.11900,1,25,16777215,1625541307,0,b2fbbace,51589484601933829",好家伙,0
"250.40000,1,25,16777215,1625541299,0,76554f02,51589479968800773",巅峰时刻,0
"137.77900,1,25,16777215,1625541288,0,b27fcc96,51589474336899077",欢迎来到对抗路！！！,0
"249.57900,1,25,16777215,1625541255,0,b4f4e46d,51589456925818887",哈哈哈哈哈哈哈哈哈哈哈哈哈哈哈哈哈哈哈哈哈哈哈哈哈哈哈哈哈哈哈哈哈哈哈哈哈哈哈哈哈哈哈哈哈哈哈哈哈哈哈哈哈哈哈哈哈哈哈哈哈哈哈哈,0
"83.82100,1,25,16777215,1625541242,0,a0de1cd6,51589450056073223",。。。,3
"180.12900,5,25,15138834,1625541222,0,b63f008c,51589440029065223",腦袋已經被錘爆了,2
"39.16100,1,25,16777215,1625541195,0,a0de1cd6,51589425563435013",恋爱不亲嘴吗,2
"108.03200,5,25,15138834,1625541122,0,b63f008c,51589387266818051",跨服聊天,0
"107.15700,1,25,16777215,1625541103,0,b4f4e46d,51589377366163463",??????????????????????????,3
"106.97600,5,25,16707842,1625541096,0,b63f008c,51589373603872771",《溫酒斬華雄》,0
"255.99700,1,25,16777215,1625541056,0,3c9b6512,51589352739307527",逆天,0
"4.82500,1,25,16777215,1625541038,0,61b850c2,51589343315230725",花子君好评,0
"217.77900,1,25,16777215,1625541018,0,3c9b6512,51589332696301575",逆天,0
"115.37900,1,25,16777215,1625540964,0,95dfb3c9,51589304318164997",狗头军师,0
"211.06200,5,25,15138834,1625540937,0,538d5e1f,51589290624286727",此曲一出，非死即伤,1
"149.77500,1,25,16777215,1625540919,0,6568abad,51589280945405957",你要聊这个那我可就不困了！,2
"119.06000,1,25,16777215,1625540919,0,3c9b6512,51589280942784515",《一点点》,0
"144.61900,1,25,16777215,1625540718,0,142dbebd,51589175766417415",哈哈哈哈哈哈,0
"61.33900,5,25,15138834,1625540716,0,1a377ee6,51589174403792899",这是脱单群还是脱坑群,2
"116.81700,1,25,16777215,1625540690,0,17633e6f,51589160729837575",能喝，只能喝一点点,1
"168.16700,1,25,16777215,1625540659,0,4f636705,51589144875368453",阴差阳错,0
"22.60800,1,25,16777215,1625540598,0,10a862b3,51589112602820611",必拿下,0
"5.77900,1,25,16777215,1625540571,0,33b4bed6,51589098483744775",情感带师，我也行。,0
"31.65000,1,25,16777215,1625540557,0,369d4bae,51589091310960647",wow，千恋万花,0
"150.03000,1,25,16707842,1625540547,0,f853476f,51589085913939975",这是胡桃吗？,3
"117.02600,1,25,16777215,1625540543,0,870a98fc,51589083611267079",卧龙凤雏竟在你身边,3
"190.41900,1,25,15138834,1625540523,0,bd3df4e2,51589073177411587",盲猜男生说恒星有什么好看的,2
"113.06500,1,25,16777215,1625540502,0,176c8df6,51589062586794055",他,0
"42.59200,1,25,16777215,1625540492,0,fd392d36,51589056990543875",？？？,3
"64.70200,1,25,16777215,1625540490,0,870a98fc,51589056305823751",???,3
"241.19900,1,25,16777215,1625540490,0,4f602706,51589055813517319",哈哈哈哈,0
"225.44800,1,25,16777215,1625540432,0,4936a822,51589025421066245",变成熬鹰了,1
"224.89900,1,25,16777215,1625540425,0,e887199,51589021928783879",她盯着你，你是怎么打字的，盲打吗？那你怎么看信息的，自摸吗,2
"254.09700,1,25,16777215,1625540418,0,fdb40e32,51589018188513285",重新定义大成功,0
"106.53900,1,25,16777215,1625540364,0,6297204b,51588989785735171",卧龙凤雏啊,0
"112.79000,1,25,16777215,1625540361,0,4f602706,51588988478160903",哈哈哈哈或或,0
"51.49900,1,25,16777215,1625540351,0,4cfdd6f9,51588983263068165",等会 这两军师是不是一对啊,2
"158.12400,1,25,16777215,1625540296,0,fdb4883c,51588954318700547",大聪明,0
"10.57900,1,25,16777215,1625540266,0,12accb7b,51588938673422343",什么小丑名字,2
"246.29900,1,25,16777215,1625540242,0,9b9de748,51588926130880517",原来是这样,3
"123.60100,4,25,104601,1625540202,0,dbfd44d,51588905221226503",卧龙凤雏啊,0
"214.56800,1,25,15138834,1625540179,0,8449dae7,51588892979101703",白嫖失败,2
"173.73900,1,25,16777215,1625540161,0,9b9de748,51588883443875845",这俩迟早都是一对,0
"203.89900,1,25,16777215,1625540047,0,4e6d0e5c,51588823831281667",好会呀,0
"153.29700,1,25,16777215,1625539987,0,f0697e61,51588792441634823",一个敢教，一个敢学,0
"206.76900,1,25,16777215,1625539852,0,6c3aedb8,51588721742970887",xswl,0
"253.90700,1,25,16777215,1625539794,0,4f327fdb,51588690972508163",高手过招,0
"164.57900,1,25,16777215,1625539790,0,c1255650,51588689129635845",《般配》,0
"39.81900,1,25,16777215,1625539748,0,5ae80b5f,51588667075461127",两个团队间的较量,0
"207.59700,1,25,16777215,1625539742,0,7e3c60a2,51588663640850437",23333333,0
"83.91900,1,25,16777215,1625539714,0,3282bb4,51588648991719431",？？？？,3
"162.21900,1,25,16777215,1625539649,0,a2ac2dd3,51588615137394693",cccc,0
"140.87700,5,25,15138834,1625539560,0,752bd3de,51588568392925191",来到杨超越吧一定要认识（    ）,0
"81.68900,1,25,16777215,1625539500,0,fc70315e,51588536765251589",林科大笑死,0
"206.11900,1,25,16777215,1625539487,0,3d672515,51588530414026757",哈哈哈哈不是，聊什么天这时候,0
"114.97100,1,25,16777215,1625539449,0,308cdc22,51588510350049285",coco可以吗,2
"88.39500,1,25,16777215,1625539402,0,da4648a9,51588485769330691",核废水,1
"135.87600,1,25,16777215,1625539344,0,7086390d,51588455229030407",坏了,1
"265.14600,1,25,16777215,1625539312,0,79c5af5,51588438398861317",彼此彼此,0
"99.23600,1,25,16777215,1625539305,0,7086390d,51588434643910663",哈哈哈哈哈,0
"255.11500,1,25,16777215,1625539296,0,79c5af5,51588429966737413",哈哈哈哈哈哈哈哈,0
"222.44300,1,25,16777215,1625539278,0,13d85c79,51588420778065925",必分手,1
"23.33900,1,25,16777215,1625539268,0,29a5c080,51588415644237827",前提是女生喜欢你！才可以这样！,2
"218.05600,1,25,16777215,1625539255,0,79c5af5,51588408540135431",哈哈哈哈哈哈哈哈,0
"211.13900,1,25,16777215,1625539234,0,fff6d8b2,51588397331906565",哈哈哈哈哈哈哈,0
"195.39300,1,25,16777215,1625539228,0,79c5af5,51588394582540291",哈哈哈哈哈哈哈,0
"250.38300,1,25,16777215,1625539217,0,9427baa3,51588388659134469",打死他,2
"248.59900,1,25,16777215,1625539212,0,872f9b85,51588386170863623",好家伙,0
"231.65000,1,25,16777215,1625539193,0,dcbcb083,51588375879090183",逆天,0
"190.85900,1,25,16777215,1625539178,0,be77dca0,51588368285302791",尬,1
"118.31900,1,25,16777215,1625539136,0,fff6d8b2,51588346329694211",哈哈哈哈哈哈哈，世界线收束,0
"253.45900,1,25,16777215,1625539090,0,d7538983,51588322198290435",《大成功》,0
"24.45900,1,25,16777215,1625539079,0,9427baa3,51588316469919751",拘留所等着你，流氓,2
"95.90300,5,25,41194,1625539064,0,1b11eb6f,51588308335591431",人中龙凤,0
"193.17900,1,25,16777215,1625539019,0,d7538983,51588284551266309",然后说一句：直视我崽种！,0
"206.63000,1,25,16777215,1625539000,0,b4b7e906,51588275036487685",哈哈哈哈哈哈哈哈哈哈哈哈哈,0
"158.35900,5,25,16707842,1625538983,0,77e13c56,51588265900244995",《绝配》,0
"167.21700,1,25,16777215,1625538932,0,36090e9,51588239317270533",哈哈哈哈哈哈哈,0
"269.53600,1,25,16777215,1625538923,0,9fa137a8,51588234464985091",这不是情头啊喂，花子独美，而且对面也不是八寻,2
"104.55900,1,25,16777215,1625538890,0,40777064,51588217421955079",你俩谈恋爱算了-_-||,2
"84.81900,1,25,16777215,1625538838,0,1fa72d3d,51588190047305733",喝电脑配件,2
"193.68300,5,25,16777215,1625538830,0,9bbed1a9,51588185718784003",和他说：I  Love You（月色真美）,0
"88.57100,1,25,16777215,1625538743,0,1e5096e5,51588140163399683",？？？？,3
"54.85700,1,25,16777215,1625538607,0,6f72a2ac,51588069029052421",？谁约会约螺蛳粉,2
"195.95900,1,25,16777215,1625538566,0,f8053932,51588047471902727",放过我求你了,1
"192.21900,1,25,16777215,1625538554,0,f8053932,51588041191981059",哈哈哈哈,0
"43.09900,1,25,16777215,1625538548,0,6f72a2ac,51588037612666885",谈恋爱亲嘴有什么问题吗？,2
"26.70800,1,25,16777215,1625538521,0,6f72a2ac,51588023606837251",好油,0
"269.37900,5,25,16707842,1625538513,0,77e13c56,51588019549896711",欢迎来到对抗路！,0
"221.77900,1,25,16777215,1625538464,0,c9ea4c59,51587993904349191",牛逼，我只能说牛逼哈哈哈哈,0
"0.54600,1,25,16777215,1625538446,0,eac8f963,51587984231235587",大哥不说二哥,2
"182.49900,1,25,16777215,1625538379,0,70006f7c,51587949091880967",直男直女,0
"98.50700,1,25,16777215,1625538317,0,44ca2b7c,51587916937297923",能喝。只能喝一点点,1
"268.54900,5,25,16707842,1625538315,0,75b3ade2,51587915753455619",带 不 动,2
"216.78100,1,25,16777215,1625538253,0,89d98033,51587883017961475",哈哈哈哈哈哈哈,0
"256.43900,1,25,16777215,1625538234,0,40a812cc,51587873115734021",立大功,0
"109.61900,1,25,16777215,1625538132,0,89d98033,51587819959746563",我直接笑死,0
"208.50400,1,25,16777215,1625538012,0,7a8cafdd,51587756689719301",哈哈哈哈哈哈哈,0
"213.77900,1,25,16777215,1625538011,0,1851fc44,51587756305416197",哈哈哈哈 笑死,0
"157.94200,1,25,16777215,1625537946,0,67079c30,51587722273882117",？？？歪打正着？,2
"137.71200,1,25,16777215,1625537906,0,67079c30,51587701404073989",中东局势怎么看,2
"75.92600,1,25,16777215,1625537877,0,7a8cafdd,51587685981093895",哈哈哈哈哈哈,0
"51.41900,1,25,16777215,1625537790,0,4a98da31,51587640536334339",！！！！！,0
"254.62700,1,25,16777215,1625537408,0,7f488e05,51587440233676807",离谱,3
"242.52900,1,25,16777215,1625537397,0,97263a8f,51587434419322885",哈哈哈哈哈哈哈哈哈哈,0
"165.34500,1,25,16777215,1625537394,0,eac24680,51587432884731909",哈哈哈哈哈,0
"214.62500,1,25,16777215,1625537369,0,97263a8f,51587419781726215",5分钟,0
"214.94900,1,25,16777215,1625537369,0,7f488e05,51587419486552069",ahhh,0
"192.64600,1,25,16777215,1625537347,0,97263a8f,51587408262070277",哈哈哈哈哈哈哈,0
"177.11400,1,25,16777215,1625537331,0,7f488e05,51587399624949767",？,3
"174.59400,1,25,16777215,1625537329,0,97263a8f,51587398803914757",？？,3
"160.54700,1,25,16777215,1625537314,0,7f488e05,51587390868815875",噗嗤,0
"158.36400,1,25,16777215,1625537313,0,97263a8f,51587390282137603",危,3
"164.65900,1,25,16777215,1625537291,0,83e4e21e,51587378629836805",棋逢对手将遇良才，错有错着，都是人才呀,0
"263.54600,1,25,15138834,1625537272,0,58b5da24,51587368647393285",《直男》,0
"112.98400,1,25,16777215,1625537267,0,7f488e05,51587366017040389",修命,0
"223.39700,1,25,15138834,1625537227,0,58b5da24,51587345101619205",《军师》,0
"215.79900,1,25,15138834,1625537214,0,58b5da24,51587338676469765",《军师》,0
"246.56400,1,25,15138834,1625537193,0,5367ef3,51587327713083397",跨服聊天,0
"113.89300,1,25,15138834,1625537101,0,58b5da24,51587279047098371",《喝奶茶》,0
"141.88400,1,25,15138834,1625537063,0,5367ef3,51587259393638403",哈哈哈哈哈哈哈哈哈哈哈,0
"102.72300,1,25,16777215,1625537058,0,bfda344e,51587256845598727",hhhhhh,0
"136.96900,1,25,16777215,1625537051,0,d39ad5c4,51587253119483909",危,3
"108.20900,1,25,16777215,1625537037,0,67a90a48,51587245597523975",必拿下,0
"66.72200,1,25,16777215,1625537022,0,bfda344e,51587238005833735",xs,0
"50.74400,1,25,16777215,1625537006,0,bfda344e,51587229495066627",6666,0
"214.97700,1,25,16777215,1625536876,0,553f164e,51587161157795845",真憋不住了,1
"102.19800,1,25,16777215,1625536857,0,2b47a855,51587151334211589",《必拿下》,0
"23.00200,5,25,15138834,1625536846,0,5367ef3,51587145482108931",《妙      啊》,0
"128.01600,1,25,16777215,1625536719,0,58460249,51587078924795909",xswl,0
"223.59100,1,25,16777215,1625536668,0,474c0bc,51587051983208451",那你怎么发的消息啊,2
"174.28000,1,25,16777215,1625536658,0,1cd5bd78,51587046911770627",？？？,3
"22.09900,1,25,16777215,1625536653,0,71a1b510,51587044352720903",哦哦,0
"203.27100,1,25,16777215,1625536638,0,474c0bc,51587036643065863",哈哈哈哈哈哈了,0
"193.71100,1,25,16777215,1625536623,0,474c0bc,51587028810203139",？？？？？？,3
"180.02600,1,25,16777215,1625536613,0,f00599a1,51587023476621317",旗鼓相当的对手,0
"108.99000,1,25,16777215,1625536588,0,1cd5bd78,51587010109374469",哈哈哈哈哈哈哈,0
"253.63400,1,25,16777215,1625536538,0,b997e2eb,51586984115699719",起夜级李姐,0
"144.44200,1,25,16777215,1625536406,0,5ff1a542,51586914616082437",？？？,3
"120.36100,1,25,16777215,1625536400,0,33b1f8cb,51586911643369477",捡到宝了,0
"249.56900,1,25,16777215,1625536387,0,64e5ad74,51586904761040903",都是高手,0
"209.69500,1,25,16777215,1625536358,0,67eba7ce,51586889527328771",哈哈哈哈,0
"199.46000,1,25,16777215,1625536327,0,64e5ad74,51586873331548163",《必心动》,0
"9.32600,1,25,16777215,1625536308,0,5df8979e,51586863706144773",艾伦～,0
"188.86900,1,25,16777215,1625536307,0,64e5ad74,51586862916567043",晓晴是太懂直男了,0
"242.77700,1,25,16777215,1625536225,0,27ab5c9f,51586819821666307",哈哈哈哈哈哈,0
"119.82900,1,25,16777215,1625536225,0,64e5ad74,51586819779198983",晓晴一直是跟得上直男思路的,0
"21.57900,1,25,16777215,1625536206,0,d170898,51586810012762117",？？？？,3
"107.12700,1,25,16777215,1625536194,0,64e5ad74,51586803794182149",《必拿下》,0
"63.81600,1,25,16777215,1625536145,0,64e5ad74,51586778114031621",《一样的》,0
"214.41900,1,25,16777215,1625536123,0,e15f8e15,51586766381514759",哈哈哈,0
"193.49300,1,25,15138834,1625536079,0,7d1f971f,51586743368941575",危！,3
"200.63600,1,25,16777215,1625536078,0,fd9a13d6,51586743035494405",哈哈哈哈哈,0
"201.51900,5,25,14811775,1625536071,0,c80f94fd,51586739192987653",此曲一出，非死即伤,1
"206.72400,1,25,16777215,1625536062,0,1bfba87d,51586734641119239",熬鹰,0
"212.92700,1,25,16777215,1625535966,0,1c6f12ce,51586684441591811",哈哈哈,0
"167.12200,1,25,16777215,1625535867,0,d78d0a47,51586632445853703",优秀的匹配机制,0
"77.05900,1,25,16777215,1625535825,0,a5ec83a0,51586610239111175",？？啊这,3
"187.85400,5,25,15138834,1625535775,0,a6d5a79,51586584024711173",直视我，崽种,3
"251.26200,1,25,16777215,1625535686,0,657c96d5,51586537105129477",哈哈哈哈哈,0
"35.17900,1,25,16777215,1625535651,0,7cfdc23f,51586519102652421",两个宿舍间的PK,1
"189.33900,1,25,16777215,1625535646,0,bff03fc7,51586516160348167",我命油我不油天,2
"85.41400,1,25,16777215,1625535641,0,80594aed,51586513939988485",，，，,3
"263.90200,1,25,16777215,1625535600,0,bfc37b17,51586492335652871",哈哈哈哈哈哈哈哈哈哈哈,0
"103.15000,1,25,16777215,1625535565,0,657c96d5,51586473895395333",我要笑死了,0
"101.79200,1,25,16777215,1625535486,0,ab4cba04,51586432743505923",？？,3
"23.37900,1,25,16777215,1625535431,0,ea2905f2,51586403474079747",脑袋：我学会了。手：不，你没有。,1
"223.73400,1,25,16777215,1625535409,0,12469ed0,51586392252743687",xswl,0
"4.34500,1,25,16777215,1625535387,0,be2e9a8f,51586380441059335",看昵称就知道事情不简单,2
"113.66200,1,25,16777215,1625535363,0,dffb9e3f,51586367961432071",重新定位品味不错,0
"231.03800,1,25,16777215,1625535306,0,d27fca99,51586338207563781",棋逢对手,0
"90.88100,1,25,16777215,1625535167,0,84aa6cdf,51586265249742851",面膜蹦了,3
"212.04500,1,25,16777215,1625535090,0,83e3910e,51586224748494855",笑死,0
"194.90500,1,25,16777215,1625535069,0,feb3258e,51586214092865541",？？？,3
"69.57900,1,25,16777215,1625534936,0,70ef239,51586144379863043",哈哈,0
"219.04900,1,25,16777215,1625534909,0,2bd9d28e,51586129971904517",啊这,3
"210.20600,1,25,16777215,1625534900,0,2bd9d28e,51586125353975815",啊这,3
"188.14200,1,25,16777215,1625534873,0,13dcbda8,51586111240142853",今晚月色真美,0
"218.80100,1,25,16777215,1625534871,0,e99c32fd,51586110077796355",哈哈哈哈哈哈哈,0
"191.69400,1,25,16777215,1625534845,0,e99c32fd,51586096267526151",我月亮你,0
"221.61900,1,25,16777215,1625534834,0,f9deab1f,51586090717413383",抬走吧，你俩不合适,2
"142.24700,1,25,16777215,1625534820,0,280a7303,51586083117334535",草,0
"162.73200,1,25,16777215,1625534797,0,e99c32fd,51586071064477703",哈哈哈哈哈哈,0
"190.69900,1,25,16777215,1625534760,0,3ccaefb5,51586052105699335",？？,3
"208.75600,1,25,16777215,1625534744,0,abc98d03,51586043696644101",哈哈哈哈哈哈哈哈哈哈哈哈嗝,0
"102.35900,1,25,16777215,1625534714,0,5bba9736,51586027995267075",一点点？,2
"223.10300,1,25,16777215,1625534517,0,226eca18,51585924437377029",Tom呢，快回来,1
"144.10900,1,25,16777215,1625534497,0,3593b88a,51585913849380869",你说这我可就不困了啊,1
"225.53900,1,25,16777215,1625534440,0,aac3f290,51585884361850883",哈哈哈哈哈哈哈哈哈哈哈哈,0
"211.81900,1,25,16777215,1625534422,0,aac3f290,51585874703417349",哈哈哈哈哈哈哈哈哈哈哈,0
"67.59500,1,25,16777215,1625534404,0,2eae8048,51585865140404227",???，这都能看到车万是我没想到的,3
"269.77900,1,25,16777215,1625534388,0,1bcb7d96,51585856608141317",哈哈哈哈哈,0
"143.47900,1,25,16777215,1625534350,0,aac3f290,51585836943671301",哈哈哈哈哈哈哈哈哈哈,0
"183.36200,1,25,16777215,1625534324,0,4a8496f4,51585823227772935",反客为主,2
"173.01900,1,25,16777215,1625534277,0,1bcb7d96,51585798898188291",绝了,0
"161.06100,1,25,16777215,1625534054,0,c56ac7d6,51585681646944261",般配卧槽,2
"77.45900,1,25,16777215,1625534018,0,e1f4a2b7,51585662653038595",一群没有女朋友的教有女朋友的谈恋爱？,2
"206.66100,1,25,16777215,1625533939,0,9751ebd6,51585621362212869",哈哈哈哈,0
"80.55400,1,25,16777215,1625533865,0,bdaa596a,51585582500413443",猫头军师,0
"250.33400,1,25,16777215,1625533842,0,2475bc15,51585570542977029",《旗鼓相当的对手》,0
"145.39200,1,25,16777215,1625533803,0,c0dcdbfb,51585550236254275",哈哈哈哈哈,0
"217.61600,1,25,16777215,1625533797,0,eea45203,51585547201150981",笑死我了,0
"146.65900,1,25,16777215,1625533684,0,4db36b7c,51585487857516549",职业坑队友,2
"215.27900,1,25,16777215,1625533670,0,dd4cfa02,51585480382742531",哈哈哈哈哈哈哈,0
"195.10600,1,25,16777215,1625533584,0,af4dd96e,51585435572371461",都油起来了,0
"251.96400,5,25,14811775,1625533456,0,ba9b0d3f,51585368242257925",《大 成 功》,0
"24.11900,1,25,16777215,1625533430,0,56fdc781,51585354795319301",唉？不是脱单就退群吗,2
"216.09500,1,25,16777215,1625533199,0,9d9402e6,51585233213980679",哈哈哈,0
"219.13900,1,25,16777215,1625533077,0,cc225128,51585169678663685",李姐,0
"219.35300,1,25,16777215,1625533076,0,dc96134c,51585168841900039",哈哈哈哈哈,0
"171.05900,1,25,16777215,1625532765,0,8e2bf208,51585006086651909",两边互相欣赏，这不是随便在一起,0
"1.62500,1,25,15138834,1625532655,0,6969f77a,51584948487847943",跨服聊天记录播放！！！！,0
"217.68100,1,25,16777215,1625532573,0,6118bade,51584905144958983",哈哈,0
"273.28200,1,25,16777215,1625532464,0,4031428b,51584848226680835",？？？？？,3
"213.08000,1,25,16777215,1625532402,0,4031428b,51584815411494917",？？？？,3
"108.35300,1,25,16777215,1625532376,0,59183928,51584802077278213",《必拿下》,0
"147.73100,1,25,16777215,1625532329,0,4031428b,51584777453043715",？？？,3
"93.82900,1,25,16777215,1625532302,0,305a4f0c,51584763178254341",？？？？？？,3
"212.41200,1,25,16777215,1625532278,0,5ebee1a6,51584750746861573",哈哈哈哈哈哈,0
"261.41100,1,25,16777215,1625532150,0,2212c3cd,51584683340726277",？？？离谱,3
"250.18000,1,25,16777215,1625532118,0,35383c7f,51584666581336069",跨服聊天,0
"207.61000,1,25,16777215,1625532076,0,c779b7ab,51584644476305413",哈哈哈哈哈,0
"253.33900,1,25,16777215,1625532072,0,7bbd4eb0,51584642805923843",卧龙凤雏,0
"159.14000,1,25,16777215,1625532021,0,35383c7f,51584616077197315",般配！,0
"86.08000,1,25,16777215,1625532019,0,adabf736,51584614894927879",高手对招,0
"211.07800,1,25,16777215,1625531929,0,2195e3a0,51584567683842055",？,3
"213.85900,1,25,16777215,1625531891,0,99dd8878,51584547897212933",哈哈哈哈哈哈哈哈哈哈哈哈哈哈哈哈哈哈哈哈哈哈哈哈哈哈哈哈哈哈哈哈哈哈哈哈哈哈哈哈哈哈哈哈哈哈哈哈哈哈哈哈哈哈哈哈哈,0
"163.93900,1,25,16777215,1625531837,0,99dd8878,51584519309885443",？？？,3
"143.85800,1,25,16777215,1625531663,0,8ab386d6,51584428373704709",?,3
"82.53900,1,25,16777215,1625531660,0,7bbd4eb0,51584426461102085",两群单身狗的对决,0
"203.28100,1,25,16777215,1625531597,0,ae0aa2e,51584393524281351",啊这,3
"152.46800,1,25,16777215,1625531541,0,ae0aa2e,51584364339789829",哈哈哈,0
"102.23700,4,25,16707842,1625531497,0,cff9f8f,51584341141094405",猫 头 军 师,0
"140.40900,1,25,15138834,1625531496,0,50244128,51584340325826563",量子力学,0
"105.01300,1,25,16777215,1625531488,0,ae0aa2e,51584336590798853",只能喝一点点,1
"220.67600,1,25,16777215,1625531430,0,98c17433,51584306093490181",哈哈哈,0
"5.42600,1,25,16777215,1625531428,0,28d7985f,51584305104683013",必拿下？,0
"158.90500,1,25,16777215,1625531382,0,588e55c2,51584280684920839",？？？,3
"83.46300,1,25,15138834,1625531325,0,50244128,51584250750173191",军师之间的战斗，这两个只是工具人,2
"164.86200,1,25,16777215,1625531323,0,83eec515,51584249907642371",般配,0
"199.98500,1,25,16777215,1625531206,0,5c612d72,51584188410757123",三国演义,0
"148.99800,1,25,16777215,1625531141,0,c4981b28,51584154707951623",我一个女生为什么平时聊的也是这些,2
"216.76300,1,25,16777215,1625530975,0,32d5ae66,51584067477962757",哈哈哈哈哈哈哈哈哈,0
"262.20600,1,25,16777215,1625530922,0,d358a775,51584039640367107",？？？？,3
"209.77900,1,25,16777215,1625530917,0,519247bb,51584037121687559",笑死我的节奏,0
"78.24700,1,25,16777215,1625530858,0,5c612d72,51584006326059011",战略分析 开始,0
"251.48800,1,25,16777215,1625530803,0,75263e83,51583977127936005",卧龙凤雏,0
"241.68800,1,25,16777215,1625530788,0,75263e83,51583969610170371",跨服聊天,0
"212.84800,1,25,16777215,1625530756,0,75263e83,51583952593879045",完蛋了,1
"207.36800,1,25,16777215,1625530748,0,75263e83,51583948342951943",兄弟走好,0
"214.51300,4,25,6830715,1625530741,0,40fe828d,51583944851718147",哈哈哈哈哈哈哈哈,0
"198.24800,1,25,16777215,1625530730,0,75263e83,51583938807201797",学到了！,0
"191.96800,1,25,16777215,1625530717,0,75263e83,51583931921203207",卧槽,2
"162.40800,1,25,16777215,1625530678,0,75263e83,51583911580401669",旗鼓相当的对手,0
"117.00800,1,25,16777215,1625530614,0,75263e83,51583877972492291",完蛋,2
"87.38600,1,25,16777215,1625530600,0,b0e5ffd1,51583870893555719",伏特加,0
"107.36800,1,25,16777215,1625530591,0,75263e83,51583865914392581",哈批,0
"82.28800,1,25,16777215,1625530562,0,75263e83,51583850761420805",我要是女生都得分手,1
"188.06900,1,25,16777215,1625530553,0,797009b1,51583846347964421",好家伙戒掉仰望星空派,0
"77.04800,1,25,16777215,1625530546,0,75263e83,51583842690007043",傻了吧,2
"263.44700,1,25,16777215,1625530502,0,9b2bf4ec,51583819549507591",带她去人民医院。,2
"82.52800,1,25,16777215,1625530390,0,c6b142d9,51583760737501189",大聪明,0
"195.77300,1,25,16777215,1625530264,0,97b56227,51583694498430983",哈哈哈哈哈，棋逢对手,0
"165.13800,1,25,16777215,1625530175,0,29ea17ef,51583648168148997",般配,0
"207.92600,1,25,16777215,1625530036,0,e4893f26,51583575025778693",哈哈哈哈哈哈哈哈哈哈哈好,0
"121.24600,1,25,16777215,1625529938,0,e4893f26,51583523503996931",哈哈哈哈哈哈哈哈哈哈哈,0
"110.53700,1,25,16777215,1625529927,0,2147b8bd,51583517821239303",哈哈哈哈哈哈哈哈哈,0
"109.96600,1,25,16777215,1625529921,0,e4893f26,51583515046182919",哈哈哈哈哈哈哈哈哈哈哈哈哈哈哈哈,0
"248.44700,5,25,15138834,1625529651,0,8431a7bd,51583373157072903",《有效》,0
"160.16100,1,25,16777215,1625529579,0,c132a286,51583335365869575",？,3
"141.44100,1,25,16777215,1625529556,0,c132a286,51583323637547011",玩了,0
"212.60300,1,25,16777215,1625529481,0,8b0204b8,51583284273479687",那你是怎么发信息的,2
"137.11900,1,25,16777215,1625529340,0,64ff27a2,51583210467360771",哈哈哈哈哈,0
"247.33400,1,25,15138834,1625529198,0,136182ef,51583135727484933",所以他是不是男的,2
"245.31200,1,25,16777215,1625529179,0,efef0f2d,51583125959999495",居然能成,3
"200.07300,1,25,16777215,1625529108,0,136182ef,51583088759144455",他必心动？男的？,2
"225.09900,1,25,16777215,1625529086,0,9b3daedd,51583077304500227",哈哈哈哈哈哈哈哈哈哈哈哈,0
"266.93900,1,25,16777215,1625529054,0,473acca8,51583060151894023",难分伯仲,1
"253.01900,1,25,16777215,1625529003,0,473acca8,51583033748750339",《大成功！》,0
"102.59900,1,25,16777215,1625528946,0,9b3daedd,51583003476885509",两边的军师都是牛逼人士,0
"222.98000,1,25,16777215,1625528909,0,36d35fe6,51582984294760453",哈哈,0
"101.73400,1,25,16777215,1625528865,0,b38806ba,51582961357160455",哈哈哈哈,0
"80.97400,1,25,16777215,1625528841,0,b38806ba,51582948612243461",哈哈哈哈,0
"108.37900,1,25,16777215,1625528803,0,473acca8,51582928719708163",《必拿下》,0
"58.09900,1,25,16777215,1625528732,0,473acca8,51582891638390787",棋逢对手将遇良才,0
"150.71900,1,25,16777215,1625528285,0,72111896,51582657229750275",仿佛看见了昨天的我,0
"208.00200,1,25,16777215,1625528161,0,d3408840,51582591940165635",蚌埠住了,0
"252.99300,1,25,16777215,1625528152,0,ee89e0cb,51582587176484867",草 xswl,0
"134.87400,5,25,15138834,1625528141,0,50f3f6c1,51582581521514503",危,3
"104.69900,1,25,16777215,1625528025,0,ecc72d3e,51582520834654215",推理没问题,0
"123.69800,1,25,16777215,1625528016,0,ee89e0cb,51582515819315207",草「一点点」奶茶 笑死我了,0
"103.00200,1,25,16777215,1625528012,0,d3408840,51582513947082757",反手一个超级加倍,0
"111.45200,5,25,15138834,1625527654,0,886268a1,51582326332194819",@爱吃草莓的果子狸,0
"251.66100,1,25,8700107,1625527476,0,514436d2,51582232885198853",枪斗术都没这么歪,2
"248.01400,1,25,16777215,1625527264,0,e28ce3cb,51582121659072519",军师联盟之卧龙凤雏！,0
"18.02600,1,25,16777215,1625527154,0,80e19b40,51582064271032325",我就说怎么一直一个人,1
"6.05500,1,25,16777215,1625526740,0,222ad5aa,51581847185391621",还有四个人呢，这边建议直接两两成对，性别他不是问题[doge],2
"93.58500,1,25,16777215,1625526735,0,132cbfe8,51581844527251461",大聪明,0
"176.73500,1,25,16777215,1625526731,0,25a1501d,51581842430623751",般配,0
"26.59500,1,25,16777215,1625526684,0,53935c6f,51581817709395973",原来你也,3
"81.76800,1,25,16777215,1625526675,0,2c583324,51581813122400259",hhhhhhhhhh,0
"88.85000,1,25,16777215,1625526653,0,47a281d0,51581801330638851",?给她喝奶茶啊！！！,0
"57.47500,1,25,16777215,1625526651,0,2c583324,51581800388493315",5V5 笑尿了,0
"263.00800,5,25,38979,1625525944,0,b32f97a7,51581429755150339",《没有女朋友联盟》,0
"261.03900,1,25,16777215,1625525907,0,fd35a69a,51581410279424007",机器离谱,3
"214.15900,1,25,16777215,1625525855,0,fd35a69a,51581383255523333",离谱,3
"257.68000,5,25,38979,1625525833,0,b32f97a7,51581371446984709",《我喜欢你=我生病了，牛！》,0
"251.12000,5,25,38979,1625525787,0,b32f97a7,51581347597123591",《大成功》,0
"119.53900,1,25,16777215,1625525752,0,fd35a69a,51581329336172549",离谱,3
"211.56000,5,25,16707842,1625525709,0,b32f97a7,51581306595704839",《神他妈解读》,0
"218.28500,1,25,16777215,1625525619,0,528e529f,51581259466932229",《问我也一样》,0
"139.20000,5,25,16707842,1625525599,0,b32f97a7,51581249081311235",《没有女朋友的正当理由》,2
"137.32000,5,25,15138834,1625525570,0,b32f97a7,51581233903173635",前方高能,0
"267.23900,5,25,15138834,1625525539,0,aafcc16b,51581217428996103",带 不 动,2
"257.91900,5,25,15138834,1625525525,0,aafcc16b,51581210268794887",生 病 了,1
"245.05900,1,25,16777215,1625525501,0,aafcc16b,51581197474070533",顶 尖 对 线,0
"238.21900,1,25,16777215,1625525485,0,aafcc16b,51581188927127559",笑死我了,0
"193.23900,1,25,16777215,1625525420,0,aafcc16b,51581154852077573",？我那么小的眼睛你看得到。,3
"271.22800,1,25,16777215,1625525373,0,f8644a59,51581130494705667",带不动,1
"141.07900,1,25,16777215,1625525351,0,aafcc16b,51581118701371399",？离谱,3
"112.67900,1,25,16777215,1625525315,0,aafcc16b,51581100022562819",笑死我了,0
"169.30500,1,25,16777215,1625525264,0,f8644a59,51581073350983687",般配,0
"68.51400,1,25,16777215,1625524842,0,eeb9075e,51580851942064131",意识过剩,1
"19.81900,1,25,16777215,1625522742,0,bf0669a6,51579751170048005",明里柚我不游天,1
"255.33900,1,25,16777215,1625522284,0,d85b3c25,51579510795010053",好耶！,0
"217.57200,5,25,16777215,1625521843,0,506cd0f7,51579279794241539",《真没礼貌》,0
"69.75900,5,25,16707842,1625521707,0,506cd0f7,51579208330117123",《不对！》,1
"69.75900,5,25,41194,1625521696,0,506cd0f7,51579202522578947",《不对》,0
"69.75900,5,25,15138834,1625521687,0,506cd0f7,51579198000594947",《不对》,0
"64.86200,1,25,15138834,1625521656,0,506cd0f7,51579181604012037",《一样的》,0
"49.59800,1,25,16777215,1625520377,0,1fbfde87,51578510848819205",？？？？？？？？？？？？,3
"181.21600,5,25,16777215,1625520070,0,83012b51,51578350180761607",旗鼓相当的对手,0
"219.48300,1,25,16777215,1625519512,0,93fdc62e,51578057695166471",哈哈哈哈哈,0
"164.79900,1,25,16777215,1625519458,0,93fdc62e,51578029018185731",??????,3
"106.12800,5,25,15138834,1625519246,0,7faf388a,51577918254481411",一个敢教一个特么还敢学！,2
"55.97800,1,25,16777215,1625518773,0,c010de59,51577669923897349",约会吃螺蛳粉多可爱啊！！！！男生从来不会介意这种事情的。。。,0
"107.24200,1,25,16777215,1625517311,0,cb41a494,51576903350353927",必拿下,0
"111.78700,1,25,16777215,1625516720,0,ca9771b7,51576593459970051",他?他?他?,3
"91.49700,1,25,16777215,1625516708,0,e0b97bc8,51576587482562565",？,3
"142.94100,1,25,16777215,1625516371,0,e38cb119,51576410476118087",？,3
"44.28500,1,25,16777215,1625516283,0,e38cb119,51576364652822531",好家伙,0
"69.30800,1,25,16777215,1625516105,0,1f8e89bb,51576271109357575",蓝色花茶？？希某薇？？？,3
"210.61300,1,25,16777215,1625514681,0,d13a038d,51575525005066243",真就卧龙凤雏,0
"103.89900,1,25,16777215,1625513905,0,901faf6e,51575117693583367",妙啊,0
"205.23900,1,25,16777215,1625513698,0,30f202e6,51575009098334213",哈哈哈哈哈哈哈哈哈哈哈哈哈哈哈哈哈哈笑疯了,0
"133.81400,1,25,16777215,1625513596,0,30f202e6,51574955750981639",哈哈哈哈哈哈哈哈哈哈哈,0
"109.31700,1,25,16777215,1625513539,0,30f202e6,51574925784252421",哈哈哈哈哈哈哈哈哈哈哈哈哈哈哈哈哈哈,0
"40.94300,1,25,16777215,1625513528,0,2e1e8b21,51574920049590277",大型网恋现场花果山高层？,2
"219.65900,5,25,15138834,1625513380,0,6904c18a,51574842458112007",我爱罗,0
"1.50700,1,25,16777215,1625513335,0,30f202e6,51574818825830403",淦你 我网名也叫洛洛，，,3
"12.77900,1,25,16777215,1625513324,0,fd8b09c3,51574813094838277",真实,0
"106.22400,1,25,16777215,1625513159,0,6ee8497c,51574726903988229",必拿下、,0
"97.21300,1,25,16777215,1625513144,0,6ee8497c,51574718825234439",哈哈哈哈哈,0
"84.32500,1,25,16777215,1625513081,0,e15ef845,51574685809246211",逆天,0
"42.99900,1,25,16777215,1625512230,0,cfe2b419,51574239870844933",这哪里是两个人的恋爱，这是两个宿舍的顶级拉扯,2
"191.38200,1,25,16777215,1625512209,0,e871a9c8,51574228472823815",?,3
"143.86200,1,25,16777215,1625511961,0,1facb5c4,51574098500255749",？？？,3
"85.23000,1,25,16777215,1625511870,0,1facb5c4,51574051051143171",不愧是你啊,0
"160.53600,1,25,16777215,1625511469,0,9b72c56d,51573840500752387",《般配》,0
"258.80000,1,25,16777215,1625511462,0,dc3324ce,51573836927729669",多喝热水,0
"47.83100,5,25,16777215,1625511418,0,bbe66c35,51573813749481475",好家伙，一队卧龙凤雏,0
"48.56000,1,25,16777215,1625511374,0,4c19182c,51573790802968583",现在就想拉手，结婚了岂不是还想睡一起？,1
"57.46000,1,25,16777215,1625511341,0,9b72c56d,51573773350469639",旗鼓相当,0
"13.97900,1,25,16777215,1625511287,0,9b72c56d,51573745031053319",《必拿下》,0
"223.59800,1,25,16777215,1625511275,0,e9d0c19d,51573739148017671",哈哈哈哈哈哈哈哈哈哈,0
"110.19000,1,25,16777215,1625511159,0,e9d0c19d,51573678247772163",好好看，好好学,0
"102.04100,1,25,16777215,1625511145,0,e9d0c19d,51573670789775365",哈哈哈哈哈哈哈哈哈哈,0
"2.76100,1,25,16777215,1625511140,0,2d068e46,51573668219715587",塔塔开 塔塔开,0
"260.43900,1,25,16777215,1625510734,0,dfc82367,51573455094546439",棋逢对手，将遇良才，双方不分胜负,0
"172.13800,1,25,16777215,1625510550,0,7258a431,51573358638661635",卧龙凤雏,0
"223.13900,1,25,16777215,1625510307,0,ad7f3641,51573231493578757",哈哈哈哈哈,0
"145.61900,1,25,16777215,1625509962,0,2d6c2db7,51573050417086471",哈哈哈哈哈,0
"150.13300,1,25,16777215,1625509886,0,4cb74490,51573010809225223",草，一种植物,3
"50.32600,1,25,16777215,1625509771,0,4cb74490,51572950668673029",是我就去吃猪大肠,0
"146.21900,1,25,16777215,1625509710,0,6939a0db,51572918533488645",？？？？？？,3
"79.05900,1,25,16777215,1625509679,0,cfae372d,51572902350290951",？？？,3
"193.19300,1,25,16777215,1625509610,0,1deeb51b,51572866144534535",太吐了,1
"116.91100,5,25,41194,1625509569,0,89f137b4,51572844361940997",好的，这边两方都采取了3保1的战术，接下来是两位主c的较量,0
"261.19900,1,25,16777215,1625509533,0,34e566d9,51572825661112327",哈哈哈,0
"60.07400,1,25,16777215,1625509146,0,9948c4ed,51572622866513923",智囊团の较量,0
"83.25900,5,25,41194,1625509087,0,20fb6600,51572591595356167",“卧龙凤雏”,0
"86.97200,1,25,16777215,1625509077,0,2499bb80,51572586710040583",电脑配件,2
"214.85900,1,25,16777215,1625508409,0,80ac322e,51572236256542723",鬼了她在数你青春痘呢,2
"140.79700,1,25,16777215,1625508370,0,27900221,51572215644684291",推荐幽灵校长,0
"7.26900,1,25,16777215,1625508226,0,8b206a74,51572140427182087",抖音看过hhh,0
"205.51600,1,25,16777215,1625508103,0,42fcf282,51572075904106503",你瞅啥,2
"266.27700,1,25,16777215,1625508102,0,ac610ef4,51572075659788295",哈哈哈哈哈哈哈哈哈哈,0
"254.31900,1,25,16777215,1625508091,0,ac610ef4,51572069387730951",哈哈哈哈哈哈哈哈,0
"149.29900,1,25,16777215,1625508072,0,f28affbf,51572059756560391",暗炎之主哈哈哈不行了,0
"225.92700,1,25,16777215,1625508062,0,ac610ef4,51572054475931653",哈哈哈哈哈哈哈哈哈哈哈,0
"210.63900,1,25,16777215,1625508046,0,ac610ef4,51572046060584965",哈哈哈哈哈哈哈哈哈哈哈哈哈哈哈哈哈哈哈哈哈哈哈,0
"107.94600,1,25,16777215,1625507999,0,42fcf282,51572021144846343",能喝，只能喝一点点,1
"147.19700,1,25,16777215,1625507977,0,ac610ef4,51572009670279175",哈哈哈哈哈哈哈,0
"136.53500,1,25,16777215,1625507966,0,ac610ef4,51572004062494725",哈哈哈哈哈哈哈哈哈,0
"136.59900,1,25,16777215,1625507956,0,cfc71970,51571999052922885",危,3
"94.24000,1,25,16777215,1625507924,0,ac610ef4,51571981932822531",哈哈哈哈哈牛,0
"65.32200,1,25,16777215,1625507895,0,ac610ef4,51571966732140549",哈哈哈哈哈哈哈哈哈,0
"23.48700,1,25,16777215,1625507839,0,20de363f,51571937676099591",这老婆怕不是二次元老婆,2
"12.81900,1,25,16777215,1625507585,0,d4a02304,51571804232220675",维他out,0
"224.72800,1,25,16777215,1625507481,0,6431dbcc,51571749945344007",想不到小小的一个学校，竟能同时培养出卧龙凤雏！,3
"205.82500,1,25,16777215,1625507442,0,2a96624d,51571729083400199",哈哈哈哈哈哈哈哈哈哈哈哈哈哈哈,0
"151.18500,1,25,16777215,1625507381,0,2a96624d,51571697220845573",？？？,3
"151.64400,1,25,16777215,1625507338,0,5ff48626,51571675044511747",高级啊,0
"269.21700,1,25,15138834,1625507315,0,3ae3f7c2,51571662983790597",《带不动》,0
"87.26500,1,25,16777215,1625507278,0,2a96624d,51571643579367427",？,3
"113.09900,1,25,16777215,1625507264,0,5ff48626,51571635839303685",哈哈哈哈嗝,0
"215.25900,1,25,15138834,1625507248,0,3ae3f7c2,51571627663032325",大聪明,0
"216.20400,1,25,16777215,1625507245,0,4c6942d8,51571626159898629",哈哈哈哈哈哈哈哈哈哈哈哈,0
"50.20700,1,25,16777215,1625507158,0,5f2be336,51571580230696967",谈恋爱不亲嘴？？,2
"162.73900,1,25,16777215,1625507125,0,f442894f,51571563070750727",《般配》,0
"160.77900,1,25,16777215,1625507119,0,867c8cbb,51571560163049477",哈哈哈哈啊哈哈哈哈,0
"79.66500,1,25,16777215,1625507083,0,3ae3f7c2,51571541239398403",大聪明,0
"56.33900,1,25,16777215,1625507080,0,ca8656f9,51571539686457351",旗鼓相当,0
"145.37900,1,25,16777215,1625507073,0,4345bfa3,51571535743811591",哈哈哈哈哈哈,0
"26.25900,1,25,16777215,1625507041,0,ca8656f9,51571519207768067",一个敢教一个敢学,0
"147.54800,1,25,16777215,1625506860,0,d225b371,51571424140722181",哈哈哈哈哈哈哈哈哈哈或或或或,0
"86.90500,1,25,16777215,1625506812,0,d225b371,51571399301529605",？,3
"199.44100,1,25,16777215,1625506781,0,8382d799,51571382963142661",必拿下!,0
"71.46200,1,25,16777215,1625506766,0,99dbe0e7,51571374920040453",猫头军师,0
"159.55200,1,25,16777215,1625506747,0,6745c222,51571364850040835",??????,3
"26.52700,1,25,16777215,1625506728,0,a2d486da,51571354792624135",pa pa rua zzi,0
"105.34700,5,25,14811775,1625506397,0,9aeaa829,51571181463535623",《必拿下》,0
"213.46100,1,25,16777215,1625506374,0,c6200441,51571169368735751",哈哈哈哈哈哈哈哈哈哈哈哈哈哈,0
"44.21900,1,25,16777215,1625506370,0,c2064b9,51571167209717767",岂不是？,3
"215.84400,1,25,16777215,1625506325,0,fb9ddeb,51571143871561795",哈哈哈哈哈哈哈操,0
"12.83100,1,25,16777215,1625506262,0,3a875b5f,51571110509019141",维他断命茶 可以去死,2
"53.22300,1,25,16777215,1625506206,0,3c9f7c2b,51571081126871043",正好饿了哈哈哈哈,0
"0.46700,1,25,16777215,1625506185,0,2e167856,51571070448697351",与其说直男，不如说，对你不感兴趣,2
"40.49900,1,25,16777215,1625506052,0,6f307e9f,51571000696373317",不然呢,2
"10.27900,5,25,15138834,1625505777,0,4990d625,51570856452161541",看好了艾伦，妹子，是这样撩的！,0
"218.96000,1,25,16777215,1625505761,0,aeb23413,51570848146391045",哈哈哈哈哈哈哈哈哈哈,0
"27.49900,1,25,16777215,1625505750,0,713aefb3,51570842474119175",一个敢教一个敢学,0
"166.57900,1,25,16777215,1625505714,0,bea4b944,51570823541555207",天生一对心真的,0
"10.72500,1,25,16777215,1625505696,0,6f2475e6,51570814219190275",必拿下！,0
"148.77900,1,25,16777215,1625505669,0,3616bced,51570799817523205",不愧是我,0
"86.00500,1,18,41194,1625505601,0,93b39c7,51570764268175363",C Y (doge),0
"196.21800,1,25,16777215,1625505594,0,adf13bfd,51570760638005253",星星是我眼睛那我不就成苍蝇了,1
"127.69100,1,25,16777215,1625505554,0,afa873d8,51570739621920775",两边的军师莫名般配啊喂,0
"242.28100,1,25,16777215,1625505496,0,7d06e92d,51570709205876741",哈哈哈哈哈,0
"211.48100,1,25,16777215,1625505463,0,7d06e92d,51570691599761415",哈哈哈哈哈哈哈哈,0
"204.88100,1,25,16777215,1625505453,0,7d06e92d,51570686605918213",哈哈哈哈哈,0
"89.01800,1,25,16777215,1625505420,0,b604dc16,51570669320142853",??????,3
"142.35900,1,25,16777215,1625505395,0,5db167d5,51570656002703363",救命，这个问题我觉得确实很有意思啊,1
"122.86100,1,25,16777215,1625505368,0,7d06e92d,51570641872093187",哈哈哈哈哈哈哈哈,0
"13.16300,5,25,15138834,1625505350,0,3cd70fca,51570632821833735",莱纳,0
"213.40800,1,25,16777215,1625505313,0,48f43a44,51570613272182791",我好害怕呀,3
"232.56000,1,25,16777215,1625505299,0,3541e576,51570605866614787",哈哈哈哈哈哈哈,0
"109.02500,1,25,16777215,1625505177,0,2c58e8fd,51570541820116995",必拿下,0
"92.83900,1,25,16777215,1625505095,0,53e958cf,51570498909241349",？？？？？？,3
"114.33900,1,25,16777215,1625505002,0,5f96392a,51570450199216135",哈哈哈哈哈哈哈哈哈,0
"186.38600,1,25,16777215,1625504845,0,82a35230,51570367686246407",？hxd们，给我整不会了,2
"203.75200,1,25,16777215,1625504779,0,ba03f155,51570333034479621",救命哈哈哈哈哈哈哈哈哈哈哈哈哈哈哈哈哈哈哈哈,0
"48.25300,1,25,16777215,1625504760,0,a58a6e97,51570323402784775",《正好饿了》,0
"36.88500,1,25,16777215,1625504742,0,1533dc83,51570313989718021",不然呢,2
"195.49900,1,25,16777215,1625504676,0,4a03f883,51570279234142215",我直接油到家,1
"254.99900,5,25,41194,1625504662,0,d7e70585,51570272079183877",所以人人玩原神？,2
"180.57800,1,25,16777215,1625504661,0,f55a6304,51570271104008195",《我也不会》,1
"57.56800,1,25,16777215,1625504637,0,6dd19f0f,51570258923749379",泉水指挥官,0
"189.72600,1,25,16777215,1625504483,0,b74a31ef,51570177940127751",土yue了,2
"215.03600,1,25,16777215,1625504453,0,5cc7e680,51570162057871363",哈哈哈哈,0
"11.76400,1,25,16777215,1625504448,0,61242475,51570159748907011",笑死我了,0
"205.93300,1,25,16777215,1625504444,0,5cc7e680,51570157292093445",？？？？,3
"235.69900,1,25,16777215,1625504438,0,49264905,51570154155802629",《窸窸窣窣》,0
"163.64500,1,25,16777215,1625504402,0,5cc7e680,51570135319183363",秀,0
"199.17300,1,25,16777215,1625504338,0,64dc0cfd,51570101795684357",哈哈哈哈哈哈哈哈,0
"33.70300,1,25,16777215,1625504311,0,d49b4cef,51570088009007107",好家伙，老柚子了,0
"56.35300,1,25,16777215,1625504294,0,5cc7e680,51570078925717509",？？？,3
"153.29400,1,25,16777215,1625504287,0,64dc0cfd,51570075226341379",燃起来了,0
"204.75100,1,25,16777215,1625504257,0,c6a1f0b0,51570059366105093",？？？,3
"197.49600,5,25,15138834,1625504238,0,bfe15f96,51570049680932867",《必拿下》,0
"144.87200,1,25,16777215,1625504209,0,8c1d96c,51570034350751751",我不相信你们聊这些,3
"80.45400,1,25,16777215,1625504203,0,64dc0cfd,51570031092826115",哈哈哈哈哈哈哈哈,0
"257.49600,1,25,16707842,1625504192,0,2308b0e6,51570025342435331",好椰,0
"71.95000,1,25,16777215,1625504153,0,64dc0cfd,51570004982235141",哈哈哈哈哈哈哈哈,0
"247.97900,1,25,16777215,1625504147,0,a4027757,51570001738465283",顶级理解,0
"213.10700,1,25,16777215,1625504143,0,5c44d2b4,51569999528067075",我笑死了,0
"210.82700,1,25,16777215,1625504137,0,5c44d2b4,51569996410650629",哈哈哈哈哈哈哈,0
"66.13200,1,25,16777215,1625504119,0,8c1d96c,51569987171123207",二号战略师,0
"219.43900,1,25,16777215,1625504101,0,f4d4230b,51569977705103363",哈哈哈哈哈,0
"145.25900,1,25,16777215,1625504069,0,a6de0c20,51569961188982787",知乎日常,0
"22.27900,1,25,16777215,1625504051,0,8c1d96c,51569951420448773",一群大神,0
"199.94600,1,25,16777215,1625504034,0,7fdbd345,51569942811115523",必拿下,0
"211.18500,1,25,16777215,1625503984,0,f50d0cd5,51569916493430789",笑到想死,0
"258.01900,1,25,16777215,1625503972,0,569c131e,51569910208790533",大成功,0
"1.45900,1,25,16777215,1625503941,0,582060d8,51569894036078595",是我本人了,0
"273.80900,1,25,16777215,1625503935,0,9fd25b27,51569890870427655",悟了,0
"64.20600,5,25,15138834,1625503911,0,a2bd7474,51569878204153863",单身的人一般提供感情指导,0
"33.10600,1,25,16777215,1625503863,0,a2bd7474,51569852691775493",会有女的柚子厨？,2
"213.56600,1,25,16777215,1625503836,0,fdc14f76,51569838680178691",哈哈哈哈哈哈哈哈哈,0
"210.19600,1,25,16777215,1625503813,0,93775a00,51569826761015301",企业级理解,2
"14.61900,1,25,16777215,1625503794,0,92791254,51569816631246855",头像花子我心动了,0
"118.75100,1,25,16777215,1625503783,0,37ee85d,51569811163971589",哈哈哈哈哈哈,0
"215.63200,1,25,16777215,1625503735,0,485025ae,51569785689341955",哈哈哈哈哈哈哈,0
"207.05000,5,25,38979,1625503717,0,20a679db,51569776513253379",你盲打？,2
"154.61300,1,25,16777215,1625503651,0,485025ae,51569741709967363",我悟了,0
"215.87600,1,25,16777215,1625503615,0,ae8b7ed6,51569723076247557",哈哈哈哈哈哈哈哈哈哈哈哈哈哈哈哈哈哈哈哈哈哈哈哈,0
"133.48400,5,25,38979,1625503611,0,20a679db,51569721034670083",然后两边的军师走到了一起,0
"207.22100,5,25,16777215,1625503559,0,1c77611f,51569693775364101",BGM太搞了吧,0
"170.97000,1,25,16777215,1625503559,0,f8372eef,51569693550444549",般配,0
"245.76500,1,25,16777215,1625503514,0,bc6ff6c4,51569670120538115",顶级理解,0
"211.44500,1,25,16777215,1625503470,0,bc6ff6c4,51569646763507717",哈哈哈哈哈哈哈哈哈哈哈哈,0
"109.74600,1,25,16777215,1625503460,0,52b06628,51569641419964423",能喝，但不能完全喝,1
"249.13900,1,25,16777215,1625503441,0,3bae0ca0,51569631757336583",笑出猪叫,0
"50.69900,1,25,16777215,1625503411,0,1c77611f,51569615903391751",哈哈哈哈,0
"219.26600,1,25,16777215,1625503402,0,59c53581,51569611339464707",哈哈哈哈哈,0
"206.39100,1,25,16777215,1625503397,0,2a77c4f3,51569608683945987",哈哈哈哈哈哈哈哈哈哈哈淦,0
"198.92500,1,25,16777215,1625503370,0,2a77c4f3,51569594593705987",你好会,0
"266.87500,5,25,15138834,1625503340,0,4cb12242,51569578779607043",跨维度聊天,0
"146.57300,1,25,16777215,1625503313,0,2a77c4f3,51569564806807557",好家伙,0
"122.39200,1,25,16777215,1625503303,0,59c53581,51569559319085061",哈哈哈哈哈,0
"266.33400,1,25,16777215,1625503297,0,4420776,51569556226310147",哈哈哈哈好家伙,0
"114.74700,1,25,16777215,1625503286,0,2a77c4f3,51569550422441991",哈哈哈哈哈哈哈哈哈哈,0
"33.91900,1,25,16777215,1625503279,0,875e90fe,51569546990977027",茉子！,0
"135.81300,1,25,16777215,1625503257,0,dce85cb4,51569535297781765",让互相的兄弟和闺蜜去恋爱吧,0
"252.53800,1,25,16777215,1625503224,0,4435b22e,51569517797048325",双 方 胜 利,0
"216.87900,1,25,16777215,1625503217,0,235f7968,51569514080894979",哈啊哈,0
"55.22700,1,25,16777215,1625503213,0,2a77c4f3,51569512121106435",哈哈哈哈哈哈哈哈哈哈,0
"250.61900,1,25,16777215,1625503206,0,67c0d511,51569508721623043",卧龙凤雏,0
"94.87900,1,25,16777215,1625503187,0,91cd88f7,51569498601291783",哈哈哈哈哈哈哈哈哈哈哈哈,0
"150.76600,1,25,16777215,1625503163,0,f5b60e63,51569485927677959",《啊 对》,0
"214.09900,1,25,16777215,1625503157,0,67c0d511,51569482827038727",哈哈哈哈哈哈哈,0
"156.87300,1,25,16777215,1625503129,0,4435b22e,51569467931492355",深 度,0
"112.89300,1,25,16777215,1625503060,0,4435b22e,51569431872536579",品 味 不 错,0
"128.77500,1,25,16777215,1625503057,0,cd705b67,51569430300196869",哈哈哈哈哈哈哈,0
"103.25300,1,25,16777215,1625503044,0,4435b22e,51569423565717507",真就喝一点点啊,2
"135.44900,1,25,16777215,1625503030,0,911173aa,51569416254521351",你喜欢梅西吗,2
"44.08500,1,25,16777215,1625502967,0,4435b22e,51569383190298631",牛啊,0
"113.73600,1,25,16777215,1625502956,0,2b5aa01a,51569377241202693",一点点打钱,2
"64.13200,1,25,16777215,1625502907,0,699edca1,51569351891353603",完蛋,2
"100.75800,1,25,16777215,1625502855,0,3ab11a98,51569324561793029",一  黑Q  黑Q,1
"270.15200,1,25,16777215,1625502855,0,76218bbb,51569324607406087",你他娘的真是一个人才,0
"163.37700,1,25,16777215,1625502824,0,106d47af,51569308288417795",?,3
"212.73400,1,25,16777215,1625502709,0,50e08690,51569247845351429",哈哈哈哈哈哈哈哈,0
"215.14100,1,25,16777215,1625502689,0,c98ecf3b,51569237591851013",呵呵哈哈哈,0
"214.67500,1,25,16777215,1625502655,0,52320375,51569219671687171",哈哈哈哈哈哈哈哈哈哈哈哈哈哈,0
"217.13900,4,25,15138834,1625502633,0,8b7ef55b,51569207995793475",急死我了,1
"31.64200,1,25,16777215,1625502565,0,a8ef87b0,51569172336869381",ciallo～,0
"107.99900,1,25,16777215,1625502518,0,e4a5b763,51569147738324995",大聪明,0
"0.87500,5,25,15138834,1625502494,0,74f152b5,51569134976106501",艾伦:塔塔开 塔塔开,0
"121.42100,1,25,16777215,1625502397,0,133a34c2,51569084521250821",哈哈哈哈哈哈哈,0
"63.84700,1,25,16777215,1625502371,0,e195f968,51569070712553479",好家伙，打团呢,0
"75.81500,5,25,15138834,1625502353,0,69bb443a,51569061227659269",《啊   对！》,0
"189.45800,1,25,16777215,1625502315,0,ee5a724e,51569041370775557",人间油物,1
"252.15400,1,25,16777215,1625502303,0,9bbc3666,51569034829234179",跨服聊天,0
"244.39700,1,25,16777215,1625502279,0,496274ea,51569022633246727",逐渐成功,0
"194.86900,1,25,16777215,1625502245,0,17e53436,51569004626051077",？好家伙,0
"153.52300,1,25,16777215,1625502243,0,779e1580,51569003680759815",真的牛逼,0
"118.60600,1,25,16777215,1625502206,0,662ce9f8,51568983959666691",宝才，捡到鬼了呀,3
"264.93900,1,25,16777215,1625502205,0,352aa43a,51568983406018567",两个神仙,0
"165.01900,1,25,16777215,1625502151,0,5d3a7bbc,51568955404320771",？？？？,3
"83.77300,1,25,16777215,1625502146,0,142e95b5,51568952738316295",原来如此,3
"166.89400,1,25,16777215,1625502140,0,3ab44545,51568949770321923",哈哈哈哈哈哈,0
"205.89900,1,25,16777215,1625502139,0,352aa43a,51568948861730821",哈哈哈哈哈哈哈哈,0
"145.71700,1,25,16777215,1625502122,0,bd7412c7,51568939919998979",你如何看待巴以冲突,2
"83.22000,1,25,16777215,1625502118,0,88011c92,51568938318299141",大聪明,0
"56.05900,1,25,16777215,1625502077,0,9bbc3666,51568916681981955",棋逢对手,0
"197.45900,1,25,16777215,1625502072,0,1420b477,51568913983995907",草,0
"170.63900,1,25,16777215,1625502071,0,daa54999,51568913291411463",我人傻了,1
"52.37700,1,25,16777215,1625502066,0,142e95b5,51568911045885957",妙啊妙啊,0
"93.43900,1,25,16777215,1625502020,0,352aa43a,51568886917627909",逐渐离谱,3
"250.69900,1,25,16777215,1625501906,0,b981ef86,51568827136737285",卧龙凤雏,0
"194.27300,1,25,16777215,1625501866,0,2848bd9d,51568805864275975",真油你的,0
"21.05900,1,25,16777215,1625501823,0,69aa0229,51568783425798147",太油了,0
"72.90800,5,25,15138834,1625501781,0,17536d3a,51568761344884739",昏 睡 红 茶（即答）,1
"209.77200,1,25,16777215,1625501774,0,858b3953,51568757733064711",哈哈哈哈哈哈哈哈,0
"223.05900,1,25,16777215,1625501760,0,51101270,51568750310719491",笑死我了，大半夜的,0
"153.95300,1,25,16777215,1625501712,0,858b3953,51568725227208711",要被笑死了哈哈哈哈哈哈哈哈哈,0
"209.04500,1,25,16777215,1625501666,0,cac7b70a,51568700964208643",这都不上？,2
"16.57200,1,25,16777215,1625501625,0,db90c886,51568679591608323",维他滚啊,2
"159.81200,1,25,16777215,1625501623,0,9f118936,51568678394134533",o,3
"273.01900,1,25,16777215,1625501623,0,1a4985ae,51568678694027267",一个敢教，一个敢学,0
"259.04000,1,25,16777215,1625501615,0,6e25d166,51568674233384967",换了多少个头像和名字编的,2
"211.59900,1,25,16777215,1625501613,0,459190f2,51568673520877575",哈哈哈呵呵呵,0
"187.15300,1,25,16777215,1625501605,0,3e310fa2,51568669241638919",就像是卡兹,0
"257.47800,1,25,16777215,1625501596,0,43b49ebb,51568664238882823",咳咳…珍珠…珍珠卡喉咙了,1
"145.23600,1,25,16777215,1625501503,0,685a7132,51568615637385223",这里太真实了，我们平常还真聊这些,0
"112.99700,1,25,16777215,1625501499,0,ca77f617,51568613403394051",哈哈哈哈哈哈哈哈,0
"159.64700,1,25,16777215,1625501464,0,fe821c8,51568595421364229",般配,0
"146.17400,1,25,16777215,1625501464,0,56d61050,51568595414548485",如果真有男生和我聊这个我会感觉挺有意思的,0
"70.81900,1,25,16777215,1625501462,0,459190f2,51568594047729667",维维：估计问我也是一样,2
"164.01300,1,25,16777215,1625501448,0,3b3d694a,51568587003920387",般配,0
"267.39800,5,25,16777215,1625501445,0,21b11f85,51568585362374661",《黄维》,0
"95.90900,1,25,16777215,1625501433,0,f04b9d71,51568578794618885",猜疑链,2
"188.24200,5,25,16707842,1625501407,0,75ce6ef0,51568565048836101",两个寝室的人都很般配,0
"195.53700,1,25,16777215,1625501395,0,f77fbeed,51568559001698307",前方高能,0
"96.66700,5,25,16777215,1625501350,0,e7310b83,51568535395106819",一点点奶茶吗？,2
"160.50200,1,25,16777215,1625501305,0,cb1509ec,51568512003473411",这种情况建议直接表白了,2
"212.81200,1,25,16777215,1625501249,0,b4a1ebe0,51568482384871427",哈哈哈哈哈,0
"121.87900,1,25,16777215,1625501244,0,8e84b530,51568479666962437",宝？,0
"187.74000,1,25,16777215,1625501244,0,21ca1710,51568479944310791",这啥时候拍个短片啊，肯定不错,0
"211.93100,1,25,16777215,1625501207,0,24b84058,51568460387319813",哈哈哈哈哈哈,0
"101.10500,1,25,16777215,1625501174,0,42886406,51568442958938115",一点点打钱,2
"20.86700,1,25,16777215,1625501153,0,5c3c6818,51568431980871685",必拿下,0
"139.83900,1,25,16777215,1625501130,0,370a7787,51568419887120391",中东战况,1
"44.27600,1,25,16777215,1625501111,0,42886406,51568409872171013",我和你儿子的名字都想好了,0
"83.00500,1,25,16777215,1625501103,0,b4a1ebe0,51568405809463301",？？,3
"132.72700,1,25,16777215,1625501097,0,6e4a26c3,51568402847236101",笑死我了，这段子可以,0
"45.43900,1,25,16777215,1625501059,0,5fd7b7d3,51568382963089411",谈恋爱不让亲？,2
"236.90300,1,25,16707842,1625501010,0,8686587f,51568357088952323",哈哈哈哈哈哈哈哈哈哈哈哈好,0
"231.86300,1,25,15138834,1625500999,0,8686587f,51568351302385671",哈哈哈哈哈哈哈,0
"264.69900,1,25,16777215,1625500963,0,b58d082,51568332593692677",双方异次元聊天竟能得出共同的结论，哈哈,0
"50.65800,1,25,16707842,1625500934,0,4aafac8a,51568317529849861",结婚岂不是还要睡在一起,1
"121.01900,1,25,16777215,1625500909,0,c65d73e0,51568304143728643",危,3
"49.29300,1,25,16777215,1625500883,0,9b9fb8ec,51568290727198723",是不是傻，人家室友开玩笑呢,2
"214.17900,1,25,16777215,1625500799,0,bf6ac018,51568246722658307",哈哈哈哈哈哈哈哈,0
"132.59900,1,25,16777215,1625500711,0,bf6ac018,51568200472592389",间 接 恋 爱,0
"221.46000,1,25,16777215,1625500676,0,2c6157f2,51568182231040003",哈哈哈凭本事单身,0
"232.12900,1,25,16777215,1625500672,0,ab7318de,51568180113440775",卧槽我要把床笑塌了,0
"216.98800,1,25,16777215,1625500657,0,ab7318de,51568172200361991",哈哈哈哈哈哈哈哈哈哈哈哈哈哈,0
"40.14700,5,25,15138834,1625500634,0,7f167d52,51568160042123271",德莉傻学院长,0
"52.57900,1,25,16777215,1625500621,0,bf6ac018,51568153372131331",草，觉了,3
"170.63700,1,25,16777215,1625500608,0,92c7d35b,51568146587320325",太可爱了这俩，,0
"34.61900,1,25,16777215,1625500596,0,bf6ac018,51568140226134019",clannad的bgm！,0
"215.60500,1,25,16777215,1625500568,0,f34e3662,51568125170679813",哈哈哈哈哈哈哈哈哈哈哈,0
"4.67900,5,25,15138834,1625500562,0,7f167d52,51568122225229827",艾伦，你的米卡桑呢,0
"263.46900,1,25,16777215,1625500549,0,20d738a4,51568115419971589",哈哈哈哈哈哈哈哈,0
"207.07100,1,25,16777215,1625500500,0,f309306b,51568089809551367",哈哈哈哈哈,0
"158.60300,1,25,15138834,1625500491,0,3766f8dd,51568085206827015",你俩干脆直接结婚吧~~,0
"22.76400,1,25,16777215,1625500443,0,92c7d35b,51568059758936071",别听听说的，太油了，，，,2
"265.09900,1,25,16777215,1625500422,0,1dc2538e,51568048724770821",笑死,0
"185.84700,1,25,16777215,1625500414,0,67e81dc8,51568044737560579","星星亮晶晶的,像你妈在眨眼睛",0
"210.88100,1,25,16777215,1625500356,0,a0a6e5e5,51568014333575173",狗头军师联盟,0
"55.33900,1,25,16777215,1625500339,0,6492ef8b,51568005593169923",吃螺蛳粉好哇~想吃…,0
"208.35900,1,25,16777215,1625500307,0,1cda6bf6,51567988374503431",哈哈哈哈哈哈,0
"92.49900,1,25,16777215,1625500290,0,88e4bf0a,51567979787190277",阿帕茶,0
"271.68300,1,25,16707842,1625500287,0,3f7224da,51567978229006339",《带不动》,0
"124.89100,1,25,16777215,1625500275,0,a3afceea,51567971866247171",这俩能凑一对,0
"87.30400,1,25,16777215,1625500269,0,1e190f68,51567968475152387",两个天才,0
"264.72300,1,25,16707842,1625500265,0,3f7224da,51567966732943367",哈哈哈哈哈哈哈,0
"219.26100,1,25,16777215,1625500264,0,8c806799,51567965928685573",妙啊,0
"23.83000,1,25,16777215,1625500238,0,53d35748,51567952229564423",必拿下,0
"213.60300,1,25,16707842,1625500209,0,3f7224da,51567937355513863",哈哈哈哈哈哈哈哈哈哈,0
"122.90000,1,25,16777215,1625500200,0,f11b3db7,51567932607561731",一点点,0
"206.16300,1,25,16707842,1625500197,0,3f7224da,51567930627325957",哈哈哈哈哈哈哈哈哈哈，不是一家人，不进一家门,0
"82.89700,1,25,16777215,1625500178,0,1cda6bf6,51567920761798661",???,3
"204.20300,1,25,16707842,1625500177,0,3f7224da,51567920499130373",哈哈哈哈,0
"10.33900,1,25,16777215,1625500175,0,968846ad,51567919142273031",教父是吧,0
"185.98500,1,25,16777215,1625500162,0,6c1f092a,51567912717647879",我去哈哈哈哈哈哈哈,0
"185.98500,1,25,16777215,1625500155,0,6c1f092a,51567908914987011",因为我看到了你的眼睛,0
"211.09900,1,25,16777215,1625500133,0,b65df3ef,51567897484460103",哈哈哈哈，没理解成像猩猩，不错不错,0
"122.80300,1,25,16707842,1625500074,0,3f7224da,51567866203340807",跨服聊天,0
"121.16300,1,25,16707842,1625500068,0,3f7224da,51567863199694853",哈哈哈哈哈哈哈哈哈哈,0
"58.77600,1,25,16777215,1625500010,0,61132f6d,51567833058902019",还挺配,0
"11.15300,5,25,15138834,1625500002,0,30596cd3,51567828455129093",紧跟时事,0
"84.75700,1,25,16707842,1625500000,0,3f7224da,51567827781943303",癫疯对决,0
"52.08800,1,25,16777215,1625499997,0,61132f6d,51567826244206599",？？？,3
"179.47200,5,25,41194,1625499996,0,fd473831,51567825741414403",看，那颗星是李信,0
"108.09900,1,25,16777215,1625499980,0,a686ebbd,51567817166159879",《必拿下》,0
"83.91700,1,25,16777215,1625499978,0,3f7224da,51567816069873669",？？？,3
"217.32900,1,25,16777215,1625499947,0,b1f10bb3,51567799798071303",哈哈哈哈哈,0
"212.58600,1,25,16777215,1625499942,0,5b995906,51567797000994821",哈哈哈哈救命,0
"124.41000,1,25,16777215,1625499941,0,a0a6e5e5,51567796713160709",必拿下 vs 捡到宝,0
"269.82100,1,25,16777215,1625499930,0,eba6eb7d,51567790885175299",钳形攻势！,0
"57.84600,1,25,16777215,1625499924,0,16d27ba7,51567787752554501",滂臭！！,1
"102.05900,1,25,16777215,1625499908,0,9636a2fd,51567779488202759",有这样的朋友能拖单才怪,2
"207.06700,1,25,16777215,1625499897,0,13185d45,51567773793910789",哈哈哈哈,0
"139.56000,1,25,16777215,1625499897,0,36ca3a06,51567773602021379",坏了,1
"219.59600,5,25,15138834,1625499885,0,41d29566,51567767430627335",哈哈哈哈哈哈,0
"159.85200,1,25,16777215,1625499876,0,5b995906,51567762522767363",般配,0
"211.56700,5,25,15138834,1625499875,0,41d29566,51567762001625093",哈哈哈哈哈哈哈哈,0
"177.30300,1,25,16777215,1625499862,0,e6519865,51567755315380231",反客为主,2
"195.54800,5,25,15138834,1625499857,0,41d29566,51567752540848133",啊这哈哈哈哈,0
"202.76900,1,25,16777215,1625499848,0,5d4e01d,51567747848994823",哈哈哈哈哈哈哈哈哈,0
"139.40800,5,25,41194,1625499843,0,fd473831,51567745288896519",需要造一艘曲率驱动飞船,2
"191.76100,1,25,16777215,1625499833,0,5d4e01d,51567740176039939",哈哈哈哈哈笑死我了,0
"190.33800,5,25,15138834,1625499827,0,e7453e1b,51567737067536387",罗辑：？,3
"83.94000,5,25,15138834,1625499823,0,453361fe,51567734822535171",《过度解读》,2
"147.44800,1,25,16777215,1625499807,0,eba6eb7d,51567726201143301",没错，就应该聊这些淦,0
"136.09700,1,25,16777215,1625499786,0,eba6eb7d,51567715651420229",预判了你的预判,0
"267.73900,1,25,16777215,1625499784,0,7047ba62,51567714651602947",一百五十步笑百步,0
"108.38400,1,25,16777215,1625499771,0,1823b19f,51567707705311235",只能喝一点点,1
"100.14600,5,25,15138834,1625499756,0,41d29566,51567699687899139",一点点也可以doge,0
"257.26200,1,25,16777215,1625499734,0,cf6dd6c3,51567688018296837",典中典,0
"83.44500,1,25,16777215,1625499729,0,41d29566,51567685348622341",企业级理解,2
"41.25100,1,25,16777215,1625499727,0,5945c004,51567684338843655",说得好！,0
"148.22100,1,25,16777215,1625499714,0,683d8f89,51567677518381063",简而言之：吹牛,0
"221.90100,1,25,16777215,1625499710,0,3d0150d5,51567675414413319",笑死,0
"257.55200,1,25,16777215,1625499704,0,1e1b9884,51567672224120837",双方打了波团战，有烟无伤，全部拉开,0
"203.94000,1,25,16777215,1625499701,0,aeffd589,51567670891905027",像猩猩,0
"83.29900,1,25,16707842,1625499696,0,e324c991,51567668211744773",妙妙妙,0
"253.65400,1,25,16777215,1625499680,0,7757cf3f,51567659620237317",哈哈哈哈,0
"19.65900,1,25,16777215,1625499661,0,6de26ffc,51567649796128775",好恶,1
"99.88800,1,25,16777215,1625499631,0,a0a6e5e5,51567634392547335",一鸣惊人之举,0
"256.00100,1,25,16777215,1625499618,0,439b58d5,51567627410079813",给爷逗乐了,0
"208.17600,1,25,16777215,1625499607,0,3550c487,51567621464129543",哈哈哈哈哈哈哈哈哈,0
"56.89900,1,25,16777215,1625499592,0,1e1e4dc4,51567613899177989",棋逢对手将遇良才,0
"89.86400,1,25,15138834,1625499589,0,fd473831,51567612095627271",你以为单挑？其实一方刘邦正开大传来，另一方武则天开大支援,2
"245.23900,1,25,16777215,1625499584,0,8bd51ca2,51567609268142085",你再骂？,2
"22.28100,1,25,16777215,1625499571,0,683d8f89,51567602666831875",学到了就离谱,3
"111.25600,1,25,16777215,1625499556,0,d513ea47,51567594754277383",我已经开始笑了,0
"135.09900,1,25,16777215,1625499540,0,aeffd589,51567586584821765",全球变暖我们该怎样行动？,1
"64.88200,5,25,41194,1625499486,0,46428779,51567557969182725",蓝色花茶,0
"163.99000,1,25,16777215,1625499485,0,e29eb3f2,51567557551325189",？,3
"223.28800,1,25,16777215,1625499419,0,327422af,51567523049504771",hhhhhhhh,0
"110.08000,5,25,16707842,1625499410,0,a8800fac,51567518131159043",《一点点》,0
"214.05900,1,25,16777215,1625499392,0,b41c02dd,51567508792541187",卧龙凤雏,0
"207.79900,1,25,16777215,1625499382,0,b41c02dd,51567503569584131",哈哈哈哈哈哈哈哈哈哈,0
"108.64000,5,25,15138834,1625499376,0,a8800fac,51567500674990083",《一点点》,0
"242.20300,1,25,16777215,1625499349,0,d7b10e4,51567486342529027",笑死,0
"163.71900,1,25,16777215,1625499335,0,b41c02dd,51567478919135237",拿下,0
"198.15000,1,25,16777215,1625499269,0,cfd3ca5,51567444408401925",攻守互换,0
"0.38500,1,25,16777215,1625499253,0,aeffd589,51567435938004997",进击的约会,0
"208.21900,1,25,16777215,1625499233,0,9ebfa906,51567425596424199",隔着熬鹰呢？,2
"166.15900,1,25,16777215,1625499226,0,2903350e,51567421992992771",哈哈哈哈,0
"40.23900,1,25,16777215,1625499208,0,18db43f2,51567412460388359",难道谈恋爱不亲嘴吗,2
"77.47100,1,25,16777215,1625499187,0,38a37f5f,51567401287811075",你搁这打团呢,2
"108.29100,1,25,16777215,1625499117,0,e843feec,51567364423548931",一样的,0
"4.73900,1,25,16777215,1625499095,0,a5032110,51567353072189445",走什么路啊！塔塔开！！,0
"135.74700,1,25,16777215,1625499073,0,ccd4ba4f,51567341842989061",哈哈哈哈哈哈哈哈笑死了,0
"139.42600,1,25,16777215,1625499054,0,7d6e46b3,51567331551215621",男生跟我聊这个我会贼感兴趣，就只怕自己跟不上,2
"206.97000,1,25,16777215,1625499039,0,ce45c5e6,51567323776548867",你的眼睛 像星星 亮晶晶 一眼就坠入陷阱,1
"206.58800,1,25,16777215,1625499002,0,55b7e9b7,51567304319172613",噗,0
"40.66300,1,25,16777215,1625498984,0,af2c790,51567294715265029",卧槽，和我头像一样,3
"34.78200,1,25,16707842,1625498982,0,bd5833a9,51567293834461187",这不像女生群的图阿，我怀疑两个都是男生群,2
"264.95800,1,25,16777215,1625498959,0,bd7fdde5,51567281990795269",卧龙凤雏,0
"107.56900,5,25,15138834,1625498952,0,adccf5be,51567278210678787",卧龙凤雏,0
"259.77800,1,25,16777215,1625498949,0,bd7fdde5,51567276579094533",……,0
"86.41900,1,25,16777215,1625498942,0,8a579d3d,51567273145532421",？？是我不懂,2
"247.03500,1,25,16777215,1625498937,0,af6d412e,51567270058524677",出谋两个应该是一对的,0
"215.47800,1,25,16777215,1625498903,0,bd7fdde5,51567252456079367",企业级理解,2
"215.59600,1,25,16777215,1625498891,0,d2d5021d,51567246301986821",哈哈哈哈哈哈哈哈哈哈哈哈哈哈哈哈哈哈哈哈哈哈哈哈哈哈哈哈哈哈哈哈哈哈哈哈哈哈哈哈哈哈哈哈哈哈哈哈哈哈“哈哈哈哈哈哈哈哈哈哈哈哈,0
"223.62600,1,25,16777215,1625498863,0,eed51abb,51567231323078661",哈哈哈哈哈哈哈,0
"204.13900,1,25,16777215,1625498847,0,8d7d8431,51567223371202565",ok，懂了,0
"128.23100,1,25,16777215,1625498836,0,ed311545,51567217222877189",哈哈哈,0
"82.98300,1,25,16777215,1625498807,0,5573cae7,51567202021146627",？？？？,3
"0.16600,5,25,16776960,1625498795,0,e86030c3,51567195874918407",《被室友耽误的一对情侣》,0
"120.00600,1,25,16777215,1625498793,0,bd7fdde5,51567194696843269",哈哈哈哈小卖部,0
"44.14000,1,25,16777215,1625498789,0,3224c993,51567192747540549",岂不是？？？,3
"22.97900,1,25,16777215,1625498789,0,6784b965,51567192925274115",看完手相:你这是要有血光之灾啊(doge),1
"98.54600,1,25,16777215,1625498767,0,bd7fdde5,51567181104676867",喝二仙桥,0
"50.87800,1,25,16777215,1625498758,0,ed311545,51567176631451653",我有个舍友叫晓晴,0
"257.65900,1,25,16777215,1625498753,0,b3cde3a5,51567174048284679",离谱,3
"56.87900,1,25,16777215,1625498707,0,6b507b16,51567149879656453",哈哈哈,0
"52.73800,1,25,16777215,1625498701,0,7590c567,51567146620157957",是小五,2
"260.09900,1,25,16777215,1625498692,0,b3e5a0,51567141990170631",剧情真不错,0
"217.04600,1,25,16777215,1625498689,0,eeb56e66,51567140376936455",哈哈哈哈哈哈哈,0
"211.81900,1,25,16777215,1625498685,0,1d880984,51567138241511431",哈哈哈哈哈,0
"270.10600,4,25,15138834,1625498670,0,135e7cfa,51567130484146179",求表情包,1
"255.23100,1,25,16777215,1625498670,0,db8bca87,51567130424901635",我笑了,0
"201.96100,1,25,16777215,1625498669,0,eeb56e66,51567129687752709",我擦看到我心动了,0
"7.86000,1,25,16777215,1625498665,0,7232ef66,51567127735828551",必拿下！,0
"7.52100,1,25,16777215,1625498585,0,8e644bb2,51567085890306055",维他奶？,2
"263.39700,1,25,16777215,1625498584,0,fe860fd7,51567085496565763",笑死,0
"159.27000,1,25,16777215,1625498569,0,47193349,51567077237456901",？？？？？,3
"158.77900,4,25,15138834,1625498558,0,135e7cfa,51567071545262083",般配两个字果然出现在了公屏上,0
"97.66600,1,25,16777215,1625498552,0,eeb56e66,51567068231237699",哈哈哈哈哈哈哈哈哈,0
"254.03900,1,25,16777215,1625498551,0,35f77a0e,51567068104884229",就离谱,3
"23.06400,1,25,16777215,1625498534,0,b7d602da,51567059203522563",必拿下,0
"213.71700,1,25,16777215,1625498532,0,fe860fd7,51567058157043717",笑死,0
"108.39500,1,25,16777215,1625498523,0,db8bca87,51567052991234051",笑死我 一点点奶茶,0
"204.31700,1,25,16777215,1625498522,0,fe860fd7,51567052483198979",？？？？,3
"92.32500,1,25,16777215,1625498506,0,db8bca87,51567044562255875",笑死我,0
"86.85600,1,25,16777215,1625498501,0,db8bca87,51567041694400517",这就是董哥了,0
"213.03900,1,25,16777215,1625498489,0,3f2c287a,51567035474771973",哈哈哈哈哈哈哈哈哈,0
"160.17900,1,25,16777215,1625498478,0,fe860fd7,51567029584920583",笑死,0
"143.29900,1,25,16777215,1625498459,0,fe860fd7,51567019908136963",？？？,3
"59.35500,5,25,6830715,1625498458,0,c2f19969,51567019097587719",一样的,0
"252.97700,5,25,16707842,1625498428,0,fcf8ff24,51567003304984579",下  半  层,0
"218.11900,1,25,16777215,1625498389,0,730efbcf,51566982785925125",这对线有来有回,0
"36.84400,1,25,16777215,1625498376,0,e9cba9c4,51566975923519491",cl,0
"148.69900,1,25,16777215,1625498363,0,2c98b4d3,51566969473204231",叙利亚战况,1
"223.82900,1,25,16777215,1625498326,0,ad1e0a6c,51566949912018951",笑死我,0
"50.19900,1,25,16777215,1625498318,0,3f2c287a,51566945899642885",？？？,3
"228.62800,1,25,16777215,1625498307,0,ec096d43,51566940041773063",怕不是直勾勾的盯着,2
"204.78900,1,25,16777215,1625498303,0,ad1e0a6c,51566937964544005",哈哈哈哈哈哈哈哈哈哈哈哈哈哈哈哈哈哈哈哈哈哈,0
"22.57900,1,25,16777215,1625498288,0,3f2c287a,51566929828118531",？？？,3
"5.05900,1,25,16777215,1625498282,0,98d6245b,51566926798782471",6666,0
"6.58500,1,25,16777215,1625498274,0,a2300ca4,51566922873962503",花子君好评,0
"151.73200,1,25,16777215,1625498219,0,ec096d43,51566894059618311",？,3
"267.62100,1,18,16777215,1625498209,0,42034ab3,51566888860778501",找不到我,1
"78.64500,1,25,16777215,1625498205,0,1d2a518d,51566886642515973",卧龙凤雏！​,0
"88.45300,1,25,16777215,1625498201,0,3a934fd,51566884280598535",?????,3
"241.64100,5,25,15138834,1625498183,0,a05b6ab5,51566874894794755",占      便      宜,0
"2.51700,1,25,16777215,1625498174,0,a4d456a8,51566870111715331",哈哈哈哈哈哈,0
"221.39500,1,25,16777215,1625498117,0,a4d456a8,51566840226250759",哈哈哈,0
"224.83900,1,25,16777215,1625498111,0,4484c1e,51566837134000131",哈哈哈,0
"229.44300,1,25,16777215,1625498106,0,1ce7bc16,51566834666700805",已经笑傻了,0
"12.45900,1,25,16777215,1625498071,0,33260680,51566816205471747",还是不够美,0
"250.76700,1,25,16777215,1625498053,0,a564aae7,51566807029907463",门当户对我只能说,1
"229.68500,1,25,16777215,1625498032,0,a564aae7,51566795983683589",逆大天,0
"107.50300,1,25,16777215,1625498028,0,df571481,51566793786392579",哈哈哈哈哈哈必拿下，太经典的感觉来啦！,0
"154.09900,1,25,16777215,1625498020,0,75c71f4d,51566789391286279",笑死我，和我男闺蜜一模一样,0
"250.44400,1,25,16777215,1625498008,0,b1f43908,51566783439044615",顶级理解,0
"209.76900,1,25,16777215,1625498002,0,d8f60dc4,51566780028026887",哈哈,0
"192.93000,1,25,16777215,1625497951,0,b1f43908,51566753281474567",棋逢对手,0
"242.28900,5,25,15138834,1625497927,0,978eebac,51566740996882437",《腚级理解》,0
"135.95800,1,25,16777215,1625497894,0,b1f43908,51566723410690055",危,3
"4.55900,1,25,16777215,1625497876,0,df571481,51566713904300035",果子狸的味道来啦，好！,0
"115.92900,1,25,16777215,1625497872,0,b1f43908,51566712098127877",经典误会,2
"214.17700,1,25,16777215,1625497868,0,f5e634d1,51566710058123271",哈哈哈哈哈哈哈,0
"201.38300,1,25,16777215,1625497813,0,60fd94a0,51566681107464195",相配！,0
"56.97600,1,25,16777215,1625497805,0,b1f43908,51566677058912259",旗鼓相当的对手,0
"272.09900,1,25,16777215,1625497775,0,3cf945e6,51566660897210371",哈哈哈哈哈,0
"252.09900,1,25,16777215,1625497753,0,3cf945e6,51566649489227781",笑死，不同的世界,0
"244.97900,1,25,16777215,1625497739,0,3cf945e6,51566642440175621",秀秀秀,0
"212.94200,1,25,16777215,1625497695,0,92160fca,51566619189575685",就离谱,3
