"192.43600,5,25,16740868,1625220892,0,95e0ee3c,51421494727671813",《犯罪嫌疑人陈述作案过程》,2
"396.68100,5,25,16777215,1625220009,0,cad2b7d3,51421031454736391",接下来番茄就没有理由拖更了,2
"73.90700,1,25,16777215,1625219645,0,a4b5363e,51420841119318019",经典复旦专硕无宿舍,0
"92.73800,5,25,16707842,1625209888,0,b6707730,51415725277446149",王 瀚 哲,0
"174.41500,5,25,16740868,1625209556,0,3a9ea23c,51415551193907207",原来上网课还有返祖这一功能？,3
"24.25400,4,18,16777215,1625206753,0,c61bbeb0,51414081570603011",说出来你可能不信我一开始以为这是个屁,2
"268.24600,1,25,15138834,1625205415,0,5841e45f,51413380015063045",你别信他他得优秀论文奖了,2
"154.47800,5,25,41194,1625203941,0,8623d5d4,51412607637127173",《猴子开会》,0
"109.88700,5,25,16707842,1625203642,0,7057afe2,51412450494382085",《满 头 大 汉》,0
"123.29900,5,25,15138834,1625203578,0,79cfe4ae,51412417340506119",番茄酱的制作过程,0
"382.49100,1,25,16646914,1625551928,0,c45faa74,51595052625952773",毕业快乐,0
"374.61500,1,25,16777215,1625551928,0,b155c2ea,51595053074743299",毕业快乐,0
"325.97200,1,25,16777215,1625551919,0,824bfa76,51595048054161415",毕业快乐！,0
"359.85900,5,25,9599289,1625551907,0,7d9d8a06,51595041716568067",毕业快乐,0
"345.72900,1,25,16777215,1625551877,0,da41a67e,51595025848991747",毕业快乐,0
"326.50400,1,25,16777215,1625551797,0,86566dd1,51594983898087427",毕业快乐,0
"330.86700,1,25,16777215,1625551786,0,16a8435c,51594978635284485",毕业快乐呜呜呜呜呜呜呜呜呜,1
"15.69900,1,25,16777215,1625551750,0,5f909069,51594959555395589",毕业了,0
"289.33900,1,25,16777215,1625551749,0,af3c5662,51594959088779267",毕业快乐,0
"389.14200,1,25,16777215,1625551748,0,ab65db76,51594958706573319",毕业快乐,0
"170.33900,1,25,16777215,1625551744,0,21179b10,51594956635111429",好真实,0
"361.86100,5,25,16646914,1625551695,0,72522306,51594930787188743",毕业快乐,0
"377.84500,1,25,16777215,1625551680,0,8d8cbab,51594923080679431",毕业快乐11！！！1,0
"393.00600,1,25,16777215,1625551621,0,f13ec099,51594892122521603",毕业快乐！,0
"357.69400,1,25,16777215,1625551585,0,5baa25c1,51594872805654533",毕业快乐！！！！,0
"35.09900,5,25,9599289,1625551572,0,7d9d8a06,51594866124128261",毕业快乐,0
"362.76200,1,25,16646914,1625551570,0,2f8109e7,51594865380687879",毕业快乐,0
"385.55600,1,25,16777215,1625551557,0,4e5c32da,51594858432823299",毕业快乐！,0
"347.08200,1,25,16777215,1625551548,0,5fd232e5,51594853671763975",毕业快乐！,0
"382.39800,1,25,16777215,1625551541,0,8f4e68f9,51594850106605575",毕业快乐,0
"309.00600,1,25,16646914,1625551505,0,2f8109e7,51594831225421829",毕业快乐!,0
"384.77100,1,25,16777215,1625551472,0,a1ab508a,51594813809098757",突然很想努力加油   过上你的人生,0
"197.23900,1,25,16777215,1625551459,0,e4f85c55,51594806796746755",复旦破防周,2
"391.48400,1,25,16777215,1625551454,0,5ced1312,51594804145422341",毕业快乐,0
"379.97900,1,25,16777215,1625551443,0,d4ea7e78,51594798526627845",毕业快乐,0
"268.55100,1,25,16777215,1625551440,0,49c87bda,51594797009862661",好暴击啊,3
"254.10500,1,25,16777215,1625551427,0,7a76804c,51594790404882437",csdn太真实了,0
"335.09500,1,25,16777215,1625551426,0,2e309085,51594789686607879",毕业快乐,0
"305.70200,1,25,16777215,1625551385,0,2e309085,51594768061825027",太棒啦！且茄能继续跟我们一起玩耍啦,0
"356.21900,1,25,15138834,1625551367,0,85e93b8a,51594758497239045",毕业快乐,0
"318.27800,1,25,16777215,1625551254,0,fd3eab32,51594699208130565",毕业快乐切切！,0
"311.50100,1,25,16777215,1625550968,0,af7ce3a3,51594549621948421",毕业快乐,0
"355.43900,4,25,15138834,1625550953,0,8f8127f3,51594541445152775",毕业快乐！,0
"345.07000,1,25,16777215,1625550871,0,566d4176,51594498683699207",毕业快乐,0
"300.35000,1,25,15138834,1625550869,0,2cd3cfc3,51594497755709447",毕业快乐！,0
"359.76500,1,25,16646914,1625550839,0,861b17ea,51594481818402819",泪目,1
"360.97900,1,25,16777215,1625550825,0,c8497362,51594474656628743",毕业快乐！,0
"308.33400,1,25,16646914,1625550787,0,861b17ea,51594454854795267",毕业快乐,0
"347.42000,1,25,16777215,1625550769,0,a4af0526,51594445421281287",毕业快乐！,0
"401.77100,1,25,16777215,1625550758,0,5ea90be0,51594439397736455",毕业快乐,0
"25.93900,1,25,16777215,1625550725,0,5ddf346f,51594422002384903",笑死茄茄还化了妆呢,0
"325.67600,1,25,16777215,1625550694,0,20b02b1,51594406000066565",毕业快乐,0
"205.87700,1,25,16646914,1625550685,0,861b17ea,51594401121042439",猴子,0
"171.46900,1,25,16646914,1625550651,0,861b17ea,51594383084486663",花果山,0
"139.34000,1,25,16646914,1625550618,0,861b17ea,51594366251171843",额,0
"379.29600,1,25,16777215,1625550585,0,c72fa5a4,51594348663406661",毕业快乐,0
"396.74700,5,25,15138834,1625550581,0,b1c029c8,51594346536894467",前程似锦,0
"386.71800,5,25,15138834,1625550533,0,5ae19295,51594321594417157", 毕业快乐,0
"27.09000,1,25,38979,1625550528,0,9a37efa6,51594318698250247",经过两年康复患者状态良好,0
"335.07300,5,25,15138834,1625550519,0,b1c029c8,51594314190422019",你真的很好哇 要一切都快乐,0
"378.33400,1,25,16777215,1625550515,0,2af7ee0e,51594311801765893",毕业快乐,0
"379.12000,1,25,15138834,1625550514,0,5ae19295,51594311607779331",毕业快乐,0
"312.26000,5,25,15138834,1625550496,0,b1c029c8,51594302240849923",未来是你的 是老番茄的,0
"303.18400,5,25,15138834,1625550487,0,b1c029c8,51594297477693445",毕业快乐,0
"51.57200,5,25,16776960,1625550479,0,1d6a366b,51594293400829955",过得像玉犬,1
"330.77900,1,25,16777215,1625550449,0,a411c550,51594277416337415",毕业快乐,0
"301.80000,1,25,16777215,1625550438,0,9d739c46,51594271547981827",毕业快乐,0
"325.72700,1,25,16646914,1625550436,0,5e0dfd83,51594270655643655",毕业快乐，特玛头,0
"303.65500,1,25,16777215,1625550434,0,2af7ee0e,51594269604446213",毕业快乐！！,0
"345.03200,1,25,16777215,1625550433,0,4b70196b,51594268780789765",毕业快乐！,0
"31.25900,1,25,16777215,1625550432,0,2b99de5f,51594268431613959",好,0
"372.33800,1,25,9033215,1625550403,0,e7d8a32a,51594253176406023",毕业快乐,0
"177.80800,1,25,16777215,1625550399,0,8a6abe03,51594251439964165",哈哈哈哈,0
"358.66100,1,25,16777215,1625550395,0,6e776a4c,51594249286189059",毕业快乐,0
"393.97900,1,25,16777215,1625550275,0,4bf4a476,51594185926508549",毕业快乐！,0
"373.72100,1,25,16777215,1625550245,0,157e0da6,51594170493566983",毕业快乐,0
"363.71000,5,25,15138834,1625550227,0,85c8e59d,51594160879697925",毕业快乐！,0
"158.03100,5,25,15138834,1625550199,0,8806fe11,51594146280374277",哈哈哈哈哈哈哈哈哈哈哈哈哈哈好好,0
"363.85900,1,25,16777215,1625550194,0,d5677ea2,51594143911116803",毕业快乐,0
"361.60900,1,25,16777215,1625550124,0,2afbe6dc,51594106986037253",毕业快乐,0
"14.22800,1,25,16777215,1625550111,0,c43634ba,51594100306608131",时间过得好快,1
"360.25300,1,25,16777215,1625550086,0,3c131110,51594086896369671",毕业快乐,0
"331.69100,1,25,15138834,1625550025,0,5f82ef17,51594055225704455",毕业快乐！,0
"397.32600,1,25,16777215,1625549967,0,b41f9c39,51594024915042311",毕业快乐,0
"223.81400,1,25,16777215,1625549950,0,c88a1582,51594015787188227",pythen我童年的恶梦。,1
"394.40000,1,25,15138834,1625549948,0,129e29ae,51594014977687555",毕业快乐,0
"397.28800,1,25,16777215,1625549932,0,8d0b4d7c,51594006236758019",毕业快乐,0
"375.52900,1,25,16777215,1625549903,0,61a60823,51593991086931975",毕业快乐,0
"391.81600,1,25,16777215,1625549830,0,a8c03bbb,51593952809713669",毕业快乐！！,0
"311.57900,1,25,16777215,1625549815,0,16f863d6,51593945081708549",毕业快乐！,0
"390.05800,1,25,16777215,1625549785,0,247a8fa9,51593929509830663",毕业快乐！！！！！！！！！,0
"334.74600,1,25,16777215,1625549760,0,e980eef1,51593916025667591",毕业快乐,0
"364.43500,1,25,16777215,1625549688,0,15a00857,51593878430547975",毕业快乐,0
"307.71000,1,25,15138834,1625549668,0,9f83001,51593867749752837",毕业快乐,0
"359.46500,1,25,16777215,1625549663,0,e20880d2,51593865215344645",毕业快乐 前程似锦！,0
"286.03600,1,25,15138834,1625549640,0,9f83001,51593853220683783",泪目,1
"363.15300,1,25,16777215,1625549609,0,a77f87c0,51593836812042245",毕业快乐,0
"368.27900,1,25,16777215,1625549593,0,a1a0529d,51593828380442629",毕业快乐！,0
"27.24000,1,25,16777215,1625549481,0,42cab2ea,51593769682206727",有点像易烊千玺,0
"386.41900,5,25,15138834,1625549467,0,139bf369,51593762572337155",毕业快乐,0
"386.41900,5,25,15138834,1625549459,0,139bf369,51593758395334661",毕业快乐,0
"375.10700,1,25,16777215,1625549451,0,c964a407,51593754414415875",毕业快乐,0
"378.29900,5,25,15138834,1625549445,0,139bf369,51593750791585797",毕业快乐,0
"354.40900,1,25,16777215,1625549429,0,60365b4a,51593742816116741",毕业快乐！,0
"388.93700,1,25,16777215,1625549330,0,6da4b4e6,51593690557186051",毕业快乐,0
"378.09700,1,25,16777215,1625549314,0,6da4b4e6,51593682503073799",毕业快乐,0
"346.00800,1,25,16777215,1625549265,0,9d382d4e,51593656925159427",毕业快乐,0
"393.61900,1,25,15138834,1625549205,0,9b445ecf,51593625433276421",毕业快乐 毕业快乐 毕业快乐,0
"396.33000,1,25,15138834,1625549179,0,3dda1f44,51593611772952579",毕业快乐,0
"401.48600,1,25,16777215,1625549122,0,369a47e0,51593581612761095",毕业快乐,0
"399.24200,1,25,16777215,1625549108,0,c9e98134,51593574170492931",毕业快乐,0
"392.12700,1,25,16777215,1625548987,0,5e1b95c,51593511153172483",毕业快乐！,0
"402.30200,1,25,16777215,1625548983,0,48538f6d,51593508659658755",毕业快乐,0
"64.17500,1,25,16777215,1625548882,0,dfcc9749,51593455952986119",原来是你！破案了,3
"357.86500,1,25,16777215,1625548838,0,f39edf32,51593433002278917",毕业快乐,0
"365.99300,1,25,16777215,1625548804,0,8f4b5e05,51593415005044739",毕业快乐,0
"369.29900,1,25,16777215,1625548796,0,feb39a22,51593410973794307",毕业快乐,0
"329.21700,1,25,16777215,1625548777,0,5cbb09ab,51593400586076165",毕业快乐！,0
"368.02000,1,25,16777215,1625548710,0,c7b4d431,51593365680029699",毕业快乐！,0
"395.95900,1,25,16777215,1625548687,0,f29f7bc0,51593353769779203",毕业快乐,0
"118.84600,1,25,16777215,1625548660,0,fcc4ebe0,51593339501281287",全都戴眼镜,3
"322.79100,1,25,16777215,1625548654,0,13739f16,51593336174673927",毕业快乐！,0
"391.91100,1,25,16777215,1625548639,0,dda7acd1,51593328417832967",毕业快乐,0
"137.17900,1,25,16777215,1625548635,0,6243d244,51593326391984135",猝不及防,3
"355.98800,1,25,16777215,1625548608,0,d188bc67,51593311979307011",毕业快乐,0
"178.88500,1,25,16777215,1625548572,0,8f4b5e05,51593293303119875",嘿嘿,0
"149.70300,1,25,16777215,1625548543,0,8f4b5e05,51593277994958851",升华主题,0
"390.81900,1,25,16777215,1625548485,0,200e36a,51593247800688645",毕业快乐！,0
"397.01100,1,25,14811775,1625548441,0,a3afdb97,51593224454668293",毕业快乐,0
"348.19700,1,25,16777215,1625548440,0,96e869c7,51593224015839237",毕业快乐w！！,0
"0.00000,5,25,15138834,1625548365,0,acdbfcbc,51593184672219139",365个视频纪念,0
"396.49400,1,25,15138834,1625548349,0,7561775c,51593176556765187",毕业快乐,0
"176.01900,1,25,16777215,1625548260,0,200e36a,51593129798664199",哈哈哈哈哈,0
"92.00300,4,25,16776960,1625548217,0,33269cba,51593107141558279",这样的小偷给我来一打,2
"47.31900,1,25,16777215,1625548180,0,bae26908,51593087954714629",毕业快乐,0
"312.61000,1,25,15138834,1625548163,0,61755ff5,51593078931718151",切切毕业快乐！,0
"202.06900,1,25,16777215,1625548149,0,1796dd55,51593071536111619",翟天临你睡了吗,2
"387.05800,1,25,16777215,1625548111,0,af97e00,51593051741618181",毕业快乐啊,0
"389.89800,1,25,16777215,1625548087,0,a28605c3,51593039104704517",前程似锦,0
"177.61900,1,25,16777215,1625548078,0,244161ae,51593034571710469",哈哈哈哈哈哈哈,0
"382.45800,1,25,16777215,1625548077,0,a28605c3,51593034014392325",毕业快乐,0
"0.59900,1,25,41194,1625548059,0,d1f44774,51593024244809731",反复毕业,0
"305.82200,1,25,16777215,1625548057,0,336b2cd3,51593023189942277",毕业快乐、,0
"171.61900,1,25,16777215,1625548030,0,9ff72469,51593009090265095",嘿嘿,0
"363.19700,1,25,16777215,1625547996,0,b9718312,51592991219908611",毕业快乐,0
"28.23200,1,25,16777215,1625547967,0,d16f6c43,51592976354770951",哈哈哈哈哈哈哈哈哈哈哈哈哈,0
"383.44600,1,25,16777215,1625547936,0,d05a9e92,51592959971295239",毕业快乐,0
"314.78900,5,18,16777215,1625547919,0,6bc14043,51592951075700739",毕业快乐！,0
"310.22900,1,25,16777215,1625547905,0,6bc14043,51592943381250051",毕业快乐！,0
"309.24900,1,25,16777215,1625547900,0,6bc14043,51592940907134981",毕业快乐！,0
"400.49900,1,25,16777215,1625547857,0,8e878923,51592918528426051",毕业快乐,0
"366.64600,1,25,15138834,1625547833,0,1399f0a6,51592905933979651",毕业快乐,0
"368.73600,1,25,16777215,1625547831,0,1207ec28,51592904672018437",毕业快乐,0
"393.30700,1,25,16777215,1625547772,0,11cd6d8,51592874158456835",毕业快乐,0
"333.64200,1,25,16777215,1625547692,0,29e23377,51592832136773635",‘毕业快乐,0
"17.05600,1,25,16777215,1625547689,0,cade0536,51592830481072135",我求你读个博吧,1
"37.03100,1,25,16777215,1625547678,0,cd933e8,51592824701321223",哈哈哈哈哈哈,0
"388.60600,1,25,16777215,1625547675,0,b3685d89,51592822999482375",毕业快乐,0
"356.16100,1,25,16777215,1625547605,0,ab5bb13a,51592786552029187",毕业快乐,0
"23.27300,1,25,16777215,1625547551,0,81e9c7fa,51592757898117127",毕业快乐,0
"2.28000,5,25,16646914,1625547537,0,8750afbe,51592750729527303",下午考试，来沾沾喜气,0
"399.97600,1,25,15138834,1625547517,0,1832308f,51592740301963269",毕业快乐,0
"364.42300,1,25,16777215,1625547441,0,9a0ec6d5,51592700228009991",毕业快乐,0
"11.83900,1,25,15138834,1625547407,0,9b36c1af,51592682766598147",毕业快乐茄茄！！！,0
"355.99400,1,25,16777215,1625547382,0,d62f26fb,51592669509976067",毕业快乐,0
"367.73200,1,25,16777215,1625547327,0,8021ee,51592640745963523",毕业快乐,0
"396.26600,1,25,15138834,1625547237,0,c1870f67,51592593535401989",毕业快乐,0
"7.45200,1,25,16777215,1625547212,0,a91eef59,51592580189126659",哇哦哦哦,0
"370.94000,1,25,16777215,1625547207,0,d8045b50,51592577843462151",毕业快乐,0
"355.15400,1,25,16777215,1625547173,0,b522dae1,51592560080060423",毕业快乐,0
"228.26900,1,25,16707842,1625547139,0,95f9b48e,51592541985308679",，猝不及防,3
"341.45900,1,25,16777215,1625547129,0,aef8d0b7,51592536908103685",毕业快乐,0
"370.11000,1,25,16777215,1625547114,0,9dc56075,51592528941023235",毕业快乐,0
"367.44100,1,25,16777215,1625547103,0,9dc56075,51592523238866947",两年了 好快啊,1
"302.26800,1,25,15138834,1625547083,0,4e30b14c,51592512493584389",毕业快乐!,0
"399.73300,1,25,16777215,1625547082,0,a86d24a1,51592512213614595",毕业快乐,0
"356.21800,1,25,16777215,1625547079,0,f57be51f,51592510649139207",毕业快乐！,0
"381.48600,1,25,16646914,1625547056,0,3ef275f1,51592498455773189",毕业快乐,0
"59.45400,1,25,16777215,1625547040,0,27fbf984,51592490309386245",就这还复旦的呢,2
"300.83900,1,25,16777215,1625546974,0,ad732943,51592455692746759",毕业快乐,0
"31.85900,1,25,16777215,1625546972,0,1887e960,51592454530924549",哇  好厉害的发言啊  爱了爱了,0
"395.82600,1,25,16777215,1625546937,0,4522f336,51592436270497799",毕业快乐！,0
"397.65900,1,25,16777215,1625546912,0,3f4f88d2,51592422836666375",毕业快乐,0
"374.76600,1,25,15138834,1625546879,0,2fdd8015,51592405884862471",毕业快乐,0
"331.96200,1,25,16777215,1625546765,0,8d95a690,51592345746931719",毕业快乐,0
"384.09100,1,25,15138834,1625546658,0,194654ea,51592289754021891",毕业快乐！,0
"398.63300,1,25,16777215,1625546646,0,1f24933a,51592283446312963",毕业快乐,0
"390.96600,1,25,16777215,1625546630,0,1f24933a,51592275225477125",毕业快乐！,0
"337.51100,1,25,16777215,1625546624,0,48b11e3,51592272178315267",毕业快乐！,0
"126.21900,1,25,16777215,1625546617,0,6b15e52c,51592268198445061",老罗！,0
"355.77200,1,25,16777215,1625546607,0,87bd9207,51592263264370691",毕业快乐,0
"400.94700,5,25,15138834,1625546599,0,b8c148da,51592259071115267",复旦之光,0
"322.31300,1,25,16777215,1625546572,0,4b73dde8,51592244708769799",毕业快乐！,0
"397.49900,1,25,15138834,1625546470,0,513bba54,51592191259705351",毕业快乐,0
"365.42800,1,25,16777215,1625546463,0,f4563f40,51592187714994181",毕业快乐,0
"337.00800,1,25,16777215,1625546424,0,5d3d51fe,51592167010861061",毕业快来,0
"342.25900,1,25,16777215,1625546396,0,698673da,51592152457150471",毕业快乐！,0
"313.93900,1,25,16777215,1625546377,0,513bba54,51592142565408773",毕业快乐,0
"380.69900,1,25,16777215,1625546375,0,6480be12,51592141234765829",毕业快乐啊！！！,0
"354.20000,1,25,16777215,1625546361,0,ec54d39c,51592134217170949",毕业快乐,0
"367.62600,1,25,16777215,1625546359,0,1ee69cfb,51592133097291783",毕业快乐,0
"365.20400,1,25,16777215,1625546307,0,fe511b99,51592106087546883",毕业快乐！,0
"7.39900,1,25,16777215,1625546261,0,94c97b7f,51592081539858435",好耶,0
"378.04600,1,25,16777215,1625546252,0,aacce67b,51592076911443973",毕业快乐,0
"365.43600,1,25,16777215,1625546242,0,531c4ffd,51592071934377989",前程似锦,0
"367.69400,1,25,16777215,1625546231,0,afccee37,51592066110586883",毕业快乐,0
"300.17000,1,25,16777215,1625546229,0,a5e7edf7,51592064688193541",毕业快乐,0
"401.24900,1,25,16777215,1625546225,0,46e3cf0e,51592062850564101",毕业快乐,0
"32.56600,1,25,16777215,1625546187,0,5b67470f,51592042680156165",断眉啊,1
"326.47900,1,25,16777215,1625546177,0,c4a69b62,51592037495472131",毕业快乐！,0
"367.16600,1,25,16777215,1625546167,0,592488ea,51592032183910405",毕业快乐！,0
"398.57800,5,25,41194,1625546126,0,2a1e8ea,51592011123261447",毕业 快乐,0
"320.89300,1,25,16777215,1625546104,0,c56ae485,51591999567429639",毕业快乐,0
"358.75300,1,25,16777215,1625546101,0,38f42aeb,51591997808443399",毕业快乐,0
"348.34200,1,25,16777215,1625546088,0,643bc215,51591991231250435",毕业快乐,0
"393.32600,1,25,15138834,1625546070,0,86127d1e,51591981702316037",毕业快乐,0
"346.65700,1,25,16777215,1625546024,0,bccdcf15,51591957422538757",毕业快乐,0
"401.98000,1,25,16777215,1625546022,0,e64d8642,51591956464664579",B、毕业快乐,0
"385.93900,1,25,16777215,1625546003,0,65f89d93,51591946322313221",毕业快乐,0
"297.78900,5,25,15138834,1625545994,0,6592835e,51591941470027783",毕业快乐！做自己就好！,0
"368.85300,1,25,15138834,1625545963,0,f59b8f62,51591925432057863",毕业快乐！,0
"362.70700,1,25,16777215,1625545949,0,4a2cb6fa,51591918276575239",毕业快乐！,0
"357.57900,1,25,16777215,1625545941,0,75e09ac6,51591913949102087",毕业快乐,0
"309.35900,1,25,16777215,1625545891,0,1fe4e96b,51591887776645189",毕业快乐！,0
"351.61900,1,25,15138834,1625545887,0,4b209027,51591885526401027",毕业快乐！,0
"360.36400,1,25,16777215,1625545867,0,7584b603,51591875279192067",读个博,0
"385.08700,1,25,16777215,1625545862,0,2c6f35f0,51591872545554437",毕业快乐,0
"9.89900,1,25,16777215,1625545855,0,6bf59243,51591868964143111",毕业快乐,0
"399.12000,1,25,16777215,1625545854,0,d6f0d02,51591868404203525",毕业快乐！！！,0
"347.55400,1,25,16777215,1625545851,0,e48a347,51591866595409925",毕业快乐,0
"355.75900,1,25,16777215,1625545817,0,7e20a506,51591848738160647",毕业快乐,0
"375.05900,1,25,16777215,1625545801,0,5bcd7143,51591840367902723",毕业快乐,0
"246.34200,1,25,16646914,1625545792,0,70f220f8,51591835840151555",学会了，隔壁论文也写好了,0
"304.77900,1,25,16777215,1625545771,0,4cadaa95,51591824949641223",老番茄毕业快乐！！,0
"350.77200,1,25,16777215,1625545745,0,334ba5d6,51591811102670851",毕业快乐,0
"32.09900,1,25,15138834,1625545596,0,aad2e7b3,51591732887814151",来个番茄精翻译一下,0
"358.86600,1,25,16777215,1625545588,0,6b6e1998,51591728911613959",毕业快乐,0
"353.30800,1,25,15138834,1625545504,0,8e5900e9,51591684754505731",毕业快乐！！,0
"389.15100,1,25,16777215,1625545499,0,88455ce4,51591681990459399",感人.jpg,1
"261.47300,1,25,16777215,1625545475,0,e7b39ab2,51591669476753411",太真实了,3
"375.17900,1,25,16777215,1625545473,0,1d446a0e,51591668749041669",毕业快乐,0
"34.19500,1,25,16777215,1625545472,0,f7cbb3a9,51591667897597957",c,3
"344.62200,1,25,16777215,1625545454,0,88455ce4,51591658668032005",茄茄毕业快乐,0
"383.42300,1,25,16777215,1625545451,0,c5fe6ba6,51591657054273541",毕业快乐！,0
"371.93900,1,25,16777215,1625545450,0,1d446a0e,51591656295628805",毕业快乐,0
"397.54500,1,25,16777215,1625545448,0,a31e66c2,51591655718912003",毕业快乐,0
"342.40300,1,25,16777215,1625545404,0,c5fe6ba6,51591632529129477",毕业快乐！,0
"363.50000,1,25,16777215,1625545388,0,f9315c4d,51591624158347269",毕业啦,0
"161.07700,1,25,16777215,1625545374,0,e7b39ab2,51591616829325317",哈哈哈哈,0
"7.85900,1,25,16777215,1625545351,0,142158d9,51591604411564039",毕业快乐,0
"36.87000,1,25,16777215,1625545250,0,e7b39ab2,51591551633063939",哈哈哈哈,0
"36.67300,1,25,16777215,1625545243,0,5ed80ef3,51591548137111555",说得好哇！,0
"389.37200,1,25,16777215,1625545194,0,d3d71047,51591522458009605",毕业快乐！,0
"28.89900,1,25,16777215,1625545186,0,de6c15f4,51591518167760899",哈哈哈哈哈哈哈哈,0
"368.76600,1,25,16777215,1625545174,0,3a5a73a1,51591511566450695",毕业快乐！,0
"362.23300,1,25,15138834,1625545153,0,d3579810,51591500802293767",毕业快乐,0
"119.95100,1,25,16777215,1625545141,0,eb4e370b,51591494510837767", 有个很像大司马,0
"305.29700,1,25,16777215,1625545130,0,65a44362,51591488609976325",毕业快乐,0
"134.23700,1,25,16777215,1625545130,0,5cd7267c,51591488656113669",杰哥不要啦,0
"28.53900,1,25,16777215,1625545128,0,a5a6f179,51591487440814087",毕业三次了,0
"306.65900,1,25,15138834,1625545128,0,cc6a9bab,51591487675170821",毕业快乐切切！,0
"360.01900,1,25,16777215,1625545118,0,73f0eb68,51591482517225475",毕业快乐,0
"390.58300,1,25,16777215,1625545077,0,b83f527a,51591460879859715",毕业快乐！,0
"36.19900,1,25,16777215,1625545036,0,318f23dc,51591439314321411",哈哈哈哈,0
"50.01100,1,25,16777215,1625545002,0,3719f320,51591421478567939",曾经一哥,0
"378.26800,1,25,16777215,1625544996,0,7fb6948,51591418239516677",毕业快乐,0
"369.82700,1,25,16777215,1625544987,0,7fb6948,51591413826584581",毕业快乐,0
"387.24500,1,25,16777215,1625544980,0,e422910e,51591410228396039",毕业快乐,0
"305.36100,1,25,16777215,1625544923,0,7fb6948,51591380033601543",毕业快乐,0
"16.78000,1,25,16777215,1625544797,0,3a5a73a1,51591313925079107",保佑我上温州肯恩吧！,0
"29.29900,1,25,16777215,1625544796,0,d3579810,51591313889427461",毕业快乐！,0
"379.09900,1,25,16777215,1625544757,0,1cb412ca,51591293029056519",毕业快乐,0
"376.75600,1,25,16777215,1625544750,0,4ded9341,51591289502171139",毕业快乐！,0
"356.57900,1,25,16777215,1625544578,0,71028949,51591199258574851",毕业快乐！！,0
"318.39900,1,25,16777215,1625544554,0,33644dd2,51591186811453443",毕业快乐,0
"391.88600,1,25,16777215,1625544505,0,e78a06a1,51591160864964615",毕业快乐,0
"322.44600,1,25,16777215,1625544505,0,dffea896,51591161280724999",毕业快乐！！！,0
"322.79900,1,25,16777215,1625544482,0,b50632d2,51591149076348933",番茄牛逼，给我点赞,0
"397.06200,5,25,15138834,1625544481,0,56c2b8dd,51591148681035779",毕业快乐,0
"398.27000,1,25,16777215,1625544469,0,d05bb463,51591142206603271",毕业快乐,0
"322.67900,1,25,16707842,1625544468,0,d570c143,51591141577981957",同感，小壆毕业了，期末考试才是最难过的关,1
"367.30200,5,25,15138834,1625544444,0,56c2b8dd,51591128932679685",毕业快乐,0
"364.62200,5,25,15138834,1625544438,0,56c2b8dd,51591125730852869",毕业快乐,0
"393.13400,1,25,16777215,1625544333,0,547fe5ed,51591071078547461",毕业快乐,0
"371.83900,1,25,15138834,1625544279,0,67dd94a9,51591042758606855",毕业快乐,0
"308.36500,1,25,16777215,1625544255,0,28d2eeac,51591029939240963",切切毕业快乐，感动你这两年带给我的快乐,0
"371.53800,1,25,16777215,1625544206,0,15b22a19,51591004461989895",毕业快乐！,0
"31.85900,1,25,16777215,1625544077,0,d570c143,51590936481234951",我…,1
"383.10900,1,25,16646914,1625544033,0,8d0756f0,51590913696727043",毕业快乐,0
"320.11300,1,25,16777215,1625543922,0,4c3a8af8,51590855566819331",毕业快乐,0
"402.30200,1,25,16777215,1625543917,0,da81df86,51590853029789703",毕业快乐,0
"400.24400,1,25,16777215,1625543852,0,727c4bbe,51590818580922373",毕业快乐！,0
"329.37900,1,25,16777215,1625543841,0,3e0dd160,51590813049159687",毕业快乐,0
"393.59900,1,25,16777215,1625543804,0,16c5ac19,51590793282453507",毕业快乐,0
"292.10200,1,25,16777215,1625543785,0,fe248409,51590783528599559",毕业快乐,0
"369.51900,1,25,16777215,1625543683,0,f6aff7a7,51590729929064453",毕业快乐,0
"309.25100,1,25,16777215,1625543608,0,7b4623cb,51590691008544771",毕业快乐,0
"30.80900,1,25,16777215,1625543599,0,f3428482,51590686276845575",说了但没完全说,2
"52.54200,1,25,16777215,1625543597,0,5aaf010d,51590685203628035",玉犬,0
"12.69100,1,25,16777215,1625543504,0,e7b6a54b,51590636454805509",毕业快乐！,0
"374.91200,1,25,16777215,1625543493,0,b8c0bbbc,51590630488932359",毕业快乐！,0
"387.83100,1,25,16777215,1625543486,0,c7303c85,51590627024437253",毕业快乐,0
"355.24500,1,25,16777215,1625543452,0,c7303c85,51590609169285123",毕业快乐！！！,0
"337.17400,1,25,16777215,1625543318,0,3b52fc73,51590538553458695",毕业快乐,0
"1.89900,1,25,16777215,1625543254,0,d2af8813,51590504961802245",B站二哥好,0
"359.09000,1,25,15138834,1625543206,0,67890f71,51590479973711875",毕业快乐,0
"299.75300,1,25,16646914,1625543173,0,3b45d107,51590462595137539",毕业快乐！！,0
"369.05900,4,25,15138834,1625543160,0,4a562187,51590455884775429",毕业快乐！,0
"332.43900,1,25,16777215,1625543157,0,bc2644e1,51590454382166019",毕业快乐,0
"395.81900,1,25,16777215,1625543051,0,a45601c6,51590398738956295",毕业快乐！,0
"345.71600,1,25,16777215,1625543012,0,60cd8ad0,51590378187390983",毕业快乐！！！,0
"402.30200,1,25,16777215,1625543006,0,76b01611,51590374866026501",赴日大学招租了,0
"385.61700,1,25,16777215,1625542910,0,f6548d73,51590325023014919",毕业快乐,0
"395.32600,1,25,16777215,1625542905,0,b17990bd,51590322129993731",毕业快乐,0
"375.87000,1,25,16777215,1625542858,0,3371755a,51590297583353861",毕业快乐,0
"9.45200,1,25,16777215,1625542844,0,3b45d107,51590290385403911",热乎的,0
"349.84400,1,25,16777215,1625542826,0,3371755a,51590281035776003",毕业快乐！！！,0
"360.78800,1,25,16777215,1625542716,0,d08322a2,51590223332638725",毕业快乐,0
"360.50700,1,25,16777215,1625542695,0,2caa4240,51590211915743237",毕业快乐啊,0
"28.05300,1,25,16777215,1625542694,0,60cd8ad0,51590211665133575",说了但没完全说,2
"31.99100,1,25,16777215,1625542694,0,5f46dc31,51590211686629383",哈哈哈,0
"390.12100,1,25,16777215,1625542679,0,58384920,51590203810250759",毕业快乐,0
"397.81900,1,25,16777215,1625542663,0,1478a9a8,51590195162120195",祝前程似锦,0
"374.78000,1,25,16777215,1625542634,0,5f46dc31,51590180083073029",茄茄毕业快乐,0
"356.18200,1,25,16777215,1625542615,0,5f46dc31,51590170242187269",茄茄,0
"347.33900,1,25,16777215,1625542606,0,5f46dc31,51590165660434435",毕业快乐,0
"393.52100,1,25,16777215,1625542565,0,37e64380,51590144000000069",毕业快乐,0
"25.75000,1,25,16777215,1625542553,0,4c48befb,51590137484148741",哈哈哈哈,0
"394.43900,1,25,16777215,1625542515,0,4ffdc4f,51590117665538053",毕业快乐！,0
"397.10300,5,25,15138834,1625542496,0,295a13e0,51590107952578565",毕业快乐,0
"220.46700,1,25,16777215,1625542486,0,729b591c,51590102387785735",？？？,3
"388.04200,1,25,16777215,1625542456,0,509c4e15,51590086996262917",毕业快乐！！,0
"386.22100,1,25,16777215,1625542428,0,38842fa,51590072036229127", 毕业快乐,0
"377.68800,1,25,16646914,1625542365,0,b47e0c30,51590039206887429",毕业快乐,0
"94.37500,1,25,16777215,1625542360,0,729b591c,51590036270874629",？？？？？,3
"310.84500,1,25,16777215,1625542358,0,b7cdc476,51590035480248323",毕业快乐——,0
"332.70100,1,25,16777215,1625542332,0,f74f0422,51590021621219335",毕业快乐,0
"367.40600,1,25,15138834,1625542320,0,e8cbf16,51590015574605829",毕业快乐,0
"401.60000,1,25,15138834,1625542314,0,16b10ba,51590012532162563",毕业快乐,0
"368.37900,1,25,16777215,1625542252,0,2d0a80f1,51589980072968197",毕业快乐,0
"26.78100,1,25,16777215,1625542178,0,e080a0ec,51589940874051587",笑死我了,0
"348.57800,1,25,16777215,1625542166,0,5840c513,51589934709473287",毕业快乐！！！！！,0
"393.19900,1,25,16777215,1625541947,0,199b8af6,51589819987918851",毕业快乐！！！！,0
"321.87900,1,25,16777215,1625541864,0,9ebf9664,51589776443179013",毕业快乐,0
"299.13000,1,25,16777215,1625541751,0,fecee5ec,51589717126807559",毕业快乐！,0
"324.34500,1,25,16777215,1625541741,0,d12a8447,51589712114614277",毕业快乐,0
"328.51900,1,25,16777215,1625541731,0,cbe0bea8,51589706944610307",毕业快乐！,0
"370.15000,1,25,16777215,1625541701,0,37fee449,51589691019886597",毕业快乐,0
"369.72500,1,25,16777215,1625541636,0,7755cfe7,51589656755568647",毕业快乐,0
"377.63800,1,25,16777215,1625541631,0,3faa406d,51589654064922629",毕业快乐,0
"19.26700,1,25,16777215,1625541625,0,537c6023,51589651174522885",芜湖,2
"368.65100,1,25,16777215,1625541551,0,5cffe843,51589612425969671",毕业快乐,0
"16.95400,1,25,16777215,1625541343,0,37fee449,51589503064211459",毕业快乐！,0
"310.15900,1,25,16777215,1625541296,0,cd2dee2f,51589478704742407",毕业快乐,0
"329.08400,1,25,16646914,1625541266,0,1d12ff0a,51589462874390533",毕业快乐！,0
"315.57400,5,25,15138834,1625541252,0,4017d89b,51589455723626499",毕业快乐！,0
"18.47900,1,25,16777215,1625541104,0,f781678e,51589377972240389",一哥之易主,0
"396.98900,4,25,15138834,1625541020,0,327b5162,51589333936766981",毕业快乐！！！！！！！！,0
"359.01500,1,25,16777215,1625540984,0,25e54f47,51589315071836165",毕业快乐,0
"371.55400,1,25,16777215,1625540947,0,9310440e,51589295580381191",毕业快乐,0
"356.96000,1,25,16777215,1625540928,0,9310440e,51589285697552389",毕业快乐,0
"385.59800,1,25,16777215,1625540818,0,46281c21,51589228185255939",毕业快乐,0
"392.35900,1,25,14811775,1625540811,0,30b6fe50,51589224533065735",毕业快乐,0
"377.55800,1,25,16777215,1625540784,0,e226baab,51589210307559427",快乐,0
"327.99700,1,25,16777215,1625540761,0,46281c21,51589197985742851",毕业快乐！！,0
"224.07500,1,25,16777215,1625540724,0,d3f9b437,51589178790510595",太差？,2
"204.87200,1,25,16777215,1625540705,0,d3f9b437,51589168753016837",医学奇迹,0
"221.39800,1,25,16777215,1625540654,0,46281c21,51589142112370693",《英语太差》,1
"337.56700,1,25,16777215,1625540636,0,b83e5e6c,51589132700352515",毕业快乐,0
"381.41700,1,25,15138834,1625540576,0,c84d8610,51589101354745923",毕业快乐,0
"36.60000,1,25,16777215,1625540526,0,d3f9b437,51589074986729479",哈哈哈哈哈哈哈哈哈哈哈哈哈哈哈,0
"372.68000,1,25,16777215,1625540482,0,46098263,51589051969961991",毕业快乐,0
"37.01900,1,25,16777215,1625540470,0,46281c21,51589045431566339",医 学 奇 迹,2
"168.14700,1,25,16777215,1625540406,0,23bee124,51589012031799303",西南交通大学,0
"26.89900,1,25,16777215,1625540393,0,171c9aaf,51589005126926339",医学奇迹,0
"20.87900,1,25,16777215,1625540356,0,409d16b4,51588985623412741",哈哈哈哈哈哈哈哈哈哈,0
"241.94900,1,25,16777215,1625540291,0,eea24f9c,51588951492788231",direction,1
"372.33900,1,25,16777215,1625540116,0,d0483901,51588860000862213",毕业快乐,0
"301.81900,1,25,15138834,1625540059,0,c6fcf0b8,51588830204526599",毕业快乐，臭宝,0
"174.86200,1,25,16777215,1625540053,0,a7832cbd,51588826823393285",救命我为什么要跟着一起嘿嘿,3
"0.26900,5,25,16646914,1625539980,0,add0d32e,51588788773715973",old tomato 毕业快乐！！！！！！！！！！！！！！！！！！！！！！,0
"125.81400,1,25,16777215,1625539980,0,abdb2fba,51588788899545091",人的悲欢并不相通,1
"288.59300,1,25,16777215,1625539854,0,7e64ea08,51588722347474951",毕业快乐,0
"201.57100,5,25,16777215,1625539733,0,add0d32e,51588659188072455",R.P.K,0
"294.15400,1,25,16777215,1625539631,0,bf2a2821,51588605752639495",毕业快乐,0
"379.58100,1,25,16777215,1625539562,0,91e5df5a,51588569697878019",毕业快乐,0
"381.65900,1,25,16777215,1625539481,0,1a1fdea8,51588527020310535",毕业快乐,0
"368.67000,1,25,16777215,1625539430,0,289ea2a3,51588500231815173",毕业快乐!,0
"379.56700,1,25,16777215,1625539408,0,f1ee8b9f,51588488832745479",毕业快乐,0
"399.93900,1,25,16777215,1625539233,0,ab5b4d77,51588396925583365",毕业快乐,0
"372.07600,1,25,16777215,1625539229,0,f0df2a3c,51588394747691011",毕业快乐,0
"45.51600,1,25,16646914,1625539197,0,b7b740a7,51588378169180167",恭喜,0
"400.63900,1,25,15138834,1625539137,0,b818c01c,51588346556186631",毕业快乐！！！,0
"329.31700,1,25,16777215,1625539106,0,49da6b64,51588330179002375",毕业快乐！,0
"391.90500,1,25,16777215,1625539003,0,b0eef7bd,51588276413267971",毕业快乐,0
"365.74800,1,25,15138834,1625538984,0,98d5cfca,51588266509467651",毕业快乐,0
"389.39900,1,25,16777215,1625538797,0,3542797a,51588168559886341",毕业快乐、,0
"358.75000,1,25,16777215,1625538777,0,c2a197af,51588157899014149",毕业快乐！,0
"372.79700,1,25,15138834,1625538763,0,19595d9c,51588150502883335",毕业快乐,0
"352.08400,1,25,16777215,1625538760,0,3542797a,51588148922679299",毕业快乐,0
"20.57400,1,25,15138834,1625538703,0,e554812,51588119301455875",毕业快乐,0
"346.50900,1,25,16777215,1625538680,0,9b31d379,51588106939793411",毕业快乐呀！！！,0
"380.70700,1,25,16777215,1625538619,0,dfd5eaa1,51588074987061253",毕业快乐,0
"353.08100,1,25,16777215,1625538618,0,1342d81,51588074371547141",毕业快乐,0
"368.52000,1,25,16777215,1625538448,0,a395ed57,51587985652056071",毕业快乐,0
"397.39400,1,25,16777215,1625538242,0,23d5862,51587877505073159",毕业快乐！,0
"397.59700,1,25,16646914,1625538189,0,ce00dcd4,51587849778626565",毕业快乐,0
"343.43400,1,25,16777215,1625538179,0,23d5862,51587844271505411",毕业快乐！,0
"340.99000,1,25,16777215,1625538151,0,e94a46aa,51587829978365959",毕业快乐,0
"332.17100,1,25,16777215,1625538133,0,e4bff55b,51587820065128455",毕业快乐,0
"359.09700,1,25,16777215,1625538117,0,388a9b,51587812064493571",毕业快乐,0
"368.53500,1,25,16777215,1625538077,0,9d9bc57b,51587791151169543",毕业快乐,0
"192.74900,4,25,16707842,1625537959,0,32438a6b,51587729084383235",鱼翅是你吗,0
"398.87700,1,25,16777215,1625537795,0,8accd525,51587642971127813",毕业快乐！！,0
"400.09900,1,25,16777215,1625537788,0,2b5a0308,51587639413833735",毕业快乐,0
"375.39900,1,25,16777215,1625537672,0,e7e70ff8,51587578434420743",毕业快乐,0
"284.43300,1,25,16777215,1625537645,0,7e005373,51587564533973061",泪目,1
"375.15700,1,25,16777215,1625537442,0,73676c10,51587458094596101",毕业快乐,0
"388.32600,1,25,16777215,1625537412,0,cb66c344,51587442118492165",毕业快乐,0
"369.77800,1,25,16777215,1625537379,0,fe10f0ba,51587424887242755",毕业快乐,0
"385.51100,1,25,15138834,1625537369,0,7f3a5e6e,51587419558379525",毕业快乐！！！,0
"397.74300,1,25,15138834,1625537357,0,3fea6213,51587413415821319",毕业快乐,0
"341.60700,1,25,15138834,1625537319,0,7f3a5e6e,51587393751351299",祝茄茄也祝我们！！！毕业快乐！！！前程似锦！！！,0
"340.30600,1,25,15138834,1625537298,0,7f3a5e6e,51587382396321863",前程似锦！！！,0
"311.49000,1,25,16777215,1625537280,0,bc5fbdd9,51587372946030595",升华主题,0
"326.18300,1,25,15138834,1625537278,0,3fea6213,51587372099829767",毕业快乐！,0
"374.61100,5,25,15138834,1625537269,0,f4164cc0,51587367141113859",毕业快乐，俺也一样,0
"309.41500,1,25,15138834,1625537263,0,7f3a5e6e,51587364086611971",永远支持你茄茄！！！,0
"306.83500,1,25,15138834,1625537246,0,7f3a5e6e,51587355179483141",毕业快乐！！！,0
"345.99000,1,25,16777215,1625537227,0,2873aeaf,51587345511088135",毕业快乐,0
"370.75000,1,25,16777215,1625537047,0,9ff31d13,51587251128762371",毕业快乐,0
"376.00500,1,25,16777215,1625536973,0,58e4b364,51587211894718471",毕业快乐,0
"34.02500,1,25,16777215,1625536965,0,f1007f6a,51587207846166533",what……,1
"67.08400,5,25,16646914,1625536946,0,1999e4ba,51587197953376263",划              水,1
"378.69500,1,25,16646914,1625536918,0,b54ebcf4,51587183368208387",毕业快乐,0
"291.64700,1,25,16777215,1625536514,0,8ac5db2,51586971647082501",复旦大学,0
"366.99800,5,25,15138834,1625536474,0,3d45fec,51586950595346439",毕业快乐！,0
"311.39800,1,25,16777215,1625536458,0,53981e20,51586941996498947",毕业快乐 ,0
"311.09900,1,25,15138834,1625536404,0,66dbd345,51586913873166339",毕业快乐,0
"26.01200,1,25,16777215,1625536278,0,b3877451,51586847792431111",阿巴阿巴,3
"327.70900,5,25,15138834,1625536261,0,490d808a,51586838789357575",母母好美！(又是一把狗粮),0
"396.93500,1,25,16777215,1625536257,0,ec48ff44,51586836604649475",毕业快乐,0
"307.86000,5,25,15138834,1625536137,0,214effa5,51586773903474691",希望老番茄以后一天三更,0
"307.86000,1,25,16777215,1625536116,0,214effa5,51586762584096775",希望老番茄以后一天三更,0
"368.38900,1,25,16777215,1625536019,0,e10b0282,51586712216272899",毕业快乐！,0
"292.77900,1,25,16777215,1625536014,0,e6070f5d,51586709090992135",毕业快乐,0
"307.17900,1,25,15138834,1625535844,0,5914d6bc,51586620306489347",毕业快乐,0
"369.82400,1,25,15138834,1625535794,0,dbc30caa,51586594126168069",毕业快乐,0
"8.71700,1,25,16777215,1625535794,0,ec48ff44,51586594033893383",毕业快乐！！！,0
"379.41800,1,25,16777215,1625535774,0,dc5e76ab,51586583662952455",毕业快乐,0
"51.69900,1,25,16777215,1625535765,0,e6070f5d,51586578879348741",皇帝的演讲,0
"377.90900,1,25,16777215,1625535527,0,c032df17,51586453999714307",毕业快乐,0
"378.62900,1,25,16777215,1625535477,0,e502e92d,51586427783217157",毕业快乐,0
"400.36000,1,25,16777215,1625535441,0,c6d32f63,51586409062465541",毕业快乐,0
"312.31900,1,25,16777215,1625535434,0,ffb75501,51586405202657283",毕业快乐！,0
"268.23900,1,25,16777215,1625535385,0,ffb75501,51586379352113159",哈哈哈哈哈哈哈哈哈,0
"394.83500,1,25,16777215,1625535376,0,cd80b10f,51586374659211269",泪目,1
"320.37900,1,25,15138834,1625535360,0,172fb1cd,51586366632361989",毕业快乐,0
"248.92900,1,25,16777215,1625535345,0,baacf219,51586358327115781",海米狂喜,0
"356.28500,1,25,16777215,1625535300,0,149426b7,51586335038242819",毕业快乐,0
"392.54000,1,25,16777215,1625535231,0,5385dc60,51586298662092807",毕业快乐,0
"288.90000,1,25,16777215,1625535193,0,c72478e5,51586278702448647",毕业快乐,0
"394.80100,1,25,16777215,1625535152,0,d6d827d5,51586257266933763",毕业快乐,0
"393.52000,1,25,16777215,1625535113,0,77e36311,51586237016834053",毕业快乐,0
"360.16300,1,25,16646914,1625535055,0,c032df17,51586206325014533",我也毕业啦,0
"384.77800,1,25,16777215,1625535033,0,e01ef19c,51586194947440647",毕业快乐,0
"318.27000,1,25,16777215,1625535021,0,11ef75ae,51586188696354821",毕业快乐,0
"180.64600,5,25,15138834,1625534998,0,5fa96eca,51586176812843011",嘿嘿,0
"360.93900,1,25,16646914,1625534977,0,c032df17,51586165584691207",毕业快乐,0
"375.61900,1,25,16777215,1625534916,0,5329d8ff,51586133465759747",毕业快乐！,0
"391.08000,1,25,16777215,1625534764,0,bbc777f3,51586053748817925",毕业快乐！！！！,0
"382.04800,1,25,16777215,1625534676,0,f954a37c,51586007961174023",毕业快乐,0
"167.89400,1,25,16777215,1625534638,0,6bd88964,51585987869409287",西大,0
"251.52300,5,25,15138834,1625534547,0,fc155729,51585940364197893",没有！！！！！！！,0
"164.69800,1,25,16777215,1625534492,0,9ffe2ac2,51585911276175363",母校突然出境,1
"399.32600,1,25,16777215,1625534420,0,d672973e,51585873585111045",毕业快乐,0
"290.53900,1,25,16777215,1625534341,0,e3f76d6e,51585832076705795",正片开始,0
"381.23900,1,25,16777215,1625534234,0,ce82389c,51585775923888133",毕业快乐,0
"355.09900,1,25,16777215,1625534204,0,ce82389c,51585760496713731",毕业快乐,0
"31.72100,1,25,16777215,1625534172,0,984f9736,51585743825928199",笑死爷了,0
"322.39900,1,25,16777215,1625534169,0,ce82389c,51585741796409351",毕业快乐,0
"331.55500,1,25,16777215,1625534166,0,deb7288b,51585740576391171",毕业快乐！,0
"393.53400,5,25,15138834,1625534122,0,8a4258fd,51585717381365763",茄茄毕业快乐！,0
"145.64700,1,25,16777215,1625534114,0,c032df17,51585713000415239",升华主题,0
"343.72900,1,25,16777215,1625534102,0,818bbd58,51585706738319367",对不起一个眼花看成了漏背,1
"73.89900,1,25,16777215,1625534087,0,e3f76d6e,51585699196436485",巜划水》,2
"372.79800,1,25,16777215,1625534062,0,7f5d4911,51585686145335301",毕业快乐,0
"337.23700,1,25,15138834,1625533990,0,a2f2b2a0,51585648395550723",毕业快乐！！！,0
"40.71900,1,25,16777215,1625533967,0,c032df17,51585636269817861",好巧我是楼上装修,0
"60.77900,1,25,16777215,1625533958,0,e3f76d6e,51585631359860739",哈哈哈哈,0
"374.46900,1,25,16777215,1625533946,0,93778a8e,51585625127649287",毕业快乐,0
"328.52700,1,25,16777215,1625533930,0,bf913615,51585616701292549",毕业快乐,0
"35.97900,1,25,16777215,1625533928,0,e3f76d6e,51585615445622791",毕业快乐,0
"381.56500,1,25,16777215,1625533922,0,82975318,51585612631244803",毕业快乐,0
"396.83900,5,25,15138834,1625533895,0,86df40f3,51585598450827271",毕业快乐,0
"377.33800,1,25,16777215,1625533876,0,4c341aad,51585588161150983",毕业快乐,0
"351.81600,1,25,16777215,1625533839,0,b0f3a859,51585569076543493",前途似锦,0
"331.41900,1,25,16777215,1625533826,0,86df40f3,51585562001276935",茄茄毕业快乐(✪▽✪),0
"322.79100,1,25,16777215,1625533740,0,e1862e83,51585517160497155",毕业快乐！,0
"377.20300,1,25,16777215,1625533653,0,13e293d9,51585471265374211",毕业快乐,0
"392.10500,1,25,15138834,1625533649,0,1a11e385,51585469570351107",毕业快乐,0
"299.46200,1,25,16777215,1625533641,0,919e779,51585464984928259",毕业快乐！！！,0
"366.75900,5,25,15138834,1625533590,0,b97eeeaa,51585438378360837",毕业快乐,0
"351.82800,1,25,15138834,1625533590,0,1a11e385,51585438702370821",毕业快乐,0
"357.11900,1,25,16777215,1625533570,0,b97eeeaa,51585427989069827",毕业快乐,0
"315.01100,1,25,16777215,1625533565,0,f44bb86f,51585425310482437",毕业快乐,0
"396.57000,1,25,16777215,1625533551,0,af340cfe,51585417803202565",毕业快乐！,0
"399.57900,1,25,16777215,1625533533,0,8fa0043a,51585408746651651",毕业快乐,0
"330.73800,1,25,16777215,1625533461,0,af340cfe,51585371072364547",毕业快乐！,0
"329.59500,1,25,16646914,1625533353,0,a520766,51585314397880325",毕业快乐,0
"28.13900,1,25,16777215,1625533315,0,e79cca13,51585294250016775",恭喜你啊,0
"390.54100,1,25,16777215,1625533307,0,1338d664,51585290013769733",前程似锦，未来可期！祝你也祝我！,0
"384.12100,1,25,15138834,1625533272,0,ef34fcdb,51585271631708163",毕业快乐,0
"336.91900,1,25,15138834,1625533196,0,ef34fcdb,51585232025944071",毕业快乐,0
"385.73000,5,25,16646914,1625533169,0,4c4f6fcd,51585217937276931",毕业快乐,0
"364.96500,5,25,16646914,1625533135,0,4c4f6fcd,51585199783280643",毕业快乐！！,0
"334.09500,1,25,16777215,1625533079,0,4c4f6fcd,51585170635489283",毕业快乐,0
"275.60200,1,25,16777215,1625533042,0,83ce1214,51585151237357571",答辩前我都在想我写的是个啥,0
"371.47000,1,25,16777215,1625532958,0,d65e4278,51585106969624581",毕业快乐,0
"357.89400,1,25,16777215,1625532865,0,b4df4ec2,51585058298920963",生活愉快,0
"364.13500,1,25,16777215,1625532862,0,972e1671,51585056864468997",毕业快乐！,0
"49.11700,1,25,15138834,1625532732,0,dd4a700b,51584988613705731",2021年中国最佳聋哑人手语代言人,0
"344.55700,1,25,16777215,1625532725,0,65d914ef,51584984829919237",毕业快乐,0
"383.98700,1,25,16646914,1625532721,0,9b2814a7,51584983061495811",毕业快乐,0
"376.41100,1,25,16777215,1625532717,0,e0001cec,51584980814921733",毕业快乐,0
"373.14200,1,25,16777215,1625532678,0,817d4179,51584960188383237",毕业快乐,0
"14.74000,1,25,16777215,1625532612,0,7a8c776a,51584925547626499",二哥好,0
"371.31700,5,25,16646914,1625532611,0,ba02454b,51584925265035267",毕业快乐！！！,0
"171.80900,1,25,16777215,1625532609,0,22d6267c,51584923932819463",？？？,3
"357.71100,5,25,16646914,1625532598,0,ba02454b,51584918131572739",毕业快乐！！,0
"329.48300,1,25,16777215,1625532568,0,ba02454b,51584902840188935",毕业快乐！,0
"373.36300,1,25,16777215,1625532559,0,b12c0d1c,51584898084372483",毕业快乐,0
"397.46000,1,25,16777215,1625532485,0,d9046578,51584858985070595",毕业快乐,0
"397.63200,1,25,16777215,1625532476,0,4eefffd4,51584854578954245",毕业快乐,0
"368.53900,1,25,15138834,1625532355,0,b7477c19,51584790827630597",毕业快乐,0
"363.97900,1,25,16646914,1625532262,0,e7341da1,51584742076186631",毕业快乐,0
"354.53900,5,25,15138834,1625532251,0,6bb021bb,51584736583745543",毕业快乐！！,0
"362.93500,1,25,16777215,1625532077,0,833dcf96,51584645008457733",毕业快乐,0
"32.80100,1,25,16777215,1625532054,0,185469ae,51584633142771719",哈哈哈哈哈哈哈哈哈哈哈哈哈哈哈哈哈哈哈哈哈哈哈哈,0
"299.43000,1,25,16777215,1625531943,0,a3470d1d,51584575188500487",毕业快乐,0
"390.69700,1,25,16777215,1625531868,0,9be5f593,51584535683923975",毕业快乐,0
"302.01900,1,25,16777215,1625531848,0,8415aee,51584525041926151",硕博连读，80万安家费,0
"383.96600,5,25,15138834,1625531844,0,110ca4b,51584523004018691",毕业快乐,0
"384.53700,1,25,16777215,1625531724,0,2d098abf,51584459948949507",毕业快乐,0
"392.63600,1,25,16777215,1625531532,0,a070a04,51584359456571397",这就是隔壁学校的学霸呀！,3
"369.18500,1,25,15138834,1625531334,0,e17ce787,51584255698927623",毕业快乐,0
"15.50100,1,25,16777215,1625531323,0,a526312f,51584249985761285",毕业快乐！,0
"389.92700,5,25,16646914,1625531318,0,e9894f8c,51584247049748483",毕业快乐,0
"190.43800,1,25,15138834,1625531304,0,aed1c69,51584239707619335",仑蚊,3
"7.35700,4,25,15138834,1625531268,0,1901f34f,51584221033529347",然后番茄又要读博士（bushi）,0
"306.80300,1,25,16777215,1625531188,0,cd77e01b,51584179305971715",泪目,1
"398.05900,1,25,16777215,1625531171,0,83f8ca75,51584170055434243",毕业快乐！,0
"402.07500,1,25,16777215,1625531135,0,d00826c3,51584151443210245",毕业快乐,0
"398.00600,1,25,16777215,1625531076,0,7a4c061c,51584120232869893",毕业快乐,0
"257.66600,1,25,16777215,1625531074,0,7b05bfa9,51584119277092867",面向csdn编程,2
"193.16200,1,25,16777215,1625531052,0,cd77e01b,51584107819302915",就我不想回去吗（）,1
"298.73900,1,25,16646914,1625531023,0,d1f12d5d,51584092791635973",切切毕业快乐！,0
"395.18200,1,25,16777215,1625530931,0,21b63a39,51584044527779847",毕业快乐,0
"394.26600,1,25,16777215,1625530844,0,7720033a,51583998788894723",毕业快乐,0
"391.19100,1,25,15138834,1625530751,0,2b9f46a,51583950240874503",毕业快乐！！！！！,0
"328.18600,1,25,15138834,1625530680,0,2b9f46a,51583912882208773",毕业快乐！！,0
"375.09900,1,25,16777215,1625530654,0,e42f3fd4,51583899305771011",毕业快乐,0
"398.79900,1,25,16777215,1625530608,0,f2424b25,51583875192717317",毕业快乐,0
"160.34000,1,25,16777215,1625530545,0,4c78e8a2,51583841908817923",西南大学牛逼！,0
"311.91900,1,25,16777215,1625530510,0,f730f3e6,51583823697149959",毕业快乐！,0
"398.56600,1,25,15138834,1625530362,0,722439ec,51583746209480707",毕业快乐,0
"384.79900,1,25,16777215,1625530098,0,60e460a5,51583607771758597",毕业快乐,0
"327.37900,5,25,15138834,1625530065,0,68bcfc69,51583590176129027",切切毕业快乐,0
"112.61900,5,25,4351678,1625529922,0,386675e4,51583515221819397",《活   在   裆   下》,0
"263.15000,1,25,16777215,1625529798,0,b9a341bc,51583450455998471",工整,0
"262.24000,1,25,16777215,1625529778,0,b9a341bc,51583440070901763",《工整》,0
"361.61000,1,25,16777215,1625529762,0,b37f492f,51583431598407687",毕业快乐,0
"373.77700,1,25,16777215,1625529468,0,6136d63c,51583277401112583",毕业快乐,0
"373.18500,1,25,16777215,1625529358,0,2a63d6c3,51583219634012163",毕业快乐,0
"330.25900,1,25,16777215,1625529291,0,302ed36a,51583184623632389",毕业快乐！,0
"25.69900,1,25,16777215,1625529256,0,49929496,51583165921230855",ohhhhhhh,0
"362.57900,1,25,16777215,1625529243,0,54afdc80,51583159265394691",毕业快乐,0
"317.36300,1,25,16777215,1625529139,0,5c0b2ffb,51583105001062407",毕业快乐,0
"303.60300,1,25,16777215,1625529116,0,5c0b2ffb,51583092592738309",永远开心快乐,0
"368.06200,1,25,16777215,1625529108,0,e23caeda,51583088635936773",毕业快乐！,0
"390.88900,1,25,16777215,1625529036,0,e62813c,51583051028758533",毕业快乐,0
"396.82900,1,25,16777215,1625529008,0,414e8dba,51583036364947459",毕业快乐,0
"344.10700,1,25,16777215,1625528952,0,414e8dba,51583006902059015",毕业快乐,0
"328.57500,1,25,16777215,1625528931,0,414e8dba,51582995743113219",毕业快乐,0
"389.33000,1,25,16777215,1625528847,0,324fe580,51582951731232775",毕业快乐,0
"377.83900,1,25,16777215,1625528642,0,f0f9842f,51582844508045319",毕业快乐,0
"393.90900,1,25,16777215,1625528553,0,40d57d57,51582797434847235",毕业快乐,0
"333.61000,1,25,16777215,1625528525,0,b541651c,51582782686101511",母母啊啊啊啊毕业快乐切,0
"365.77900,1,25,16777215,1625528346,0,3b8e2b31,51582688887308291",毕业快乐,0
"15.48000,1,25,16777215,1625528153,0,15810a25,51582587978121221",毕业快乐！！,0
"10.53600,1,25,16777215,1625528085,0,b541651c,51582552384208903",毕业快乐,0
"391.56300,1,25,16777215,1625527891,0,2992d84f,51582450354618373",毕业快乐,0
"373.77700,1,25,16777215,1625527890,0,d95f3b11,51582449993908229",毕业快乐,0
"378.60100,4,25,15138834,1625527858,0,14181028,51582433005404165",毕业快乐,0
"392.33000,1,25,16777215,1625527845,0,a8691226,51582426666762247",毕业快乐,0
"374.76100,1,25,16777215,1625527844,0,14181028,51582425999867909",毕业快乐,0
"362.74900,5,25,14811775,1625527753,0,3350b158,51582378036428805",切切毕业快乐！！！,0
"392.91400,1,25,16777215,1625527494,0,5fc184a1,51582242241118215",毕业快乐,0
"332.73900,1,25,16777215,1625527204,0,1089b074,51582090340728839",切切，毕业快乐！一切顺利！,0
"394.34600,1,25,16777215,1625527118,0,d9cda84e,51582045377265667",毕业快乐,0
"10.31900,1,25,16777215,1625527103,0,bc0aec50,51582037204664327",毕业快乐,0
"301.50300,1,25,16777215,1625526805,0,d1eebb42,51581881325977605",毕业快乐,0
"377.56300,4,25,15138834,1625526739,0,dcca5691,51581846455058437",毕业快乐,0
"174.58900,1,25,16777215,1625526694,0,41add172,51581823110086663",老番茄王者ID是什么呀！！,0
"392.56400,1,25,16777215,1625526666,0,f812dbf0,51581808531734533",毕业快乐,0
"310.55000,1,25,16777215,1625526598,0,c3b6fa53,51581772540411909",毕业快乐,0
"33.32100,1,25,16777215,1625526532,0,4b015aa8,51581738179100677",我愿称之为医学奇迹,0
"374.57900,1,25,15138834,1625526497,0,3ea5cbdb,51581719460446215",毕业快乐,0
"282.18200,4,25,15138834,1625526421,0,dcca5691,51581679914975237",下一个窝瓜（doge）,0
"117.55500,4,25,15138834,1625526155,0,dcca5691,51581540439162883",杰杰败退,0
"396.49000,1,25,16777215,1625525714,0,8e156e8d,51581308921446403",毕业快乐,0
"261.43900,1,25,16777215,1625525518,0,dc40c6b5,51581206546874375",哈哈哈哈,0
"386.65900,1,25,15138834,1625525154,0,baf367ec,51581015698178055",毕业快乐,0
"248.75800,1,25,16777215,1625524905,0,b5a8c060,51580885260566535",海米狂喜,0
"51.39500,1,25,16777215,1625524667,0,b5a8c060,51580760375689223",玉犬（bushi,0
"180.71800,1,25,16777215,1625524556,0,e811df67,51580702223761415",嘿嘿,0
"397.84200,1,25,16777215,1625524438,0,7c0035eb,51580640196820997",毕业快乐,0
"387.13500,1,25,16777215,1625524414,0,7c0035eb,51580627349667847",毕业快乐,0
"86.73800,1,25,16777215,1625524001,0,a50d03fe,51580411049410567",请收下我的膝盖,0
"361.10800,1,25,16777215,1625523731,0,73c270b5,51580269734395907",又水了一期视频,0
"51.12900,5,25,15138834,1625523639,0,f88bbb13,51580221325312007",玉 犬,0
"317.54500,1,25,16777215,1625523365,0,ea0703f,51580077790986247",毕业快乐,0
"381.89700,1,25,16777215,1625522020,0,c2e84a01,51579372536070151",毕业快乐毕业快乐,0
"394.43900,1,25,16777215,1625521444,0,7abefb7a,51579070661525509",毕业快乐,0
"401.41400,1,25,16777215,1625521097,0,d75404c3,51578888332509191",毕业快乐,0
"382.97300,1,25,16777215,1625518834,0,c33e1f99,51577702268796933",毕业快乐,0
"360.06900,1,25,16777215,1625518724,0,6494e17a,51577644311379975",毕业快乐,0
"341.05000,1,25,16777215,1625518393,0,9e0664f7,51577470668767235",毕业快乐,0
"14.02000,1,25,16777215,1625518073,0,9e0664f7,51577302928064517",毕业快乐！,0
"27.62500,1,25,16777215,1625518031,0,6d08eed7,51577281035894787",哈哈哈哈哈哈哈哈哈哈哈哈哈哈好哈哈哈哈,0
"397.58600,1,25,16777215,1625517579,0,1d3eca97,51577043836993541",毕业快乐,0
"327.80500,1,25,16777215,1625517503,0,2df419c7,51577004436226051",合影,0
"327.10400,1,25,16777215,1625517496,0,2df419c7,51577000315322373",毕业快乐！！！！！,0
"365.84100,1,25,16777215,1625516785,0,e5ae9811,51576627963363335",毕业快乐！,0
"318.89900,1,25,16777215,1625516025,0,df124bab,51576229421645831",毕业快乐！,0
"385.78900,1,25,16777215,1625515892,0,6bfde225,51576159647301639",毕业快乐,0
"33.81400,1,25,16777215,1625515031,0,8d0275b7,51575708218556421",哈哈哈哈哈哈哈哈哈哈哈哈哈,0
"385.89900,1,25,16777215,1625514704,0,e471e41e,51575536729194503",毕业快乐,0
"115.09900,4,25,16707842,1625514390,0,884e90bc,51575371910348805",杰哥不要啊,3
"402.11600,1,25,16777215,1625513886,0,10317567,51575107793453061",毕业快乐,0
"345.10700,1,25,16777215,1625513446,0,f2663f3,51574877234135045",毕业快乐！,0
"402.00900,1,25,16777215,1625513324,0,47b93745,51574813352263683",复旦牛逼！！,0
"359.51000,1,25,16777215,1625513282,0,47b93745,51574791113015301",毕业快乐！,0
"365.79800,1,25,16777215,1625512681,0,5fa656e8,51574476081463303",毕业快乐！,0
"357.24000,1,25,16777215,1625511135,0,496b6165,51573665382268931",毕业快乐,0
"299.80600,1,25,16707842,1625511126,0,54cc0000,51573660777971719",毕业快乐,0
"374.01400,1,25,16777215,1625511106,0,4d520b63,51573650435866631",毕业快乐,0
"365.43800,1,25,15138834,1625510434,0,fe87cd06,51573298048270339",毕业快乐茄茄！！！,0
"346.21900,1,25,16777215,1625510104,0,c1138874,51573125088280581",毕业快乐！,0
"14.59900,1,25,16777215,1625509946,0,455ffcf4,51573042388140037",毕业快乐,0
"194.45900,1,25,16777215,1625509795,0,e2a39faa,51572962791784451",我的生日那天！,0
"300.16100,5,25,15138834,1625509788,0,339f1d3,51572959565840387",喜欢就坚持吧！我们会永远支持你啊,0
"388.65500,1,25,16777215,1625509729,0,7c9a3aab,51572928235438083",一去不复返的学生时代,1
"351.03800,1,25,16777215,1625509723,0,f38691d8,51572925082894339",毕业快乐！,0
"305.38200,1,25,16777215,1625509546,0,dde43614,51572832511459335",毕业快乐！,0
"349.99700,1,25,16777215,1625509509,0,30ac7964,51572813071908867",毕业快乐！,0
"368.32300,1,25,16777215,1625509181,0,2005b9bd,51572641007927301",毕业快乐,0
"120.91400,1,25,16777215,1625509175,0,7c9a3aab,51572637947658245",这该死的对仗,2
"298.13900,1,25,16777215,1625509164,0,b4844cdc,51572632058855429",毕业快乐,0
"166.65300,5,25,15138834,1625509006,0,90625ba,51572549520195587",上号？,2
"370.92000,1,25,16777215,1625508780,0,70b820cb,51572431055749123",毕业快乐,0
"397.56100,1,25,16777215,1625508673,0,806efdd8,51572374520201219",毕业快乐,0
"365.53400,1,25,15138834,1625508623,0,806efdd8,51572348544876551",毕业快乐！,0
"371.19000,1,25,16777215,1625508571,0,63806464,51572321331707911",毕业快乐,0
"367.17500,1,25,16777215,1625508455,0,9167583f,51572260596088835",毕业快乐,0
"341.28800,5,25,15138834,1625508243,0,68103d66,51572149107818499",毕业快乐,0
"346.69400,1,25,16777215,1625508234,0,55df482c,51572144482025479",毕业快乐,0
"369.70700,1,25,16777215,1625508105,0,e2aecd95,51572077174980611",毕业快乐,0
"302.46500,5,25,15138834,1625507988,0,919691e1,51572015644016643",茄茄毕业快乐！！,0
"380.05100,1,25,16777215,1625507573,0,d647d157,51571797984280581",毕业快乐,0
"318.63100,1,25,16777215,1625507508,0,edec3530,51571764045545479",毕业快乐,0
"371.44500,1,25,16777215,1625507286,0,1a336f5c,51571647457525763",毕业快乐前程似锦,0
"370.14500,1,25,16777215,1625507279,0,1a336f5c,51571643782791175",毕业快乐,0
"134.45100,1,25,16777215,1625507264,0,86c96264,51571636298055683",鸭少读完本科就工作了,1
"347.73600,1,25,16777215,1625507207,0,7fa7c700,51571606377463813",恭喜毕业~,0
"395.69800,1,25,15138834,1625507050,0,7606358f,51571523999236103",毕业快乐,0
"365.15800,1,25,15138834,1625507017,0,7606358f,51571506482249733",毕业快乐,0
"393.03900,1,25,16777215,1625506998,0,5b93eed,51571496647655431",毕业快乐,0
"291.76700,1,25,15138834,1625506934,0,7606358f,51571463056523267",毕业快乐,0
"392.51300,1,25,16777215,1625506931,0,a1857756,51571461325848581",毕业快乐,0
"263.79900,1,25,16777215,1625506864,0,5b93eed,51571426200125445",CSDN yyds！,0
"306.13200,1,25,16777215,1625506817,0,99a8b2c,51571401572220933",毕业快乐,0
"1.85400,1,25,16777215,1625506621,0,74a278f1,51571299057139719",毕业快乐啊 我也毕业快乐,0
"380.17900,1,25,16777215,1625506590,0,43f190bd,51571282799493123",毕业快乐！,0
"397.49900,1,25,16777215,1625506589,0,5deff8f3,51571282205474823",毕业快乐,0
"327.40900,1,25,16777215,1625506572,0,98638094,51571273483419653",毕业快乐！！,0
"26.43100,1,25,16777215,1625506565,0,bba82464,51571269451644935",医学奇迹！,0
"402.47400,1,25,16777215,1625506512,0,ee319ea0,51571241581019143",毕业快乐,0
"388.94300,1,25,16777215,1625506298,0,8d80ab14,51571129534382085",毕业快乐,0
"357.13700,1,25,16777215,1625506257,0,8d80ab14,51571108346331143",切切毕业快乐，我也毕业快乐。学生时代拜拜！,0
"402.30200,1,25,16777215,1625506131,0,78f2c058,51571041839874053",毕业快乐,0
"395.64900,1,25,16777215,1625505957,0,5d93743c,51570950914179079",毕业快乐,0
"392.73300,1,25,15138834,1625505878,0,bdd64832,51570909489659911",毕业快乐,0
"299.97200,1,25,16777215,1625505805,0,4255f74d,51570870920413191",毕业快乐,0
"391.49900,1,25,16777215,1625505633,0,fc31daf9,51570781057974343",毕业快乐！,0
"79.15900,1,25,15138834,1625505507,0,792099a1,51570714705657859",《平凡》,0
"168.00200,1,25,16777215,1625505431,0,64a6304a,51570674974064647",西南大学排面！,0
"307.57300,1,25,16646914,1625505285,0,49dfc8a0,51570598725812227",迟到的毕业快乐！,0
"379.39000,1,25,16777215,1625505276,0,bb237284,51570593942208517",毕业快乐,0
"349.18200,1,25,16777215,1625505243,0,bb237284,51570576243294215",好爱你,0
"325.45400,1,25,16777215,1625505211,0,bb237284,51570559518507011",你是我们永远的神,0
"324.65800,1,25,16777215,1625505194,0,bb237284,51570550799597575",毕业快乐,0
"362.97300,1,25,16777215,1625505179,0,9edbf12a,51570542869217285",毕业快乐！！,0
"297.42200,1,25,16777215,1625505162,0,bb237284,51570534212173829",毕业快乐,0
"366.17100,1,25,16777215,1625505050,0,8468f2bd,51570475288494085",毕业快乐,0
"309.37500,1,25,16777215,1625504995,0,8468f2bd,51570446654504967",毕业快乐,0
"348.26100,1,25,16777215,1625504873,0,9231490e,51570382641561603",毕业快乐！前程似锦！,0
"401.19100,1,25,16777215,1625504728,0,acec71ab,51570306211381253",毕业快乐,0
"358.35400,1,25,16777215,1625504681,0,acec71ab,51570281888612355",毕业快乐,0
"361.41100,1,25,15138834,1625504639,0,48fc33c6,51570259755794437",毕业快乐,0
"366.26700,1,25,15138834,1625504596,0,7ddfbad3,51570237471457287",毕业快乐！未来可期！！,0
"326.11800,1,25,15138834,1625504550,0,7ddfbad3,51570213024432131",毕业快乐！！！,0
"124.09900,1,25,16777215,1625504510,0,2a5a4d50,51570192163536901",就你头发多就你不做作业[doge],2
"278.86500,1,25,14811775,1625504492,0,7ddfbad3,51570182797131779",先结婚！！！,0
"355.39500,1,25,16777215,1625504454,0,eb3d5faa,51570162993201157",毕业快乐,0
"321.41300,1,25,16777215,1625504426,0,9b11e738,51570147936698373",毕业快乐,0
"400.77000,1,25,16777215,1625504344,0,235b617d,51570105061474311",毕业快乐,0
"397.80100,5,25,15138834,1625504248,0,89661445,51570055008223239",毕业快乐,0
"324.63600,1,25,16777215,1625504218,0,f113fa0d,51570039003807751",泪目,1
"377.36100,1,25,16777215,1625504165,0,1d31594f,51570011339751429",毕业快乐！,0
"118.79900,5,25,15138834,1625504148,0,6fc4d399,51570002144788485",吃人！,2
"371.49500,5,25,16776960,1625504113,0,b84f6876,51569984093028359",毕业快乐,0
"3.36700,1,25,16777215,1625504086,0,176fe51a,51569969993351173",毕业快乐,0
"398.40600,1,25,16777215,1625503772,0,c299e3f1,51569805470203907",毕业快乐,0
"55.49900,1,25,16777215,1625503770,0,5e9e309c,51569804081889285",狗狗,3
"358.91300,1,25,16777215,1625503763,0,ac1fabb0,51569800538750981",毕业快乐,0
"375.10400,1,25,16777215,1625503701,0,2b7a12c,51569768157151237",毕业快乐,0
"163.56100,1,25,16777215,1625503667,0,c4519c06,51569749976940551",西大牛逼,0
"216.57900,1,25,16777215,1625503638,0,bb237284,51569735080345605",太差,1
"336.62700,1,25,16777215,1625503582,0,59fa91d4,51569705675653123",毕业快乐,0
"337.55500,1,25,16777215,1625503466,0,31abc230,51569644662161415",毕业快乐哇,0
"378.67900,1,25,16777215,1625503373,0,d01024c4,51569595896561667",毕业快乐,0
"258.77900,1,25,16777215,1625503253,0,74dfc503,51569532879765511",飞羽真行为,0
"390.03900,1,25,16777215,1625503221,0,bc2e270b,51569516569165831",毕业快乐,0
"398.35800,1,25,16777215,1625503191,0,4c20a4c4,51569500534341637",毕业快乐,0
"171.74600,1,25,16777215,1625503185,0,6bce3fb9,51569497711575047",G僧东行为,0
"17.95900,1,25,16777215,1625503161,0,b53d917f,51569484817235973",毕业快乐！,0
"33.93900,1,25,16777215,1625503016,0,80aa9a51,51569408732037123",医学奇迹,0
"166.66300,1,25,16777215,1625503005,0,bb237284,51569403152564231",哈哈哈哈哈,0
"19.81900,1,25,16777215,1625502989,0,80aa9a51,51569394737217541",hhhhh,0
"368.55100,1,25,16777215,1625502835,0,ce5728cc,51569313821753347",毕业快乐,0
"113.62300,1,25,16777215,1625502792,0,bb237284,51569291278417923",哈哈哈哈哈,0
"301.75900,4,25,16646914,1625502742,0,22204b70,51569264982753285",毕业快乐！,0
"299.04800,1,25,16777215,1625502723,0,84e18be2,51569255022329863",茄哥毕业快乐哦！,0
"397.49900,1,25,16777215,1625502712,0,617ee352,51569249440759813",毕业快乐,0
"341.58700,1,25,16777215,1625502555,0,b6559ef5,51569167231352837",毕业快乐！,0
"146.62500,1,25,16707842,1625502539,0,3b8d1972,51569158647185415",同款计算器耶,0
"27.79400,1,25,16777215,1625502478,0,ce5728cc,51569126947684359",哈哈哈哈,0
"381.04600,1,25,16777215,1625502473,0,f2ec46bc,51569124033691653",毕业啦！新的旅程开始！加油٩(๑^o^๑)۶加油！,0
"390.04800,1,25,16777215,1625502455,0,ddddd90f,51569114980810759",毕业快乐,0
"394.99800,1,25,16777215,1625502199,0,db41115c,51568980344176643",毕业快乐,0
"191.55000,1,25,16777215,1625502091,0,9a662fb2,51568923938652163",毕业快乐,0
"363.98700,1,25,16777215,1625502066,0,404dfebf,51568910839840775",毕业快乐,0
"402.32400,1,25,16777215,1625502060,0,e8c01202,51568907512184835",下面那个小号字体的，别以为我没看见你说交大牛逼,2
"401.85700,1,25,16777215,1625502040,0,e8c01202,51568897372979207",毕业快乐,0
"401.51900,1,25,15138834,1625502034,0,9fd03c8d,51568894219911171",毕业快乐,0
"232.41900,1,25,16777215,1625502021,0,acbc9de2,51568887142023175",哈哈哈哈哈哈哈哈哈哈,0
"375.17900,1,25,16777215,1625502019,0,89ad3375,51568886013231111",毕业快乐！,0
"227.97900,1,25,16777215,1625502012,0,acbc9de2,51568882521473029",哈哈哈哈哈哈哈哈哈,0
"346.97400,1,25,16777215,1625501906,0,67ae40cd,51568826995703815",毕业快乐,0
"352.61400,1,25,16777215,1625501903,0,45c72e4,51568825082576903",毕业快乐！,0
"355.97900,1,25,16777215,1625501857,0,e4633881,51568801334952003",毕业快乐,0
"372.30700,1,25,16777215,1625501817,0,15ffd12,51568780373917701",毕业快乐！,0
"358.57900,1,25,15138834,1625501722,0,828146bb,51568730489487363",祝所有21届的毕业生都前程似锦！！！,0
"1.08500,1,25,16777215,1625501635,0,b368218d,51568684742737927",B战二哥,0
"301.09900,1,25,15138834,1625501583,0,828146bb,51568657801674757",祝茄茄和我都毕业快乐！！！！！,0
"373.53500,1,25,16777215,1625501574,0,abd1ef6f,51568652669419527",毕业快乐,0
"265.44900,1,25,16777215,1625501562,0,114169ab,51568646509035527",cnbolg不配了呜呜呜,1
"0.10200,1,25,16777215,1625501514,0,e8c01202,51568621505740803",又？,3
"116.11600,1,25,16777215,1625501456,0,ffb7578,51568590965964805",给我拿来！,0
"390.21200,1,25,16777215,1625501392,0,c4b6faaa,51568557272596487",毕业快乐,0
"388.38500,1,25,41194,1625501338,0,7f99b079,51568529259888645",毕业快乐,0
"22.21900,1,25,15138834,1625501284,0,828146bb,51568501026455557",毕业快乐！！！,0
"392.48300,1,25,16777215,1625501281,0,a513fd4d,51568499431047171",毕业快乐,0
"360.55300,1,25,16777215,1625501259,0,78d7c7d,51568487949139971",毕业快乐,0
"377.61200,1,25,16777215,1625501240,0,eb810901,51568477546217475",毕业快乐,0
"319.25900,1,25,16777215,1625501206,0,1771f1f0,51568459931189253",第365个视频耶,0
"342.61400,1,25,16777215,1625501196,0,8b129329,51568454703513603",毕业快乐,0
"305.44200,5,25,15138834,1625501149,0,9c2b1b20,51568429961314309",毕业快乐,0
"340.51000,1,25,16777215,1625501090,0,3a4314fa,51568398904590339",毕业快乐,0
"401.06600,1,25,15138834,1625501078,0,a254581c,51568392729001987",毕业快乐！,0
"369.08600,1,25,15138834,1625501040,0,a254581c,51568373104377859",毕业快乐！,0
"345.65500,1,25,16777215,1625501039,0,91b4b09f,51568372258701319",毕业快乐！,0
"397.45900,1,25,16777215,1625501026,0,10ea60ad,51568365658439685",毕业快乐,0
"337.57900,1,25,16777215,1625500988,0,afdd5616,51568345774817287",毕业快乐,0
"356.31900,1,25,41194,1625500915,0,2fce51cf,51568307135840263",毕业快乐,0
"345.64200,1,25,15138834,1625500915,0,69aef32e,51568307404800007",毕业快乐！,0
"53.43700,1,25,16777215,1625500898,0,c4b6faaa,51568298451533831",啊啊啊毕业快乐切切,0
"256.46800,5,25,15138834,1625500898,0,4e2d4467,51568298402775045",《面向CSDN编程》,0
"348.56400,1,25,16777215,1625500870,0,fbecf634,51568283606319109",毕业快乐,0
"394.63300,1,25,16777215,1625500751,0,976dd519,51568221133733891",毕业快乐,0
"36.99900,1,25,16777215,1625500737,0,bae5c4ca,51568213992931333",哈哈哈哈哈哈哈哈,0
"395.75500,1,25,16777215,1625500730,0,bc620180,51568210500648963",毕业快乐！,0
"370.36600,1,25,15138834,1625500712,0,38737224,51568200920334339",毕业快乐呀,0
"369.67300,1,25,16777215,1625500640,0,75f3bb21,51568163117596677",毕业快乐,0
"356.99800,1,25,15138834,1625500639,0,e3cbb6a6,51568162684010501",毕业快乐!,0
"391.78300,1,25,16777215,1625500565,0,16b70ab3,51568124108472323",毕业快乐,0
"300.92900,1,25,11890,1625500562,0,2ab8fc9,51568122255638531",毕业快乐,0
"390.91800,1,25,15138834,1625500511,0,e55b9b8b,51568095549456391",毕业快乐!,0
"398.87100,1,25,16777215,1625500494,0,3adcb720,51568086685843463",毕业快乐！！,0
"401.47800,1,25,16777215,1625500413,0,2195fa59,51568044130959427",毕业快乐,0
"367.15800,1,25,16777215,1625500375,0,2195fa59,51568024442372101",毕业快乐！,0
"388.60500,1,25,16777215,1625500342,0,3abf0ad2,51568006782779397",毕业快乐,0
"379.13400,4,25,9033215,1625500324,0,1dd287d3,51567997420044295",毕业快乐,0
"300.66000,1,25,16777215,1625500293,0,2195fa59,51567981485883395",毕业快乐！,0
"363.73900,1,25,15138834,1625500258,0,abd1ef6f,51567962665517063",毕业快乐,0
"304.82400,1,25,16777215,1625500242,0,3abf0ad2,51567954623463427",毕业快乐,0
"250.06000,1,25,16777215,1625500238,0,2195fa59,51567952211214341",哈哈哈哈哈哈哈哈哈哈哈哈哈,0
"341.84200,1,25,16777215,1625500222,0,40112721,51567944108343303",毕业快乐呀，,0
"213.42000,1,25,16777215,1625500197,0,2195fa59,51567931118059525",哈哈哈哈哈哈哈哈哈哈哈,0
"183.74000,1,25,16777215,1625500163,0,2195fa59,51567913233022979",哈哈哈哈哈哈哈哈哈哈哈,0
"318.79500,1,25,16777215,1625500124,0,67871401,51567892762722311",毕业快乐！,0
"35.49900,1,25,16777215,1625500072,0,7e8b4008,51567865094995975",读博士了？,1
"390.24900,5,25,14811775,1625500043,0,bab02ff3,51567850080436229",毕业快乐,0
"22.26600,1,25,16777215,1625500018,0,d9b1b95a,51567837180854277",你的眼妆真美,0
"15.81900,1,25,16777215,1625499986,0,2195fa59,51567820250021893",居然带了妆哈哈哈哈哈哈哈哈,0
"376.20300,1,25,16777215,1625499976,0,162bb908,51567815164428291",毕业快乐,0
"41.20400,1,25,16777215,1625499954,0,8788a429,51567803615936517",《国王的演讲》,0
"363.95900,5,25,15138834,1625499929,0,7fc74be,51567790230863877",毕业快乐,0
"364.44300,1,25,16777215,1625499926,0,5be06737,51567788630736901",他在发光,0
"369.55400,1,25,16777215,1625499916,0,1589b007,51567783693516805",毕业快乐,0
"341.44500,5,25,15138834,1625499907,0,1cc2827e,51567778804531207",草，这里有我以为番茄穿的露背装（ ）,3
"333.29900,1,25,16777215,1625499905,0,461d0de2,51567777704574983",毕业快乐,0
"353.08600,1,25,16777215,1625499899,0,f9ba187b,51567774397366277",毕业快乐,0
"390.81200,5,25,4351678,1625499869,0,af54154d,51567758746320899",每次去复旦我爸妈都好怀念研究生的时光,1
"19.77900,1,25,16777215,1625499855,0,381a936d,51567751347568647",还有五级美颜磨皮（狗头）,0
"389.69500,1,25,15138834,1625499790,0,f9203ee7,51567717623791623",毕业快乐！,0
"398.37900,1,25,16777215,1625499786,0,e967f0ec,51567715315351557",毕业快乐！,0
"326.11800,1,25,16777215,1625499773,0,ccc8f719,51567708570386439",毕业快乐,0
"397.61700,1,25,16777215,1625499769,0,48ce760d,51567706289209347",毕业快乐！,0
"389.95200,1,25,16777215,1625499753,0,d8b3ea32,51567698142298117",毕业快乐！,0
"360.83800,1,25,16777215,1625499713,0,78e14323,51567676941664263",毕业快乐,0
"182.45700,1,25,16777215,1625499701,0,164003d8,51567670753492997",哈哈哈,0
"399.57200,1,25,16777215,1625499696,0,ef30800f,51567668414119939",毕业快乐,0
"359.47900,1,25,16777215,1625499666,0,46f70e1e,51567652722180103",毕业快乐！,0
"355.15000,1,25,15138834,1625499645,0,5ec4f505,51567641485639687",毕业快乐！！,0
"344.29900,1,25,16777215,1625499623,0,1922f299,51567630036762629",毕业快乐！！,0
"362.88300,1,25,16777215,1625499620,0,7acc5ff8,51567628527861765",毕业快乐～,0
"371.13400,1,25,16777215,1625499558,0,c80f4bb0,51567596101697539",毕业快乐,0
"370.05900,1,25,15138834,1625499513,0,b4b8e8f,51567572546486279",毕业快乐,0
"7.14700,1,25,16777215,1625499507,0,e6397ca1,51567569135992839",？？,3
"353.55300,1,25,16777215,1625499449,0,f7f4099c,51567538571575301",毕业快乐！,0
"46.02600,1,25,16777215,1625499444,0,f7dbe8f4,51567535996272647",阿巴阿巴,3
"349.03300,1,25,16777215,1625499441,0,f7f4099c,51567534701805575",毕业快乐！,0
"344.27600,1,25,16777215,1625499418,0,a9508a86,51567522343288835",毕业快乐茄哥,0
"396.94200,1,25,15138834,1625499416,0,c3ba1d96,51567521519632389",毕业快乐,0
"356.90300,1,25,16777215,1625499378,0,6d5c4f32,51567501343981571",我也刚好毕业啦,0
"4.58000,1,18,15138834,1625499360,0,dde886c0,51567492121231365",b站2哥现在,2
"391.19000,5,25,15138834,1625499345,0,2580fb3a,51567483954921475",毕业快乐！,0
"2.21900,1,25,16777215,1625499340,0,dde886c0,51567481581469699",b站2哥了,2
"386.08900,1,25,16777215,1625499316,0,8aeeb2c4,51567468789366791",毕业快乐！,0
"30.65900,1,25,16777215,1625499306,0,9d0c024e,51567463519223815",请收下我的膝盖,0
"305.54300,1,25,15138834,1625499301,0,c3ba1d96,51567460963319811",毕业快乐!,0
"313.71500,1,25,16777215,1625499260,0,d7d449b4,51567439873835015",毕业快乐,0
"402.30200,1,25,16777215,1625499202,0,6fc566db,51567409333534723",前程似锦,0
"338.59900,1,25,16777215,1625499191,0,b036659e,51567403379195909",毕业快乐,0
"366.07800,1,25,16777215,1625499189,0,e2682aab,51567402350542853",毕业快乐！,0
"368.81900,1,25,16777215,1625499156,0,f484fc44,51567384912723975",毕业快乐,0
"380.73900,1,25,16777215,1625499152,0,c85fd2b2,51567383084007427",毕业快乐,0
"393.10000,1,25,16777215,1625499139,0,c689eb2b,51567376001925123",毕业快乐,0
"350.33200,1,25,16777215,1625499132,0,812012ac,51567372537954309",毕业快乐,0
"345.37500,1,25,16777215,1625499127,0,adf071a1,51567370087956487",看到光华楼，看到我旦的人（qi）才（pa），果断弹幕支持！,0
"306.40100,1,25,16777215,1625499116,0,fc29e1ea,51567364280942595",毕业快乐,0
"365.47100,1,25,16777215,1625499097,0,651f02a6,51567354060996615",毕业快乐,0
"399.82900,1,25,16777215,1625499079,0,ea4438a6,51567344952016899",前程似锦,0
"364.33700,1,25,16777215,1625499038,0,ea4438a6,51567323439955975",毕业快乐,0
"391.84700,1,25,16777215,1625498992,0,49fa097c,51567299265036291",毕业快乐,0
"36.02900,1,25,15138834,1625498969,0,6167950a,51567286950559811",二哥好！,0
"357.04200,1,25,16777215,1625498964,0,3b6a0f98,51567284344324101",毕业快乐!!!!!!!!!,0
"27.49600,1,25,15138834,1625498955,0,6167950a,51567279587459077",二哥好！,0
"333.94300,1,25,16707842,1625498951,0,9ef722bb,51567277521240067",毕业快乐,0
"331.37900,1,25,16777215,1625498920,0,c3ac181,51567261202251779",毕业快乐,0
"392.62400,1,25,16777215,1625498877,0,98fe88c6,51567238580797447",毕业快乐,0
"353.42800,1,25,16777215,1625498859,0,3401c70b,51567229583491079",毕业快乐,0
"388.47800,1,25,16777215,1625498845,0,8fc6d817,51567222278586371",毕业快乐,0
"356.29900,1,25,16777215,1625498827,0,c7fd9025,51567212483313671",恭喜你毕业呀！,0
"388.24400,1,25,16777215,1625498794,0,6e77051d,51567195258355719",毕业快乐,0
"362.73000,1,25,16777215,1625498785,0,8f939386,51567190398730245",毕业快乐,0
"329.68300,1,25,16777215,1625498780,0,8fc6d817,51567187881099269",毕业快乐,0
"224.99600,1,25,16777215,1625498746,0,5d999d5f,51567170242478087",？,3
"384.27800,1,25,16777215,1625498732,0,95c40f5b,51567162817511427",毕业快乐！,0
"364.02200,1,25,16777215,1625498709,0,eff64854,51567150891008007",毕业快乐！,0
"121.47500,1,25,16777215,1625498706,0,bf24ec09,51567149317619717",嘉伟牛逼,0
"324.25100,1,25,16777215,1625498681,0,2db0dc3c,51567136337821703",毕业快乐,0
"329.65900,1,25,16777215,1625498603,0,d6ea6283,51567095371005957",毕业快乐,0
"364.11100,1,25,16777215,1625498580,0,ed52d7d,51567082964779013",毕业快乐,0
"380.25400,1,25,16777215,1625498560,0,e822b020,51567072869613573",毕业快乐,0
"353.37900,1,25,16777215,1625498501,0,49198b55,51567041558609923",毕业快乐,0
"390.48800,1,25,16777215,1625498474,0,57dc4908,51567027603111943",毕业快乐,0
"364.95900,1,25,16777215,1625498440,0,9f9eba21,51567009725415429",毕业快乐,0
"403.00000,1,25,16777215,1625498397,0,4634543b,51566987002773507",毕业快乐,0
"319.01400,1,25,16777215,1625498376,0,cf1275af,51566976249102343",毕业快乐,0
"403.00000,1,25,16777215,1625498326,0,c19d84e1,51566949726420995",毕业快乐,0
"369.41600,1,25,16777215,1625498315,0,dd631d06,51566944031604739",毕业快乐！,0
"353.89900,1,25,16777215,1625498306,0,83a11942,51566939683684357",毕业快乐,0
"304.86900,1,25,15138834,1625498303,0,22a83742,51566937904775175",毕业快乐！,0
"382.53900,1,25,16777215,1625498291,0,27fba7ca,51566931457081351",毕业快乐,0
"344.53900,1,25,16777215,1625498250,0,27fba7ca,51566909895737351",前程似锦,0
"368.69400,5,25,16646914,1625498202,0,e47348ba,51566884853645317",毕业快乐！,0
"345.00700,1,25,16777215,1625498189,0,622e2e18,51566877997531143",毕业快乐~,0
"303.24000,5,25,16646914,1625498135,0,e47348ba,51566849790312453",迟到的毕业快乐！,0
"377.15000,1,25,16777215,1625498094,0,ae2fecea,51566828336447495",毕业快乐,0
"7.05900,1,25,16777215,1625498078,0,aab97850,51566819874439171",这么快???,3
"6.45900,1,25,16777215,1625498067,0,aab97850,51566814423941125",哇,3
"384.95800,1,25,16777215,1625498039,0,eff49d87,51566799575580679",毕业快乐,0
"384.44600,1,25,16777215,1625498035,0,eff49d87,51566797429669893",毕业快乐,0
"381.46000,1,25,16777215,1625498027,0,eff49d87,51566793267347459",毕业快乐,0
"176.82800,1,25,16777215,1625498013,0,ce0d02bd,51566785731756035",哈哈哈哈哈哈哈哈,0
"2.85900,1,25,16777215,1625497903,0,27fba7ca,51566728084193285",毕业快乐,0
"381.05300,1,25,16777215,1625497883,0,aee9f587,51566717622550535",毕业快乐,0
"395.13900,1,25,16777215,1625497846,0,93f33447,51566698065559559",毕业快乐,0
"372.62600,1,25,16777215,1625497794,0,bf341152,51566670838235139",毕业快乐,0
"309.43900,1,25,16777215,1625497786,0,a744f8da,51566666992582663",毕业快乐！,0
"349.52400,1,25,16777215,1625497773,0,b4884c39,51566659856498693",毕业快乐,0
"259.09900,1,25,16777215,1625497730,0,a744f8da,51566637405437959",CSDNyyds救命的神,0
"398.69900,1,25,16777215,1625497710,0,fc74e97e,51566626970533891",毕业快乐,0
"385.59000,1,25,16777215,1625497687,0,68de3093,51566615191355399",番茄毕业快乐！,0
"7.14400,1,25,16777215,1625497683,0,97504c77,51566612872429573",毕业快乐,0
"347.93500,1,25,16646914,1625497660,0,db565b5a,51566600677490691",毕业快乐,0
"109.29900,5,18,16707842,1625497654,0,beec2785,51566597532286983",夫子循循然善诱人,0
"367.45900,1,25,16777215,1625497632,0,2d1d92d2,51566586099662851",毕业快乐,0
"400.27500,1,25,16777215,1625497620,0,5f6ce0f8,51566579587481607",毕业快乐,0
"386.52600,1,25,15138834,1625497565,0,6bcabb9a,51566551189946371",毕业快乐,0
"393.53800,1,25,16777215,1625497538,0,879eb3dc,51566536610545671",毕业快乐！,0
"390.97100,5,25,38979,1625497538,0,e542d022,51566536925642759",天啊 突然一提学生时代我的心就一紧,1
"367.48200,1,25,16777215,1625497490,0,e542d022,51566511588900867",好,0
"253.73900,5,25,41194,1625497456,0,c60cac23,51566493943463941",英特尔直呼内行,0
"346.72300,1,25,16777215,1625497420,0,cd492a42,51566474859380743",毕业快乐,0
"372.15300,1,25,16777215,1625497418,0,4b1b473c,51566473839116295",毕业快乐,0
"266.30300,1,25,16777215,1625497405,0,cf71f5c4,51566467128754181",草 太真实了,0
"373.43900,1,25,16777215,1625497386,0,fc2fb56a,51566457117999111",毕业快乐！,0
"388.78700,1,25,15138834,1625497383,0,983beac1,51566455762190341",毕业快乐,0
"357.24200,1,25,16777215,1625497359,0,b284974b,51566443113218055",毕业快乐,0
"180.37500,1,25,16777215,1625497357,0,c90768b5,51566441785720839",社恐,3
"375.15700,1,25,16777215,1625497345,0,7129864a,51566435573432327",毕业快乐,0
"332.61900,1,25,16777215,1625497309,0,983beac1,51566416966975495",毕业快乐！,0
"377.50500,1,25,16777215,1625497305,0,71bc62dd,51566414879260679",毕业快乐,0
"346.02800,1,25,16777215,1625497280,0,8d790df7,51566401784119303",毕业快乐,0
"360.89900,1,25,16777215,1625497249,0,c43249b0,51566385365516291",毕业快乐！！！,0
"374.64900,1,25,41194,1625497219,0,2523fdb8,51566369662566407",泪目,1
"29.79900,1,25,16777215,1625497217,0,c90768b5,51566368522764295",医学奇迹,0
"369.96900,1,25,41194,1625497204,0,2523fdb8,51566361722224647",毕业快乐！,0
"33.27900,1,25,15138834,1625497193,0,4feb9c42,51566355825033219",说的对！鼓掌！,0
"168.05900,5,25,15138834,1625497190,0,f2fb59f7,51566354200788997",天美打钱！！！！！,2
"310.04100,1,25,16777215,1625497184,0,a43a8250,51566351408955459",毕业快乐！,0
"309.23400,1,25,16777215,1625497181,0,60c2ad5c,51566349708689413",毕业快乐！,0
"388.27700,1,25,16777215,1625497164,0,4556c867,51566340577165319",毕业快乐,0
"331.41700,1,25,16777215,1625497156,0,1231600a,51566336577896455",毕业快乐,0
"391.79900,1,25,16777215,1625497153,0,3c0c3a2c,51566334958895111",毕业快乐,0
"400.24600,1,25,16646914,1625497147,0,bfaa9cb3,51566331965210627",毕业快乐！,0
"395.01100,1,25,16777215,1625497125,0,bd10f555,51566320130457603",毕业快乐,0
"318.87900,1,25,16646914,1625497047,0,bfaa9cb3,51566279242285125",茄茄毕业快乐！！,0
"366.49000,1,25,16777215,1625497018,0,df4d8ab0,51566264346214407",毕业快乐,0
"326.72300,1,25,16777215,1625496968,0,fc1e5277,51566237989208133",毕业快乐,0
"384.84100,1,25,16777215,1625496954,0,ba693cf2,51566230537502725",毕业快乐,0
"351.38100,1,25,16777215,1625496951,0,5f9a8a62,51566229172781059",毕业快乐,0
"367.99900,1,25,16777215,1625496946,0,b63b1145,51566226320130053",毕业快乐！,0
"302.97400,1,25,16777215,1625496942,0,df4d8ab0,51566224494034949",毕业快乐,0
"328.90000,1,25,16777215,1625496923,0,1eaae187,51566214478561285",母哥！,3
"31.56000,1,25,16777215,1625496899,0,60c2ad5c,51566201746751493",哈哈哈哈哈哈哈哈哈哈,0
"347.69400,1,25,16777215,1625496872,0,b3d9a1b5,51566187680104451",毕业快乐！,0
"256.79800,1,25,16777215,1625496863,0,bfaa9cb3,51566183002406915",哈哈哈哈哈哈哈哈哈哈哈哈哈哈哈哈哈哈哈,0
"23.01900,1,25,16777215,1625496851,0,b4223ff6,51566176551043077",精致的妆容,0
"93.88500,1,25,15138834,1625496828,0,7181fb0,51566164840022023",偷妈头,2
"11.16100,1,25,16777215,1625496807,0,3877e2a0,51566153769156611",。,3
"352.21900,1,25,16777215,1625496798,0,d308c505,51566148756963331",毕业快乐,0
"349.72900,1,25,16777215,1625496767,0,127c80c6,51566132704313349",毕业快乐,0
"387.19900,1,25,15138834,1625496763,0,a4190a01,51566130499682309",毕业快乐,0
"393.69900,1,25,16777215,1625496760,0,d5775198,51566129041113093",毕业快乐,0
"384.63900,1,25,15138834,1625496755,0,a4190a01,51566126541832195",毕业快乐,0
"365.58300,5,25,15138834,1625496744,0,13b98b7c,51566120331640903",老番茄，毕业快乐！！！,0
"52.21800,1,25,16777215,1625496735,0,37719afa,51566115622486023",你就是齐木楠雄,0
"362.98300,1,25,15138834,1625496721,0,13b98b7c,51566108707127303",老番茄，毕业快乐！,0
"374.07800,1,25,16777215,1625496709,0,2ea8e18,51566102171877381",毕业快乐,0
"328.18700,1,25,16777215,1625496702,0,c64695e,51566098427936775",母母好美!,0
"316.29900,1,25,15138834,1625496681,0,a4190a01,51566087658012677",毕业快乐,0
"392.85100,5,25,15138834,1625496665,0,e73b46ad,51566079013552135",毕业快乐,0
"378.75100,5,25,15138834,1625496646,0,e73b46ad,51566069396537347",毕业快乐,0
"387.80100,1,25,16777215,1625496643,0,4a687d1a,51566067543179269",毕业快乐！,0
"328.46600,1,25,16777215,1625496636,0,bbf56bbc,51566063903047683",毕业快乐,0
"14.78200,1,25,16777215,1625496615,0,87c6ba51,51566052965875719",毕业快乐,0
"6.07800,1,25,16777215,1625496598,0,87c6ba51,51566044234907651",一哥易主时期前来考古,0
"393.22500,1,25,16777215,1625496581,0,23ec8377,51566035248087045",毕业快乐,0
"324.73800,1,25,16777215,1625496556,0,dbcbef15,51566022009290759",毕业快乐！！！！,0
"31.72000,1,25,16777215,1625496554,0,b65a8d2a,51566021068718083",《能说话了》,0
"326.60300,1,25,16777215,1625496553,0,55a94955,51566020422795267",茄毕业快乐！,0
"354.90000,1,25,16777215,1625496520,0,b525ec20,51566002931499013",我今年也毕业啦切切！以后是高中生啦！,0
"350.43300,1,25,38979,1625496514,0,57461484,51565999795732487",毕业快乐哈,0
"355.15500,1,25,16777215,1625496512,0,e8350ce9,51565998769176581",毕业快乐！！,0
"336.01900,1,25,16777215,1625496495,0,80986f89,51565989773443075",毕业快乐,0
"322.80500,5,25,15138834,1625496461,0,62359735,51565972217659399",你们却给了我整个夏天,1
"34.91900,1,25,16777215,1625496449,0,28a9f705,51565965833928709",说得好,0
"358.24800,1,25,16777215,1625496409,0,cc78781e,51565945097814023",毕业快乐,0
"3.26000,1,25,16777215,1625496391,0,127c80c6,51565935386427395",恭喜,0
"30.09500,1,25,16777215,1625496336,0,2d52b09b,51565906500780039",？,3
"332.72600,1,25,16777215,1625496208,0,c1afd1d0,51565839779364931",毕业快乐！,0
"34.94200,1,25,16777215,1625496160,0,1eda746a,51565814480371719",毕业快乐,0
"10.73800,1,25,16777215,1625496151,0,af392086,51565809627561991",哇后面那个小姐姐,3
"369.36800,1,25,16777215,1625496059,0,21707337,51565761529905155",毕业快乐,0
"240.03400,1,25,16777215,1625496008,0,c15f4768,51565734551617541",哈哈哈哈,0
"13.23900,1,25,15138834,1625496008,0,d4800ef,51565734493421571",毕业快乐,0
"220.71600,1,25,16777215,1625495995,0,c15f4768,51565727802458119",红红火火恍恍惚惚,0
"29.04500,1,25,15138834,1625495990,0,5bec4e43,51565725343023107",毕业快乐鸭茄茄！！,0
"207.53800,1,25,16777215,1625495986,0,c15f4768,51565723192918021",刺激,3
"388.87900,1,25,15138834,1625495962,0,9ddd76f2,51565710459535367",毕业快乐！！！！前程似锦,0
"1.05900,5,25,15138834,1625495958,0,1b5bf646,51565708216107013",死神没干赢张三啊，恭喜b站二哥,0
"162.83600,1,25,16777215,1625495956,0,c15f4768,51565707581194243",毕业快乐，复旦NB,0
"334.86200,1,25,16777215,1625495932,0,339d6395,51565695025020935",毕业快乐,0
"391.83500,1,25,16777215,1625495932,0,399a518d,51565694961582083",毕业快乐！！！,0
"364.58400,1,25,16777215,1625495926,0,d5dac40c,51565691801698309",茄茄毕业快乐！！,0
"371.38200,1,25,15138834,1625495920,0,9fb0c46d,51565688587288583",毕业快乐,0
"9.67100,1,25,16777215,1625495883,0,5f60cba,51565668964761605",梅开二度,0
"333.97200,1,25,16777215,1625495840,0,d10e4841,51565646385774595",毕业快乐,0
"391.70300,1,25,16777215,1625495825,0,6f2cafd1,51565638831833093",毕业快乐,0
"354.63900,1,25,16777215,1625495821,0,e59a407d,51565636378689543",恭喜毕业！！！,0
"34.03000,1,25,16777215,1625495806,0,16efc02d,51565628644392965",我  我笑吐了,0
"3.79900,1,25,16777215,1625495795,0,aeb1ccc2,51565623208574981",毕业快乐,0
"403.00000,1,25,16777215,1625495767,0,dac75a34,51565608050360327",毕业快乐,0
"379.75300,1,25,16777215,1625495745,0,e76fdca0,51565596834791427",毕业快乐！,0
"350.61900,1,25,16777215,1625495723,0,e801c187,51565585379622915",毕业快乐,0
"48.95000,1,25,16777215,1625495715,0,3a6083f5,51565581091471367",玉犬!,0
"50.11000,1,18,16777215,1625495697,0,3a6083f5,51565571591372803",伏黑惠手势哈哈哈,0
"162.79200,1,25,16777215,1625495575,0,56245900,51565507412754437",西南大学！,0
"376.35200,1,25,16777215,1625495534,0,5805e299,51565486297055235",毕业快乐！！！！！！！！！！！,0
"402.06100,1,25,16777215,1625495518,0,25e23942,51565477705547781",毕业快乐,0
"383.56000,1,25,16777215,1625495517,0,27f50b73,51565477221105671",毕业快乐,0
"347.66200,1,25,16777215,1625495517,0,a062c42f,51565477187026951",毕业快乐！,0
"370.73100,1,25,15138834,1625495480,0,1af85d02,51565457978687491",毕业快乐,0
"394.98700,1,25,16777215,1625495423,0,a8f8afa0,51565428020346883",前程似锦！,0
"372.96800,1,25,16777215,1625495417,0,f92526c1,51565424929669127",毕业快乐,0
"332.82400,1,25,16777215,1625495412,0,38ea33b0,51565422265761797",毕业快乐,0
"374.02700,1,25,16777215,1625495390,0,a8f8afa0,51565410593013763",毕业快乐！！！,0
"302.17900,1,25,16777215,1625495360,0,1b742d75,51565394865946629",毕业快乐！！,0
"289.91100,1,25,16777215,1625495320,0,7ae7a4cf,51565373783277575",不读博了吗,2
"355.26600,1,25,16777215,1625495318,0,cb3d68d6,51565372720545799",毕业快乐,0
"333.57900,1,25,16777215,1625495313,0,48e1b9be,51565370243284997",毕业快乐,0
"273.49500,1,25,16777215,1625495307,0,4898feac,51565367306747909",有点帅woc,0
"373.40200,4,25,16646914,1625495290,0,897b96c9,51565358062501893",毕业快乐,0
"335.41900,1,25,16777215,1625495285,0,664361d1,51565355658117127",好帅啊,0
"344.77100,1,25,16777215,1625495261,0,4453e0b9,51565342918443015",毕业快乐！,0
"370.57300,1,25,16777215,1625495256,0,340016c4,51565340436463623",毕业快乐！,0
"21.10100,1,25,16777215,1625495198,0,b74a9c2f,51565310071275527",好帅,0
"228.46200,5,25,15138834,1625495190,0,6e17a398,51565306007519235",《从入门到入土，一条龙服务》,0
"232.65100,1,25,16777215,1625495145,0,4453e0b9,51565281963671559",该死，太真实了,3
"392.57300,1,25,15138834,1625495135,0,a40e3101,51565276799959043",毕业快乐,0
"314.49100,5,18,15138834,1625495115,0,8d4c02b1,51565266571100163",毕业快乐!,0
"312.99900,1,25,16777215,1625495098,0,3afac4fa,51565257698050053",毕业快乐！！！,0
"287.84200,1,25,16777215,1625495076,0,6d255037,51565246077206531",要不再读个博（doge）,2
"380.06600,1,25,16777215,1625495059,0,621efd69,51565237345714179",毕业快乐！！！,0
"392.76600,1,25,15138834,1625495031,0,84ba08b,51565222395117571",毕业快乐,0
"332.29500,1,25,16777215,1625495029,0,f93ef2b1,51565221604491269",毕业快乐！！,0
"397.09400,1,25,8700107,1625495029,0,fd917a41,51565221169332231",毕业快乐,0
"305.72600,1,25,16777215,1625495001,0,22ce520b,51565206559522821",毕业快乐！！,0
"34.17900,5,25,15138834,1625494998,0,85a1903d,51565205310668805",说的好,0
"26.73900,1,25,16777215,1625494974,0,4453e0b9,51565192381202437",医学奇迹,0
"390.64100,5,25,16646914,1625494926,0,675882f6,51565167354839047",毕业快乐,0
"368.02700,5,25,14811775,1625494921,0,b8fe43b5,51565164723961863",毕业快乐！,0
"365.38700,5,25,15138834,1625494909,0,b8fe43b5,51565158724009987",毕业快乐！,0
"392.96600,1,25,16777215,1625494895,0,31c64141,51565151327879171",毕业快乐,0
"395.49700,1,25,16777215,1625494894,0,61d4230f,51565150473814021",毕业快乐,0
"315.79900,1,25,16777215,1625494883,0,a9f00441,51565144759599107",茄茄毕业快乐,0
"251.52400,1,25,16777215,1625494875,0,d30950d8,51565140792311811",海米狂喜,0
"400.43200,1,25,16777215,1625494864,0,25e23942,51565134637170695",毕业快乐,0
"370.36800,1,25,16777215,1625494864,0,d197d73f,51565134768242691",毕业快乐,0
"365.72100,1,25,15772458,1625494863,0,40973206,51565134358249475",毕业快乐,0
"399.75000,1,25,16777215,1625494855,0,5b629e9e,51565130297638917",这次，没有句号！,1
"347.75300,1,25,16777215,1625494848,0,edf98f02,51565126319341573",毕业快乐,0
"312.65100,5,25,15138834,1625494845,0,b8fe43b5,51565125102469125",毕业快乐！,0
"363.15900,1,25,16777215,1625494839,0,692086a,51565121630633989",毕业快乐,0
"208.92500,1,25,16777215,1625494824,0,856cb237,51565114155859975",茄茄好可爱帅气呐~~~~,0
"334.46000,1,25,16777215,1625494801,0,3ef6b637,51565101966163971",毕业快乐！！,0
"344.57400,1,25,16777215,1625494792,0,494d5dd3,51565097207726085",毕业快乐～,0
"397.10900,5,25,16646914,1625494765,0,d3d7232e,51565083243315205",再见求新楼再见,1
"298.60300,1,25,16646914,1625494757,0,2abde1cd,51565078953066499",毕业快乐,0
"322.60000,1,25,16777215,1625494740,0,4cc8eea4,51565069662158851",毕业快乐！,0
"367.36700,5,25,16646914,1625494735,0,d3d7232e,51565067460149253",我也毕业了！！！！！！！！！！！！！！,0
"391.25900,1,25,14811775,1625494724,0,7b39d8e6,51565061426642949",毕业快乐！祝我们前程似锦！,0
"395.05900,1,25,16777215,1625494705,0,3eded079,51565051622981637",毕业快乐,0
"397.91600,1,25,16777215,1625494697,0,94bc4828,51565047355801607",毕业快乐,0
"381.20400,1,25,16777215,1625494687,0,94be4ea0,51565042223546371",毕业快乐,0
"175.55900,1,25,16777215,1625494687,0,3afac4fa,51565042176360453",嘿嘿,0
"149.37900,1,25,16777215,1625494658,0,3afac4fa,51565026811576325",泪目,1
"370.36500,1,25,16777215,1625494645,0,1461fa69,51565019846410247",前程似锦,0
"349.66000,1,25,16777215,1625494639,0,557ab038,51565017042518021",毕业快乐,0
"359.58100,1,25,16777215,1625494634,0,1461fa69,51565014201925637",毕业快乐！,0
"116.05900,1,25,16777215,1625494617,0,3afac4fa,51565005453131781",满身大汉,1
"365.89500,1,25,15138834,1625494585,0,16fc32d1,51564988568436743",毕业快乐,0
"399.31900,1,25,16777215,1625494562,0,efd15373,51564976716382213",毕业快乐,0
"379.97600,1,25,16777215,1625494538,0,71369690,51564963813130247",毕业快乐,0
"365.50500,1,25,16777215,1625494534,0,7fede497,51564961972879365",毕业快乐,0
"362.38800,1,25,16777215,1625494521,0,669bfdb6,51564955067482119",毕业快乐,0
"358.47100,1,25,16777215,1625494449,0,3b83b8f3,51564917262123011",毕业快乐,0
"329.87500,1,25,16777215,1625494421,0,95bfbf1a,51564902639206407",毕业快乐,0
"390.59900,5,25,16707842,1625494401,0,42e3258,51564891896020999",毕业快乐！！,0
"348.05100,1,25,15138834,1625494401,0,30845fdf,51564892318597125",毕业快乐！！,0
"60.19900,1,25,15138834,1625494355,0,f90b2260,51564867879960581",注意细节：《他说话啦！》,0
"376.31900,1,25,16777215,1625494325,0,df6cfa44,51564852289732613",毕业快乐,0
"386.95900,1,25,16777215,1625494305,0,fd10e7ed,51564841865314309",毕业快乐,0
"370.27900,1,25,16777215,1625494276,0,2692e8fc,51564826749042691",毕业快乐,0
"385.50500,5,25,16646914,1625494275,0,b851215c,51564826090012741",毕业快乐,0
"373.54700,1,25,16646914,1625494263,0,b851215c,51564819926482951",毕业快乐,0
"393.62600,1,25,15138834,1625494255,0,230d11a3,51564815516696579",毕业快乐,0
"380.49900,1,25,16777215,1625494251,0,3957ef96,51564813459914759",毕业快乐,0
"391.76900,1,18,16777215,1625494173,0,6041b18d,51564772653006851",毕业快乐,0
"318.79600,5,25,16777215,1625494171,0,3957ef96,51564771544662021",毕业快乐,0
"376.50400,5,25,15138834,1625494158,0,b919f4a0,51564764824862723",茄哥要永远好好的,0
"95.75000,1,25,16777215,1625494154,0,852d63a2,51564762590871557",杰。。杰哥,0
"381.50000,1,25,16777215,1625494151,0,eaefeef0,51564761105563653",毕业快乐,0
"400.28100,1,25,16777215,1625494141,0,d611f0d5,51564755741048837",毕业快乐,0
"375.73400,1,25,15138834,1625494140,0,b919f4a0,51564755425427463",毕业快乐,0
"152.27500,1,25,16777215,1625494076,0,1d8fd3ac,51564721512906755",居然有人不带眼镜？,3
"358.02200,1,25,16777215,1625494036,0,667410f7,51564700876406791",畢業快樂！,0
"394.01900,1,25,16777215,1625494017,0,cc2373b7,51564690680053765",毕业快乐,0
"392.05000,1,25,16777215,1625494006,0,35c5bc9f,51564684780240899",毕业快乐,0
"380.69900,1,25,16777215,1625493999,0,cc2373b7,51564681425846279",毕业快乐,0
"369.05900,1,25,16777215,1625493984,0,cc2373b7,51564673502806023",毕业快乐,0
"389.19000,1,25,16777215,1625493972,0,ac85befb,51564667330363395",毕业快乐,0
"361.81900,1,25,16777215,1625493964,0,f0dfc9e9,51564663147069443",毕业快乐！,0
"134.80700,5,25,15138834,1625493957,0,3957ef96,51564659466043395",正片开始,0
"384.40300,1,25,16777215,1625493938,0,4ecf7bd5,51564649455288325",毕业快乐,0
"118.22300,5,25,15138834,1625493937,0,dfa4e0b9,51564648614854661",《满头学霸》,0
"366.59600,1,25,16777215,1625493917,0,92a12773,51564638551670855",毕业快乐,0
"391.84900,1,25,16777215,1625493914,0,3991d0d7,51564636696215555",毕业快乐,0
"375.09600,1,25,16777215,1625493899,0,f6aff1ff,51564629113438213",毕业快乐,0
"362.56100,1,25,16777215,1625493859,0,4c0506f9,51564607907037189",毕业快乐,0
"363.70000,1,25,16777215,1625493850,0,32fd6a60,51564603416510469",毕业快乐,0
"21.47900,1,25,16777215,1625493827,0,dfa4e0b9,51564591125626883",明天我期末考试，大一结束,0
"397.28500,1,25,16777215,1625493797,0,3cb4ed4f,51564575435784195",毕业快乐,0
"363.57700,1,25,16777215,1625493794,0,3fad788c,51564573854531591",毕业快乐！！,0
"2.01900,1,25,16777215,1625493736,0,71fb294a,51564543484100613",来了,0
"363.37100,1,25,15138834,1625493690,0,485ef326,51564519485865987",毕业快乐,0
"363.37100,1,25,16777215,1625493661,0,485ef326,51564504013078531",毕业快乐,0
"397.76900,1,25,16777215,1625493652,0,f3132df8,51564499429752839",毕业快乐宝,0
"38.47900,1,25,6830715,1625493638,0,d1d1a6e1,51564491925618691",科学奇迹,3
"396.54900,1,25,16777215,1625493631,0,c10118c7,51564488642002947",毕业快乐！！！,0
"13.47900,1,25,16777215,1625493628,0,a443ddf2,51564487091159043",真的假的，你不读博士吗？,2
"397.03900,1,25,16777215,1625493625,0,58a0735a,51564485493653511",毕业快乐,0
"338.81900,1,25,16777215,1625493583,0,f3132df8,51564463065137155",毕业快乐！,0
"379.23900,1,25,41194,1625493581,0,a54f18b4,51564462005026823",毕业快乐,0
"398.94600,1,25,16777215,1625493557,0,aff1167d,51564449751891975",毕业快乐,0
"392.83700,1,25,16777215,1625493550,0,8011ea19,51564445793517573",毕业快乐,0
"331.92800,1,25,16777215,1625493530,0,8f05672,51564435583008773",毕业快乐！！！,0
"375.37900,1,25,16777215,1625493501,0,90a9502f,51564420290576391",茄茄毕业快乐,0
"363.98700,1,25,16777215,1625493467,0,95ac0a31,51564402450628615",毕业快乐,0
"355.63900,1,25,16777215,1625493461,0,7194cfe6,51564399307522051",毕业快乐,0
"362.01700,1,25,16777215,1625493447,0,19c21e13,51564391896186885",毕业快乐,0
"44.79900,1,25,6830715,1625493412,0,b08d0979,51564373461696579",似     曾     相     识,0
"313.18300,1,25,16777215,1625493399,0,eb55e84b,51564366864056327",《默 契》,0
"117.11700,1,25,16777215,1625493382,0,fdcfbec,51564358043959299",强人锁男,0
"400.44600,1,25,16777215,1625493356,0,a7a1ddd9,51564344065392647",毕业快乐,0
"391.81900,1,25,16777215,1625493344,0,bfb7aec9,51564337835278341",毕业快乐,0
"367.93300,1,25,16777215,1625493331,0,ec948da,51564331308417031",毕业快乐,0
"314.75800,1,25,16777215,1625493310,0,d78eb97c,51564320039895047",毕业快乐！,0
"303.74200,1,25,16777215,1625493292,0,36bc7b8f,51564310897360903",毕业快乐,0
"325.11700,1,25,16777215,1625493283,0,ec948da,51564306278383623",毕业快乐！！,0
"381.65900,1,25,16777215,1625493242,0,a3ebad7,51564284323299333",毕业快乐！复旦等我！,0
"374.19300,1,25,16777215,1625493220,0,1661523,51564272893820935",毕业快乐！,0
"374.45900,1,25,16777215,1625493218,0,6523b0b,51564271745630213",毕业快乐茄哥,0
"376.43900,1,18,15138834,1625493197,0,44bfb388,51564261079515143",毕业快乐,0
"334.45900,1,25,16777215,1625493175,0,1661523,51564249322356743",毕业快乐！,0
"401.38800,1,25,16777215,1625493156,0,dc995d8e,51564239403352067",毕业快乐,0
"364.44900,1,25,16777215,1625493050,0,78992e60,51564183885447173",毕业快乐,0
"51.53600,1,25,16646914,1625492981,0,60ff5208,51564147765149701",HHHHHHH,0
"32.64700,1,25,16777215,1625492944,0,8d2ddbd5,51564128498089991",不但说话了还化妆了（doge,0
"325.40900,1,25,16777215,1625492937,0,742748a7,51564124314796035",毕业快乐！,0
"330.18400,1,25,16777215,1625492915,0,cb3a1f9,51564112924639239",毕业快乐！！！！！！！,0
"372.89900,1,25,16777215,1625492837,0,aac560e9,51564072206860293",毕业快乐！,0
"398.61900,1,25,15138834,1625492827,0,a2604656,51564066841821189",毕业快乐,0
"28.59600,1,25,16777215,1625492801,0,9f23785f,51564053364998149",恭喜恭喜,0
"367.53900,1,25,16777215,1625492771,0,728a101c,51564037435031555",毕业快乐,0
"382.34800,1,25,16646914,1625492760,0,57e1865b,51564031895928839",毕业快乐,0
"400.53900,1,25,16777215,1625492665,0,dc1629ec,51563982174027843",毕业快乐茄茄,0
"344.90300,1,25,16777215,1625492656,0,f6d87d79,51563977234186247",毕业快乐,0
"401.34800,1,25,16777215,1625492629,0,8e14d0bc,51563963321155587",毕业快乐,0
"332.16100,1,25,16777215,1625492624,0,bb98b89c,51563960592236547",毕业快乐！,0
"349.83600,1,25,16777215,1625492616,0,774c3fa7,51563956088602627",毕业快乐！,0
"387.75800,1,25,16646914,1625492583,0,934b98d8,51563938811740163",毕业快乐！,0
"1.02800,1,25,16777215,1625492575,0,82ce5b5d,51563934974476293",B站二哥,0
"316.03900,1,25,16777215,1625492573,0,dc1629ec,51563933728243715",茄茄,0
"367.83900,1,25,16777215,1625492564,0,21d9629c,51563929019088899",毕业快乐,0
"307.33900,1,25,16777215,1625492560,0,dc1629ec,51563926926655491",茄茄,0
"398.86600,1,25,16777215,1625492535,0,6d9304e2,51563913882370055",毕业快乐啊。,0
"320.10200,1,25,16646914,1625492515,0,934b98d8,51563903442747395",毕业快乐！！,0
"321.55900,1,25,15138834,1625492438,0,9857df69,51563863016472579",毕业快乐！,0
"198.46200,1,25,16777215,1625492433,0,484856b9,51563860600553475",张东升？,2
"322.99100,1,25,15138834,1625492419,0,e837dd19,51563852730990599",毕业快乐茄茄,0
"380.60600,1,25,16777215,1625492386,0,e8eb37e3,51563835414282247",再见 你好！！,1
"377.08900,5,25,15138834,1625492382,0,9ca920a,51563833580322821",毕业快乐,0
"382.04300,1,25,16777215,1625492358,0,9ca920a,51563820953894917",毕业快乐,0
"84.61900,1,25,16777215,1625492354,0,91a5d58b,51563818928046087",啊啊啊啊啊,2
"339.94500,1,25,16777215,1625492277,0,e8eb37e3,51563778512781319",毕业快乐！！！,0
"309.73700,1,25,16777215,1625492240,0,e8eb37e3,51563759272984581",zlz,0
"332.20900,1,25,16777215,1625492208,0,301858c8,51563742338482183",毕业快乐,0
"367.58700,1,25,16777215,1625492194,0,510fff99,51563734906699781",毕业快乐,0
"337.80900,1,25,16777215,1625492181,0,dab9fbf5,51563728197386245",毕业同乐,0
"367.53900,1,25,16777215,1625492175,0,be9f207,51563725035929607",毕业快乐！,0
"325.79000,1,25,16777215,1625492172,0,68110c0c,51563723285856263",毕业快乐,0
"354.19900,1,25,16777215,1625492127,0,b1e70c77,51563700030013445",这个背影帅哦,0
