"435.78500,1,25,15138834,1625551833,0,381431a5,51595003208663043",女人只会影响我写歌的速度,0
"413.67400,1,25,16777215,1625551811,0,e482031,51594991365521413",雅俗共赏,0
"270.79300,1,25,16777215,1625551807,0,e5bd15b7,51594989248970755",这个logo就很像抄袭,2
"123.26200,5,25,14811775,1625551795,0,8257e024,51594982964854791",那些莫名仇恨的眼神，恨得那么深恨得那么认真，把我当成假想敌呢,2
"7.80800,1,25,16777215,1625551793,0,c51b1913,51594981930434563",来了！,0
"13.79900,1,25,16777215,1625551792,0,bb13f253,51594981728583687",排面,0
"272.01100,1,25,16777215,1625551785,0,4296ade0,51594977795899395",靠我以为是蛇吓死我了,3
"196.97900,4,25,15138834,1625551757,0,6bfa8dac,51594963342327813",重新定义小目标,0
"376.58500,1,25,16777215,1625551749,0,381431a5,51594958731214855",再直白一点 他不配,2
"1.25900,1,25,16777215,1625551738,0,6911d044,51594953214656519",啊啊啊啊啊啊啊,2
"121.42200,5,25,14811775,1625551710,0,8257e024,51594938394083331",我做自己的事，我写自己的字，简简单单的喜欢不需要那么多的评论,0
"156.45000,1,25,16777215,1625551664,0,7b6c125d,51594914507522053",呼吸の野！,0
"382.53800,1,25,16777215,1625551642,0,44f67d29,51594903022993415",你可以一巴掌拍死它,0
"377.08100,1,25,16777215,1625551641,0,b9b25823,51594902311010307",6666666,0
"114.00600,5,25,16707842,1625551628,0,8257e024,51594895664087043",《大牌》《遛你玩》《安徒生不后悔》《别咬我》《我无所谓》,0
"12.89900,1,25,16777215,1625551613,0,d6ce6a04,51594887795048451",排面,0
"106.44600,5,25,14811775,1625551576,0,8257e024,51594868302020615",嵩嵩超励志啊，喜欢就去做,0
"22.94700,1,25,16777215,1625551559,0,7b6c125d,51594859406950403",许嵩，yyds,0
"50.31500,1,25,16777215,1625551549,0,870c5748,51594854204440583",偶像,0
"18.40300,1,25,16777215,1625551549,0,7b6c125d,51594854105350213",嵩哥排面,0
"104.24600,5,25,14811775,1625551536,0,8257e024,51594847157485571",很冒险的嵩嵩,0
"336.19900,1,25,41194,1625551527,0,a5ddcf08,51594842462486531",所以啊，这就是俺们喜欢嵩哥的根本原因喽,0
"96.60600,5,25,14811775,1625551518,0,8257e024,51594837673639943",很快乐的,0
"87.36600,5,25,14811775,1625551503,0,8257e024,51594830052065287",那时候青涩又认真，虽多磨难，但你仍心欢喜,0
"161.39900,1,25,16777215,1625551481,0,b9a59fe7,51594818524020743",假摔,2
"239.12200,1,25,16777215,1625551429,0,e5462c1d,51594791262093315",音乐纯粹，爱v绝对,0
"151.81000,1,25,16777215,1625551400,0,b9b25823,51594776051974151",冰柜！！！,0
"65.64600,1,25,41194,1625551386,0,8257e024,51594768534732805",哈哈哈哈,0
"59.12600,1,25,41194,1625551377,0,8257e024,51594763760566275",温文尔雅,0
"49.12600,1,25,41194,1625551362,0,8257e024,51594756025745413",许嵩yyds,0
"336.92300,1,25,41194,1625551353,0,17618092,51594751512150023",从08年到现在，爱你如旧,0
"182.75900,1,25,16777215,1625551348,0,1a324cd4,51594748766453767",天道酬勤！,0
"24.27900,1,25,16777215,1625551339,0,b9a59fe7,51594743990714375",降温！,0
"4.89900,1,25,16777215,1625551321,0,665f542b,51594734598619139",嵩哥,0
"429.43900,1,25,16777215,1625551318,0,ce89bd9c,51594733158400003",嵩嵩，喜欢你是一件很幸福的事。未来我们继续相伴!,0
"28.99100,1,25,16777215,1625551282,0,17ee6231,51594714274594823",嵩哥好帅！,0
"120.59400,1,25,16777215,1625551265,0,e5462c1d,51594705256841219",许嵩，yyds,0
"8.33900,1,25,16777215,1625551213,0,521c94ae,51594678001729539",排面,0
"19.49900,1,25,16777215,1625551185,0,8257e024,51594663193739267",许嵩许嵩,0
"5.89900,1,25,16777215,1625551177,0,d0799c74,51594658975318021",排面！！,0
"383.36900,1,25,16777215,1625551133,0,2e93789d,51594636167741443",你可以拍死他哈哈哈哈,0
"4.87900,1,25,16777215,1625551108,0,18865185,51594622860263427",嵩哥排面！！！！！,0
"386.94500,1,25,16777215,1625551048,0,52d772cf,51594591325388807",哈哈哈哈哈哈哈,0
"439.85900,1,25,16777215,1625551033,0,528b64d4,51594583884693507",许嵩yyds（永远单身）,0
"386.66700,1,25,14811775,1625551002,0,8257e024,51594567284686855",雅俗共赏,0
"237.15900,1,25,16777215,1625550980,0,d7343fc0,51594555928084487",许嵩需要念稿？,2
"6.34000,1,25,16777215,1625550979,0,874f11e3,51594555093417989",33333333,0
"186.66700,1,25,16777215,1625550969,0,b128e11a,51594549952249863",合肥一中人就是优秀,0
"202.30000,1,25,16777215,1625550952,0,2e93789d,51594541219708935",去没人的大山上确实不需要戴口罩,2
"8.93900,1,25,16777215,1625550942,0,e54b5a5d,51594535866204163",排面,0
"353.11900,1,25,16777215,1625550942,0,528b64d4,51594535695286339",《别咬我》,2
"315.33500,1,25,16777215,1625550892,0,d743c76d,51594509636599815",《有何不可》,0
"119.78200,1,25,16777215,1625550870,0,2e93789d,51594497942880261",看起来是真的很年轻,0
"13.28900,1,25,16777215,1625550824,0,f25f35f9,51594473962995717",棒,0
"297.63900,1,25,16777215,1625550814,0,d1f7a8c0,51594468914626567",还行,0
"142.45900,1,25,16777215,1625550812,0,c958188f,51594467847176197",三尺,0
"286.20500,1,25,16777215,1625550783,0,d1f7a8c0,51594452342407171",不错,0
"250.28300,5,25,41194,1625550767,0,8257e024,51594443826921477",许嵩许嵩,0
"18.66400,1,25,16777215,1625550748,0,7374b59a,51594434158002183",我老公,3
"16.61600,1,25,16777215,1625550743,0,7374b59a,51594431527124995",排面,0
"128.83000,1,25,16777215,1625550736,0,28f26a8f,51594427824603141",我太爱嵩哥了,0
"12.35000,1,25,16777215,1625550735,0,7374b59a,51594427244216325",合照,0
"352.93900,1,25,16777215,1625550702,0,ac964cfc,51594410151903237",时间会回答一切,1
"410.92100,1,25,16777215,1625550684,0,440b071,51594400603045895",牛,0
"14.69900,1,25,16777215,1625550676,0,f42e4c43,51594396545581061",排面,0
"51.49900,1,25,16777215,1625550632,0,528b64d4,51594373580718087",胖了胖了,0
"287.77900,1,25,16777215,1625550610,0,ac964cfc,51594361830375427",每个人都是孤岛，别妄想别人完全理解你,2
"16.55300,1,25,16777215,1625550584,0,52d772cf,51594348456312835",不许嵩手,2
"384.57900,1,25,16777215,1625550570,0,350ed364,51594340971577347",情商都被你高完了,2
"27.59900,1,25,16777215,1625550556,0,d453ad98,51594333312778247",啊，老公,3
"139.81900,1,25,16777215,1625550556,0,2ec8b3d,51594333686071301",乌鸦！,3
"345.75800,1,25,16777215,1625550553,0,8fd94062,51594331750924295",但是可以打死蚊子呀,0
"370.72900,1,25,16777215,1625550544,0,44cbb122,51594326989864965",都是粉丝在对线哈哈哈,0
"333.39900,1,25,16777215,1625550512,0,148baab9,51594310582796291",触到神经就应该懂得鼓掌,0
"7.97900,1,25,14811775,1625550510,0,fa8699a3,51594309339709445",周杰伦yyds,0
"11.13900,1,25,16777215,1625550489,0,8fe91172,51594298374225923",许嵩YYDS,0
"266.77000,1,25,16777215,1625550476,0,4629e382,51594291678019589",这就是你新专只有一个MV的原因？,2
"432.69600,1,25,16777215,1625550429,0,f05d176d,51594266861371397",心流,1
"206.33700,1,25,16777215,1625550393,0,4406876e,51594248293711879",羡慕,0
"7.93100,1,25,16777215,1625550363,0,94885183,51594232147738629",许嵩！！！,0
"7.82800,1,25,16777215,1625550294,0,f83c0afe,51594196129153029",排面,0
"236.18000,1,25,16777215,1625550288,0,45395ae5,51594193216733187",有被教到,0
"177.35400,1,25,16777215,1625550265,0,d95db639,51594180806311941",我最喜欢《超市》,0
"162.98900,1,25,16777215,1625550251,0,e1aa3aae,51594173366140935",说是在念稿的可以去看看嵩哥直播，这么说话是嵩哥常态了,2
"54.84900,1,25,16777215,1625550242,0,4406876e,51594168664850439",说话也声音很好听,0
"63.30500,5,25,16777215,1625550207,0,8fd94062,51594150792396867",风扇表示我是不是还有希望？,1
"12.02000,1,25,16777215,1625550165,0,4323eccf,51594128691560453",666,0
"135.06000,1,25,16777215,1625550160,0,45395ae5,51594125949534213",明白了,0
"30.41900,1,25,16777215,1625550144,0,befc338b,51594117695668227",各位嵩鼠，下次抢票能不能给我留一张,0
"88.42500,1,25,16777215,1625550118,0,421aa874,51594104036917253",以前应该是在做周杰伦粉丝的事情哈哈哈,0
"14.78500,5,25,16707842,1625549996,0,421aa874,51594040088461319",最佳歌手,0
"3.69900,1,25,16777215,1625549992,0,1ed19ff3,51594037781594115",排面,0
"4.57900,1,25,16777215,1625549989,0,350ed364,51594036173602823",排面！！！！！,0
"388.88100,1,25,16777215,1625549941,0,4259e799,51594010836860935",牛!,0
"6.25900,1,25,16777215,1625549929,0,72107b14,51594004525481989",01:10,0
"14.07900,5,25,15138834,1625549914,0,c75f7adc,51593997037600771",排面,0
"13.06200,1,25,16777215,1625549886,0,6858e981,51593982275747847",排面！,0
"283.19900,1,25,16777215,1625549868,0,b3604775,51593973054570501",好透彻啊真的,0
"349.93900,1,25,16777215,1625549839,0,222dd54,51593957789401093",@李园杰,0
"58.97900,1,25,16777215,1625549804,0,f01e6ba0,51593939123175431",又是一个学医的,0
"218.81900,1,25,16777215,1625549760,0,bc711400,51593916071280647",说在看稿的都是为灯光和舞台而生的是吧 思考问题不看镜头很奇怪？,2
"100.81700,1,25,16777215,1625549745,0,62c7ceac,51593908557709319",音乐诗人,0
"349.85000,1,25,16777215,1625549735,0,2a8d6817,51593903271313411",但可以拍死啊,0
"75.75300,1,25,16777215,1625549730,0,3f0f353b,51593900708069381",老古董,0
"3.45900,1,25,16777215,1625549726,0,d5024209,51593898413260803",音乐纯粹爱V绝对,0
"70.75500,1,25,16777215,1625549709,0,1308bda4,51593889363525635",烤面筋，香香的烤面筋,0
"364.74800,1,25,16777215,1625549709,0,fa9afc6e,51593889486733319",蚊子快把老许吸干了,3
"257.87300,1,25,16777215,1625549696,0,a16a3f85,51593882500595717",这段话和姜文说得很像 作品要让人思考,0
"69.59500,1,25,16777215,1625549695,0,1308bda4,51593882047086595",哈哈哈哈哈哈哈,0
"5.69400,1,25,16777215,1625549680,0,532bb614,51593874105696263",来了来了,0
"7.88500,1,25,16777215,1625549666,0,e173aa3c,51593866834870275",来了,0
"81.19900,1,25,16777215,1625549660,0,b3604775,51593863643529219",然后顺便做了个软件！,0
"42.68300,1,25,16777215,1625549618,0,a55265ac,51593841598791687",这个衣服像上去的,0
"17.29900,1,25,16777215,1625549612,0,b8433757,51593838640234499",排面,0
"268.10800,1,25,16777215,1625549586,0,fa9afc6e,51593824989347847",老许的作品需要慢慢品,0
"382.87800,1,25,16777215,1625549569,0,9183c664,51593815875649543",舒服了哈哈哈哈哈哈哈,0
"380.65800,1,25,16777215,1625549563,0,9183c664,51593812988395523",爽,0
"50.40900,1,25,16777215,1625549544,0,af7c20a2,51593802975543301",前面的像田野,2
"7.07500,1,25,16777215,1625549539,0,2f5ff6fc,51593800381890565",来了,0
"7.07500,1,25,16777215,1625549533,0,2f5ff6fc,51593797058428931",来了,0
"3.83500,1,25,16777215,1625549518,0,2f5ff6fc,51593789228711943",排面,0
"0.59500,1,25,16777215,1625549509,0,2f5ff6fc,51593784404738053",排面,0
"11.67300,1,25,16777215,1625549481,0,ab91f28d,51593769753509893",排面,0
"7.34100,1,25,16777215,1625549476,0,ab84cb71,51593767549403139",排面排面排面。,0
"298.53000,1,25,16777215,1625549447,0,6400c77c,51593752142675973",有何不可,2
"105.68600,1,25,41194,1625549422,0,97cce50d,51593739255676931",“用音乐认识自己，而非用音乐让他人辨识自己。”  ,2
"30.49200,1,25,16777215,1625549416,0,a2dac355,51593735951089667",不懂就问，这特么像Faker么？,2
"299.82600,1,25,16777215,1625549387,0,c699d25,51593720389173255",战歌起!,0
"176.87500,1,25,16777215,1625549373,0,d398f586,51593713079549957",不是看稿，是在梳理思路,2
"19.85900,1,25,38979,1625549362,0,dbb1dc6b,51593707528912903",许嵩yyds,0
"13.65900,1,25,16777215,1625549347,0,dbb1dc6b,51593699513073667",小嵩嵩啊啊啊啊啊许甜甜,0
"246.90600,1,25,16777215,1625549330,0,c699d25,51593690530447363",学汉语言的表示，嵩哥这话上到了文学理论的角度。,2
"145.93000,1,25,16777215,1625549287,0,6400c77c,51593668245585927",背景音乐，呼吸之野 乌鸦,0
"18.10900,1,25,16777215,1625549261,0,b5ff921f,51593654419062791",排面,0
"5.90600,1,25,16777215,1625549243,0,b5ff921f,51593645391872003",来了来了,0
"72.85100,1,25,16777215,1625549233,0,6679bf2d,51593640136409091",面筋哥很生气，香香的烤面筋可带劲了,2
"161.25900,1,25,16777215,1625549212,0,36fc634,51593628963831813",然后这张专辑听的脊背一凉,1
"440.85900,1,25,16777215,1625549208,0,3c701c7e,51593626986741765",哈哈哈哈哈哈哈好像没有世俗的欲望了,0
"141.43900,1,25,16777215,1625549204,0,7e74f4e9,51593624505286663",荒野之息,1
"0.24200,1,25,16777215,1625549198,0,2b134d9e,51593621395210245",大家好，欢迎来看我老公,0
"335.97900,1,25,16777215,1625549184,0,604c3f69,51593614442102789",被才华折服,0
"422.97900,1,25,16777215,1625549176,0,3c701c7e,51593609792192519",  隔代是除过乌鸦之外我最喜欢的一首歌，很有共鸣,0
"26.00500,4,25,9487136,1625549143,0,2f8add08,51593592824135687",其实再发生一次又怎么样呢？,1
"4.22800,4,25,9487136,1625549089,0,2f8add08,51593564419260421",再来一次又怎么样呢？,1
"16.40000,1,25,16777215,1625549069,0,55c277ee,51593554121719815",三连，必须三连,2
"334.79900,1,25,16777215,1625549063,0,3c701c7e,51593550611087367",做你心灵共鸣的歌迷朋友,0
"239.60600,1,25,16777215,1625549028,0,8257e024,51593532149334023",Vae,0
"18.66400,1,25,16777215,1625549025,0,85459dfd,51593530816069635",排面,0
"17.05700,1,25,16777215,1625548989,0,1308bda4,51593512082735111",老许好帅,0
"250.93900,1,25,16777215,1625548977,0,2fce5ed7,51593505837940743",送个,0
"48.97900,1,25,16777215,1625548944,0,6d3e148,51593488422666247",格局，太帅了,0
"384.01600,1,25,16777215,1625548941,0,105df7c2,51593487009185795",啊这,3
"57.88400,1,25,16777215,1625548936,0,bf818f56,51593484295995395",他没出道时唱过很多周杰伦的串烧啊卧槽,0
"367.47000,1,25,16777215,1625548934,0,da0b3998,51593483186601991",有何不可？  无何不可,2
"406.92200,5,25,15138834,1625548928,0,23e1c178,51593479848984583",哈哈，可现在很多人都很喜欢听的都是这种流水线的歌,0
"372.22200,5,25,38979,1625548912,0,5263cf21,51593471458803717",暗示巴哥？,2
"338.70300,1,25,16777215,1625548892,0,105df7c2,51593460904886279",嘿嘿嘿,0
"3.01900,1,25,16777215,1625548884,0,49c5eeb4,51593456962764871",排面,0
"19.29900,1,25,16777215,1625548853,0,604c3f69,51593440466567175",许甜甜yyds,0
"14.37900,1,25,16777215,1625548833,0,604c3f69,51593430422781959",排面,0
"77.48100,5,25,15138834,1625548830,0,5263cf21,51593428625522695",网红三膏,0
"406.71900,1,25,16777215,1625548829,0,a99056f5,51593428289454083",雅俗共赏yyds,0
"407.27100,1,25,16777215,1625548798,0,89885e3d,51593411673194499",好喜欢他,0
"336.51300,1,25,16777215,1625548794,0,23e1c178,51593409515225093",确实,0
"66.73900,1,25,16777215,1625548786,0,3c701c7e,51593405608755203",油面筋站的太高了,0
"13.85900,1,25,15138834,1625548766,0,5263cf21,51593394988253189",高高厉害！,0
"173.39300,1,25,16777215,1625548763,0,6c111e3,51593393544364037",人民万岁,0
"44.73900,5,25,6830715,1625548759,0,8257e024,51593391307227141",勇敢嵩嵩 冲呀,0
"0.93900,1,25,15138834,1625548747,0,5263cf21,51593384827551749",来看许山膏了,0
"38.49900,5,25,9599289,1625548730,0,8257e024,51593375947161603",小维,0
"5.01900,1,25,15138834,1625548727,0,5263cf21,51593374783242247",高高,0
"13.95200,1,25,16777215,1625548720,0,f17374ab,51593370735214597",排面,0
"427.69900,1,25,16777215,1625548717,0,78df0311,51593369516244995",呜呜呜我也听得泪流满面,1
"385.66200,1,25,16777215,1625548698,0,b7fa8232,51593359511257093",66666,0
"377.93900,1,25,16777215,1625548653,0,78df0311,51593335592189957",不在一个层面 笑死哈哈哈哈哈哈哈哈哈哈哈,0
"29.81900,5,25,15138834,1625548653,0,8257e024,51593336010571783",音乐纯粹 爱V绝对,0
"215.70200,1,25,16777215,1625548643,0,758eea9f,51593330686427141",这些话不需要稿哈哈哈,0
"292.26300,1,25,16777215,1625548626,0,d19cb185,51593321709568005",嵩哥是纲丝？,2
"5.05900,5,25,41194,1625548619,0,8257e024,51593318193692677",音乐纯粹 爱V绝对,0
"14.22700,1,18,41194,1625548602,0,f48f4548,51593308914319367",许嵩,2
"446.33900,1,25,16777215,1625548592,0,97896901,51593304081432583",这就是许嵩,0
"333.67900,1,25,16777215,1625548590,0,78df0311,51593302695739397",老粉在此！！,0
"237.56600,5,25,41194,1625548574,0,8257e024,51593294502166535",音乐纯粹 爱V绝对,0
"232.71300,1,25,16777215,1625548572,0,ca67a8cb,51593293171523589",简称阅读理解，一篇文章作者都拿不到满分的阅读理解,2
"247.39900,1,25,16777215,1625548563,0,a9252e32,51593288434057221",文学一旦出现就是要被误解的,2
"123.27900,1,25,16777215,1625548546,0,d6646ca2,51593279904940039",腹有诗书气自华,0
"103.59900,1,25,16777215,1625548522,0,d6646ca2,51593267008503811",大家移步网易云音乐，给乌鸦投票哈,0
"330.11600,1,25,16777215,1625548520,0,d540946b,51593266219450373",陷于才华!!忠于人品!!,2
"9.70400,1,25,16777215,1625548504,0,2e3ad91b,51593257471180805",排面,0
"441.49200,1,25,16777215,1625548496,0,dd54f17,51593253316198467",与天斗其乐无穷,0
"36.29600,1,25,16777215,1625548494,0,8a6cc38a,51593252687577093",向全世界安利余景天,0
"75.38200,1,25,16777215,1625548485,0,758eea9f,51593247875137543",油面筋;不爱请别伤害,2
"27.41900,1,25,15138834,1625548461,0,97cce50d,51593234894815237",《最佳歌手》,0
"48.53900,1,25,16777215,1625548450,0,d6646ca2,51593229420724227",好喜欢许嵩说的话，以前每篇博客都看,0
"22.37900,1,25,38979,1625548446,0,97cce50d,51593227467751427",音乐纯粹,0
"17.93900,1,25,38979,1625548439,0,97cce50d,51593223383023619",呼吸之野,0
"431.09900,1,25,16777215,1625548438,0,41776f49,51593223137132549",这家伙看佛学了,0
"1.75900,1,25,16777215,1625548433,0,97da4966,51593220337958915",嵩嵩排面！！！！！！！！！,0
"32.16700,1,25,16777215,1625548417,0,89885e3d,51593212010692613",许嵩yyds,0
"409.37900,1,25,16777215,1625548404,0,41776f49,51593205188132871",太对了  投机是功利主义者的事,2
"379.37600,5,25,15138834,1625548396,0,4ba16a41,51593200823959559",《大家不在一个层面上》,0
"14.26900,1,25,16777215,1625548393,0,89885e3d,51593199263154181",嵩哥,0
"46.95900,1,25,16777215,1625548387,0,a99056f5,51593196207079495",男神啊,0
"381.95900,1,25,16777215,1625548385,0,7da9ec94,51593195300585477",狗咬人，人咬狗,2
"263.57200,1,25,16777215,1625548377,0,dbc77164,51593190994608133",《寻宝游戏》,0
"293.41900,1,25,16777215,1625548360,0,e5e4fade,51593182095867909",是乌鸦吗，在放的,2
"395.70400,1,25,16777215,1625548352,0,517261dc,51593178250215429",Bgm隔代,2
"249.93900,1,25,16777215,1625548305,0,e5e4fade,51593153438810119",背景音乐是什么啊，听不清,2
"255.66200,1,25,16777215,1625548278,0,2c33b8fe,51593138959024133",《多余的解释》,2
"376.82800,1,25,16777215,1625548269,0,6fcca31,51593134237286405",不在一个层面上！,2
"10.53900,1,25,16777215,1625548258,0,a73ba118,51593128583364613",排面,0
"260.91900,1,25,15138834,1625548257,0,f382909f,51593128183857219",雅俗共赏,0
"8.41900,5,25,41194,1625548244,0,744160b,51593121099677699",许嵩！！！,0
"179.76300,1,25,16777215,1625548243,0,4bda6f18,51593120933478403",超市天天听,0
"151.35800,1,25,16777215,1625548236,0,2ba11225,51593117057941509",我最喜欢冰柜，听着就凉快,0
"260.61200,1,25,16777215,1625548236,0,4ba16a41,51593117322182659",把篓子还给他！！！,2
"380.37900,1,25,16707842,1625548227,0,26aedaf3,51593112514985989",语气客气，语义还挺狠，不愧是你哈哈哈,0
"70.01700,1,25,16777215,1625548224,0,379971f7,51593110999269379",哈哈哈哈哈油面筋和电风扇,0
"180.81900,1,25,16777215,1625548222,0,e5e4fade,51593110073901061",呼吸之野我超爱的,0
"232.45400,1,25,16777215,1625548208,0,8257e024,51593102340128775",Vae 永远的神,0
"30.69900,1,25,16777215,1625548206,0,78df0311,51593101643874309",老许,0
"10.15700,1,25,16777215,1625548196,0,a761534f,51593096271495173",许嵩排面！,0
"20.53900,1,25,16777215,1625548182,0,78df0311,51593088885325831",牌面,2
"25.46100,1,25,16777215,1625548176,0,63806334,51593085677207559",嵩哥,0
"220.66500,1,25,16777215,1625548175,0,4ba16a41,51593085289758727",许嵩从来都不需要稿子，低头只是习惯性,2
"392.57900,1,25,16777215,1625548171,0,c5e2ebbf,51593083146993671",抄袭的人和许嵩不在一个层次。,2
"28.67000,1,25,16777215,1625548171,0,4d04a955,51593083181596679",嗨老婆,0
"222.14900,1,25,16777215,1625548169,0,517261dc,51593082029211655",可以看看《海上灵光》这本书,0
"171.75900,1,25,16777215,1625548157,0,f382909f,51593075929120775",你不要忘了我也在庞贝～,1
"222.14900,1,25,16777215,1625548134,0,517261dc,51593063866826757",活得真通透,0
"222.14900,1,25,16777215,1625548122,0,517261dc,51593057582710791",许嵩是音乐人，不仅仅是歌手,0
"92.77900,1,25,16777215,1625548106,0,e5e4fade,51593049161072647",是我嵩哥！,0
"222.14900,1,25,16777215,1625548102,0,517261dc,51593047166156807",认真听，没空发弹幕,0
"338.89900,1,25,16777215,1625548100,0,72e3ee9b,51593045995945987",是的,0
"280.37900,1,25,16707842,1625548087,0,26aedaf3,51593039088975877",就像作家不会自行去解释入选高考的作文被人如何解读，其实文章（歌曲）发出来，就会有不同的解读和看法,2
"54.38700,1,25,16777215,1625548068,0,ea54ba4c,51593029025792005",格局,0
"163.33900,5,25,16707842,1625548048,0,725fda46,51593018805846023",这就是格局,0
"9.25900,1,25,16777215,1625548046,0,873e1136,51593017451085829",大排面,0
"6.53900,1,25,16777215,1625548039,0,873e1136,51593013917908997",排面,0
"125.92900,1,25,16777215,1625548017,0,34cd22b3,51593002432331783",人间清醒,1
"8.17900,1,25,16777215,1625548016,0,b22c24cd,51593001849847813",排面！！！,0
"36.15900,1,25,16777215,1625548010,0,f382909f,51592998541590535",三连啦,0
"8.75800,1,25,16777215,1625548006,0,4ba16a41,51592996326473731",来了来了,0
"322.13000,1,25,16777215,1625548004,0,66959c60,51592995394289671",人间清醒,1
"18.36100,1,25,16777215,1625547998,0,aace46cd,51592992531677191",来了,0
"29.73900,5,25,41194,1625547981,0,8257e024,51592983451009029",许嵩许嵩,0
"129.23400,1,25,16777215,1625547970,0,ae41040f,51592977573216261",内敛的男孩子。,0
"7.97900,1,25,16777215,1625547967,0,f382909f,51592975983575047",雅俗共赏,0
"22.25900,5,25,38979,1625547964,0,8257e024,51592974726332419",《呼吸之野》,0
"93.09900,1,25,41194,1625547961,0,45c425ca,51592972925403139",然后就诞生了程序员许嵩,0
"18.14000,1,25,16777215,1625547955,0,b6663a9b,51592970042343429",排面,0
"226.41900,1,25,16777215,1625547953,0,dc1f52fd,51592968634630147",( ﹡ˆoˆ﹡ ),1
"22.25900,5,25,16707842,1625547950,0,8257e024,51592967407271939",《寻宝游戏》,0
"115.70900,1,25,16777215,1625547946,0,ae41040f,51592965319032837",哈哈哈哈哈哈。,0
"232.08400,1,25,16777215,1625547942,0,3701c573,51592963061972999",faker游戏打得不错，歌唱得也挺好的,0
"108.39100,1,25,16777215,1625547930,0,ae41040f,51592956987047943",许嵩是宅男的优秀代表。,0
"22.25900,5,25,15138834,1625547929,0,8257e024,51592956102049795",《青年晚报》,0
"386.83500,1,25,16777215,1625547928,0,cef0f058,51592955783806983",雅俗共赏,0
"63.77900,5,25,15138834,1625547915,0,45c425ca,51592948606304263",油面筋和电风扇已就位,0
"228.41400,1,25,16777215,1625547909,0,556349b8,51592945728487431",背景音乐好评,0
"22.25900,5,25,38979,1625547906,0,8257e024,51592944097427461",《不如吃茶去》,0
"405.05500,1,25,16777215,1625547904,0,bb5b0081,51592943154233347",雅俗共赏,0
"22.25900,5,25,41194,1625547877,0,8257e024,51592928929251331",《苏格拉没有底》《梦游计》,0
"7.40100,1,25,16777215,1625547856,0,84c8d2b7,51592917930213383",排面,0
"21.37900,5,25,16707842,1625547841,0,8257e024,51592910131429379",《自定义》《寻雾启示》,0
"395.90500,1,25,16777215,1625547836,0,8a680499,51592907212193797",隔代,2
"2.41900,1,25,16777215,1625547836,0,45c425ca,51592907597545479",嵩哥！,0
"356.05900,1,25,16777215,1625547836,0,56c2bed,51592907662557191",格局,0
"157.61900,1,25,16777215,1625547832,0,9bb8fa85,51592905582182407",乌鸦好听,0
"39.36000,1,25,16777215,1625547831,0,f331f053,51592904899035143",嵩哥永远有他自己的思想和追求,0
"368.87400,1,25,16777215,1625547824,0,dc39a6c3,51592901151948807",爱了,0
"348.13900,1,25,16777215,1625547822,0,1ef4c4dc,51592900212424709",不说喜欢不喜欢了  之前没人会黑许嵩吧,2
"164.15900,1,25,16777215,1625547807,0,da00755d,51592892423077895",看看他别的采访再来说话，他就是这样的习惯,2
"11.35900,1,25,16777215,1625547803,0,f331f053,51592890116734979",排面,0
"319.93900,1,25,16777215,1625547798,0,56c2bed,51592887770546181",太爱了许嵩,0
"14.57900,1,25,16777215,1625547789,0,b7dfafe4,51592882904629253",爱了爱了，许嵩帅气,0
"9.65900,5,25,38979,1625547784,0,8257e024,51592880361832453",迹晦光韬 不代表豪情已折耗,2
"7.65900,5,25,38979,1625547748,0,8257e024,51592861158211589",功名桥 世俗道 年少难免走一遭,1
"274.29900,1,25,16777215,1625547747,0,56c2bed,51592860683730951",有道理,0
"16.57900,1,25,16707842,1625547742,0,26aedaf3,51592857975783429",山高又漏气了,1
"4.72700,4,25,16777215,1625547742,0,6b11b87f,51592858029785095",但可以一巴掌拍死它,0
"376.44600,5,25,41194,1625547715,0,add98eed,51592843897077765",不在一个层面上,2
"144.01900,1,25,16777215,1625547685,0,2910412f,51592828393881605",《乌鸦》,0
"433.60400,1,25,16777215,1625547682,0,24757669,51592826699382789",这就是你单身的原因吗！！！,2
"31.65900,1,25,16707842,1625547668,0,1dca6483,51592819155927045",其实再来一次又怎么样呢,1
"10.90000,5,25,16777215,1625547655,0,ce3c9733,51592812380028935",大家好，他是Faker(doge),0
"375.77900,1,25,16777215,1625547652,0,fdca37d5,51592811191468037",不在一个层面，哈哈哈哈，老许嵩了,0
"2.45900,5,25,15772458,1625547634,0,8257e024,51592801518354437",十年许嵩 雅俗共赏,0
"383.39400,1,25,16777215,1625547629,0,e2d275a0,51592798917361667",笑死,0
"2.45900,1,25,15772458,1625547616,0,8257e024,51592792051810309",十年许嵩 雅俗共赏,0
"381.29200,1,25,16777215,1625547604,0,24757669,51592785736761347",终于正面回应了,0
"95.36600,1,25,16777215,1625547604,0,be96ad97,51592786031411203",宠辱不惊才是YYDS,0
"373.80200,1,25,15138834,1625547598,0,628019c,51592782919237639",那就直接拍死(滑稽,2
"40.42500,1,25,16777215,1625547587,0,19357646,51592776629354501",再来一遍,0
"383.07200,1,25,16777215,1625547555,0,d50204b7,51592760348114951",不在一个层面上,2
"6.04700,1,25,16777215,1625547553,0,c5c6ba27,51592759224565765",排面！,0
"4.94600,1,25,16777215,1625547542,0,e4c6c067,51592753361453059",嵩哥排面,0
"13.07500,1,25,16777215,1625547532,0,a723cc70,51592747810816005",许嵩永远都是,0
"1.85400,5,25,38979,1625547532,0,494cc21e,51592748251742215",十年许嵩 雅俗共赏,0
"379.67400,1,25,16777215,1625547528,0,d890f565,51592745733586947",不在一个层面上,2
"264.65900,1,25,16777215,1625547514,0,fdca37d5,51592738818752517",气气,2
"18.29900,5,25,38979,1625547510,0,8257e024,51592736761446407",最佳歌手,0
"15.61900,5,25,14811775,1625547491,0,8257e024,51592726403088389",最佳歌手,0
"20.25900,1,25,16777215,1625547490,0,56c2bed,51592725853110279",排面,0
"22.85800,1,25,16777215,1625547483,0,336382f9,51592722189385731",谦谦君子,0
"1.09900,1,25,14811775,1625547465,0,8257e024,51592712747483139",十五年来在热爱的音乐这条路上勤勉努力，笔耕不辍，每一天都对得起自己对得起歌迷的许嵩Vae，感谢你,0
"224.47900,5,25,41194,1625547459,0,9a6324fa,51592709791547399",换眼镜了？,1
"4.47900,1,25,16777215,1625547456,0,a544a5fd,51592708393271299",这蚊子是真的多,2
"407.09900,1,25,16777215,1625547451,0,b0e0e199,51592705703673863",雅俗共赏,0
"38.67000,1,25,16777215,1625547449,0,e522c673,51592704662962179",我嵩真帅！,0
"18.74700,1,25,16777215,1625547448,0,694f5dcc,51592704183763013",排面,0
"214.57100,1,25,16777215,1625547429,0,24757669,51592693770354693",《书香年华》,0
"230.04500,1,25,16777215,1625547426,0,53fa3996,51592692277182469",生活敏感度！,2
"27.45900,1,25,16777215,1625547421,0,f9d3cfe5,51592690051055623",格局,0
"58.43000,5,25,41194,1625547371,0,add98eed,51592663827742725",凡尔赛顶级选手许嵩,0
"119.17900,1,25,16777215,1625547335,0,fdca37d5,51592644633034755",活明白了,0
"124.56300,1,25,16777215,1625547321,0,7e1c029a,51592637331800071",到处找稿子,1
"101.70600,1,25,16777215,1625547307,0,24757669,51592630054682631",许嵩真的是技术宅,0
"370.25800,1,25,16777215,1625547304,0,ae41040f,51592628402126851",蚊子叮我一口，那我直接给它拍死,0
"65.07400,1,25,16777215,1625547303,0,e2d275a0,51592627825410051",啊啊啊啊,2
"7.14500,1,25,16777215,1625547301,0,add98eed,51592626835030023",许嵩！！！,0
"52.10000,1,25,16777215,1625547275,0,dc6b70ed,51592613072470023",fake?是你！,0
"7.07900,1,25,38979,1625547270,0,cd0c176b,51592610455748613",见嵩进,0
"13.91200,1,25,16777215,1625547210,0,b090952b,51592579422617603",排面,0
"11.95900,5,25,14811775,1625547201,0,9a6324fa,51592574799446019",老公我来啦～,0
"9.61900,1,25,16777215,1625547199,0,53fa3996,51592573413228551",嵩哥,0
"281.90600,1,25,16777215,1625547196,0,ef7f7179,51592572119285765",有种张麻子的感觉,2
"2.68400,1,25,16777215,1625547195,0,24757669,51592571452391429",喜欢十几年 不及你万分之一的通透,2
"327.49900,1,25,16777215,1625547185,0,45b8e070,51592565963620355",永远都是你的歌迷朋友,0
"8.71900,1,25,16777215,1625547181,0,667d8a3a,51592564312637447",老许,0
"299.71900,1,25,16777215,1625547173,0,41656a27,51592559687368707",音量提高,0
"2.61900,1,25,16777215,1625547169,0,24757669,51592558035337221",三连,0
"255.93900,1,25,16777215,1625547149,0,18cf8c18,51592547215081477",多余的解释,2
"117.57100,1,25,16777215,1625547145,0,ab246074,51592545233272837",一点没变！,0
"334.71900,1,25,16777215,1625547141,0,149e3505,51592542889705477",能不能别老挡字幕,2
"5.48700,1,25,16777215,1625547140,0,d1b8eee7,51592542493868039",排面！！,0
"2.47400,1,25,16777215,1625547134,0,d1b8eee7,51592539548942341",排面！！！,0
"109.45900,1,25,16777215,1625547133,0,ab246074,51592538649788421",一点没变啊！,0
"275.41900,1,25,16777215,1625547123,0,45b8e070,51592533736685571",摄影师好懂哈哈哈拍手,0
"443.54700,1,25,16777215,1625547117,0,c69a008c,51592530557927427",嵩哥太棒了！,0
"71.33900,5,25,16707842,1625547112,0,8257e024,51592528016703493",我感谢自己不凡 可爱可恨都包揽,0
"31.08800,1,25,16777215,1625547106,0,16e7eff0,51592524638715907",排面,0
"25.73900,1,25,16777215,1625547095,0,c7f91a2,51592518716882949",好帅啊！哥又变帅了,0
"16.58800,1,25,16777215,1625547091,0,16e7eff0,51592516984635395",来啦来啦,0
"283.73100,1,25,16777215,1625547069,0,ae960cc4,51592505203359747",nb,2
"367.78000,1,25,16777215,1625547064,0,6e76889b,51592502892822533",别咬我,2
"69.81900,5,25,16707842,1625547059,0,8257e024,51592499911720963",湖面穿行的谬赞和妄断 不过是通关之夜的辗转,1
"7.39900,1,25,16777215,1625547046,0,b0e0e199,51592493193494535",来了,0
"264.29000,1,25,16777215,1625547039,0,f0cf60f4,51592489730572291",南村群童欺我老无力,2
"256.83800,1,25,16777215,1625547034,0,624ab7a1,51592486785122311",嵩哥，你知道阅读理解吗,2
"192.57900,1,25,16777215,1625547032,0,45b8e070,51592485679398917",两百多首歌啦我的好哥哥,0
"10.59900,1,25,16777215,1625547021,0,473b42e7,51592479924289543",承包哥哥,0
"348.81800,1,25,16777215,1625547017,0,78f3029d,51592477873274885",稍息正立（郑立）站好,0
"30.74200,1,25,16777215,1625547017,0,7774664b,51592477948248071",和马龙声音好像哈哈,0
"180.62600,1,25,16777215,1625547004,0,ae41040f,51592471020306439",内涵,2
"201.42700,1,25,16777215,1625547003,0,ff55dba4,51592470628139013",词曲编曲都是我自己！！！,0
"69.77900,1,25,16777215,1625546990,0,883ba439,51592464049897477",许嵩格局,0
"15.47700,1,25,16777215,1625546989,0,8cb1a9e8,51592463463219205",排面！,0
"68.09900,5,25,16707842,1625546988,0,8257e024,51592462701953027",我感谢自己平凡 敢爱敢恨没负担,0
"65.97900,1,25,16777215,1625546982,0,883ba439,51592459981422595",许嵩太可了！！,0
"159.73900,1,25,16777215,1625546979,0,45b8e070,51592458194124807",呼吸之野真的很好听，大家快去听,0
"330.55900,1,25,16777215,1625546971,0,1ed33a2f,51592453930090501",可以讲得太好了！,0
"9.45200,1,25,16777215,1625546957,0,a4efd25e,51592446836998151",排面,0
"153.53900,1,25,16777215,1625546951,0,45b8e070,51592443298054151",没读稿子，读个der,2
"59.01900,1,25,15772458,1625546942,0,8257e024,51592438690611203",yyds,0
"6.27900,1,25,16777215,1625546915,0,883ba439,51592424652275715",许嵩格局！,0
"101.18700,1,25,16777215,1625546909,0,ae41040f,51592421393825799",他家贼有钱,0
"279.91900,1,25,16777215,1625546897,0,1ed33a2f,51592415285870597",通透,0
"90.88300,1,25,16777215,1625546891,0,ae41040f,51592412191522823",当时写的歌现在不是那种味道了,1
"77.08000,1,25,16777215,1625546863,0,ae41040f,51592397057425415",初期的作品很喜欢,0
"131.35900,1,25,16777215,1625546862,0,149e3505,51592396636422147",能不能不挡字幕,2
"364.61800,1,25,15138834,1625546834,0,67e88a2d,51592382088478723",格局大了,0
"65.81600,1,25,16777215,1625546829,0,ae41040f,51592379379482631",突然被cue,3
"338.81000,1,25,16777215,1625546817,0,dd56977,51592373414658053",享受,0
"60.54700,1,25,16777215,1625546814,0,ae41040f,51592371380944901",文娱青年,0
"53.59200,1,25,16777215,1625546799,0,ae41040f,51592363629871109",这话说的,2
"48.62200,1,25,16777215,1625546795,0,e37f9830,51592361514369029",？,3
"20.15600,1,25,16777215,1625546795,0,d462181b,51592361785425927",啊啊啊啊,2
"47.17100,1,25,16777215,1625546788,0,ae41040f,51592357844353027",啧啧啧,0
"115.49900,1,25,16777215,1625546778,0,401face4,51592352841596933",第一张专辑只花了半年……,1
"385.15700,1,25,16777215,1625546775,0,43825ee3,51592351158632451",哈哈哈哈哈哈哈哈哈不在一个层面上凡了哦,0
"196.43400,1,25,16777215,1625546773,0,78f3029d,51592349948575747",一百多首我都会唱,0
"36.56800,1,25,16777215,1625546772,0,ae41040f,51592349825892355",眼神亮了,0
"56.41400,1,25,16777215,1625546765,0,af32de01,51592345753747459",众所周知，学医的都是大佬,0
"25.83700,1,25,16777215,1625546754,0,ae41040f,51592340383989763",这不是Faker嘛（笑笑,2
"78.81900,1,25,16707842,1625546740,0,8257e024,51592332604080133",yyds,0
"19.05300,1,25,16777215,1625546731,0,ae41040f,51592328375697411",这身装扮老好看了,0
"381.05400,1,25,16777215,1625546717,0,3d0aa980,51592320965410823",确实,0
"10.39200,1,25,16777215,1625546714,0,ae41040f,51592319060148229",重点不是抄袭,2
"17.53900,1,25,16777215,1625546698,0,2f175c42,51592310786359303",国产剧情,0
"18.69900,1,25,16777215,1625546697,0,9120b5f0,51592310331801605",排面,0
"56.33900,1,25,16777215,1625546689,0,f1f68ec7,51592305939316741",医学院？,2
"13.46000,1,25,14811775,1625546689,0,c05ae7b6,51592305848090629",不嵩手！！！,2
"391.91300,1,25,16777215,1625546688,0,af9d02ed,51592305386192899",不在一个层面上，没什么可较劲的,2
"13.93900,1,25,16777215,1625546686,0,69d225cb,51592304544186375",嵩哥！,0
"98.09600,1,25,16777215,1625546672,0,b87afda1,51592297338372103",技术宅改变世界,2
"3.22000,1,25,16777215,1625546669,0,c05ae7b6,51592295739817989",来了嵩,0
"15.37900,1,25,9487136,1625546665,0,8257e024,51592293687754755",yyds,0
"414.35800,1,25,16707842,1625546655,0,8e8737d2,51592288074203143",隔代真的很好哭，吉他绝美,1
"203.81900,1,25,16777215,1625546643,0,deda5a76,51592281872924677",好学力行，造就良医。实在不行，转头学音。,0
"349.54500,1,25,16777215,1625546626,0,3977df45,51592273228464131",嵩哥的别咬我哈哈哈,0
"290.61900,1,25,16777215,1625546613,0,3dfb56e,51592266096050181",医学的尽头是哲学,0
"3.64600,1,25,16777215,1625546600,0,10a8fabc,51592259193274375",排面,0
"358.15800,1,25,16707842,1625546585,0,8e8737d2,51592251813920837",哈哈哈哈哈不想被消耗情绪，创作者真的是这么想的,0
"8.58100,1,25,16777215,1625546567,0,d46929b3,51592242267160581",来了,0
"29.29900,1,25,41194,1625546565,0,b3955901,51592240937566215",嵩嵩！！！,0
"320.14500,1,25,16777215,1625546560,0,3fa8fd5c,51592238653243399",我是vae,0
"309.35800,1,25,16777215,1625546504,0,8e8737d2,51592209241735175",好的，ok，没事，没关系，我扛得,0
"334.45900,1,25,16777215,1625546504,0,6097b3b1,51592208971726853",《海上灵光》,0
"127.99700,4,25,15138834,1625546489,0,1311f5f3,51592201457106951",冻龄男神,0
"252.67900,1,25,16777215,1625546485,0,6f69a5ce,51592198932660227",你瘦了，UAE,1
"19.77900,1,25,16777215,1625546467,0,b0b7f1a1,51592189868244997",「格局」,0
"372.92700,1,25,16777215,1625546461,0,c7819c3,51592186707312647",许嵩《别咬我》,2
"10.17900,1,25,16777215,1625546452,0,b0b7f1a1,51592182103015429",嵩嵩嵩 松不开你的手,1
"378.71900,1,25,16777215,1625546446,0,58fac63f,51592178597625859",《别咬我》,2
"9.13900,1,25,16777215,1625546439,0,b0b7f1a1,51592174920269827",许嵩,2
"378.41900,1,25,16777215,1625546430,0,cb16654b,51592170118840323",《蚊子》,0
"5.21900,1,25,16777215,1625546427,0,d708a2d9,51592168646115331",哇哇,0
"1.17900,1,25,16777215,1625546423,0,6de79b58,51592166407929859",排面,0
"380.77900,1,25,16777215,1625546419,0,71231a83,51592164583407619",哈哈哈哈哈哈  厉害,0
"129.00000,1,25,16777215,1625546404,0,31a15550,51592156776235011",老许不在乎,2
"394.03900,1,25,16777215,1625546403,0,8536bd0c,51592156257189895",他说话好有文化啊,0
"35.14200,5,25,41194,1625546402,0,8257e024,51592155813117955",小维小维真可爱,0
"153.49200,1,25,16777215,1625546397,0,af9d02ed,51592153184337925",好喜欢听嵩嵩说话,0
"6.79900,1,25,16777215,1625546372,0,24a3c753,51592140099158023",来啦,0
"210.03800,1,25,16777215,1625546368,0,8e8737d2,51592137781805061",多久没有提笔为你写一首诗,1
"200.15900,1,25,16777215,1625546346,0,cddd3bea,51592126502273029",词曲编曲都是我自己，希望这首歌曲能给大家一种温暖的感觉,0
"378.33900,1,25,16777215,1625546344,0,76a6bf10,51592125104521219",世界的参差,1
"310.65900,1,25,16777215,1625546339,0,71231a83,51592122749943811",哈哈哈哈哈,0
"268.63000,1,25,16777215,1625546326,0,acea55db,51592115773243395",我以为是一条蛇掉下来了,3
"368.89800,1,25,16777215,1625546326,0,9bffab55,51592115967754245",狗：所以爱会消失？？？,2
"20.38200,5,25,38979,1625546310,0,8257e024,51592107502075907",《惟爱你》《有桃花》,0
"13.13900,1,25,16777215,1625546293,0,bbe75afe,51592098320220165",永远通透,0
"214.65900,1,25,16777215,1625546257,0,f8163c0b,51592079706947589",呀啊,3
"213.81900,1,25,16777215,1625546251,0,f8163c0b,51592076493062147",周董！！！,0
"413.48100,1,25,16777215,1625546247,0,af0e6e1b,51592074232332293",嵩哥 嘴巴起皮了 多喝点热水,1
"15.37900,5,25,41194,1625546246,0,8257e024,51592073820241925",《自定义》《寻雾启示》《苏格拉没有底》《梦游计》《不如吃茶去》《青年晚报》《寻宝游戏》《呼吸之野》,0
"378.01900,1,25,16777215,1625546213,0,ff437a28,51592056353587207",他可能想说狗  但是想想不太好,2
"396.32100,1,25,16777215,1625546213,0,af0e6e1b,51592056325275653",哈哈哈 罗聪他不配,0
"378.47300,1,25,16777215,1625546202,0,75106401,51592051010043911",《我   比   许   嵩   火》,0
"388.75200,1,25,16777215,1625546201,0,7758cd5a,51592050269224963",别骂了别骂了,2
"383.05300,1,25,16777215,1625546195,0,7758cd5a,51592047264006149",哈哈哈哈哈哈,0
"169.17900,1,25,16777215,1625546194,0,71231a83,51592046709833731",没有念稿 无论哪个采访都是这样的 温文尔雅的,2
"2.59900,1,25,16777215,1625546193,0,9a81526c,51592045886701571",排面,0
"66.06800,1,25,16777215,1625546167,0,5910de03,51592032209076227",油面筋与电风扇啊哈哈哈哈哈,0
"9.13900,5,25,41194,1625546159,0,8257e024,51592028183592965",Vae  vv  小v  小维  小嵩  许嵩 ,0
"424.94300,1,25,16777215,1625546150,0,34bf7d8,51592023360667655",隔代也给我听哭了,1
"18.53900,1,25,15138834,1625546117,0,8e8737d2,51592006224838661",老嵩头,0
"311.03500,1,25,16777215,1625546113,0,2d9b6398,51592004082073603",这个一耳不闻有点风趣诶,2
"408.55400,1,25,16777215,1625546102,0,72eef206,51591998302846979",不在一个层面上！,2
"12.89900,1,25,16777215,1625546101,0,8e8737d2,51591997951574019",老许!,0
"27.33900,1,25,16777215,1625546098,0,23643742,51591996285911045",根本不用担心，我一直支持你,0
"6.93900,5,25,41194,1625546089,0,8257e024,51591991363371015",拥有沉默的华丽 像一颗遥远的恒星,0
"43.24200,1,25,16777215,1625546087,0,acea55db,51591990528704517",突然觉得嵩哥好像lol某战队里面一个人,0
"63.25900,1,25,16777215,1625546086,0,f8163c0b,51591989732311043",一点看不出他三十多耶,2
"372.04300,1,25,16777215,1625546081,0,34bf7d8,51591987399229447",《别咬我》,2
"2.85900,5,25,41194,1625546034,0,8257e024,51591962896629765",你是我的最佳歌手,0
"0.21900,5,25,41194,1625546023,0,8257e024,51591956741488643",十年许嵩 雅俗共赏,0
"319.90300,1,25,16777215,1625546021,0,34bf7d8,51591955860684803",比如说我喜欢D（狗头）,0
"11.57900,1,25,16777215,1625546016,0,708b84ff,51591953102929923",许嵩许嵩！！,0
"349.88300,1,25,16777215,1625546001,0,ac2f2d02,51591945546366981",“看了一眼”,3
"14.77900,1,25,16777215,1625545999,0,1cf67cc7,51591944192131079",老公,2
"8.39900,1,25,16777215,1625545991,0,f972e2ce,51591939903979525",就像老是有人告诉我：狗咬人你还能咬回去不成。我不会咬回去我会找个棒子抽找把刀吃狗肉。同样的也可以反手一巴掌拍死蚊子啊,2
"428.54700,1,25,16777215,1625545989,0,418bc9c5,51591939055157255",这里应该是少了句在酒精里找到。。。,2
"18.07900,1,25,16777215,1625545975,0,7a0db6d,51591931881324549",嵩哥排面,0
"399.34000,1,25,16777215,1625545956,0,9603c6c5,51591921632542723",肖战扭腰,0
"9.83000,1,25,16777215,1625545934,0,6bc430b4,51591910313164807",排面,0
"378.75900,1,25,16777215,1625545926,0,4451adff,51591906262515719",不在一个层面上哈哈哈哈哈哈,0
"440.80300,1,25,16777215,1625545922,0,47929f0e,51591904120274951",爱了爱了,0
"394.86200,1,25,16777215,1625545880,0,418bc9c5,51591881713778691",果断三连了，新时代偶像！,0
"72.82000,1,25,38979,1625545862,0,9b711f35,51591872730628099",哥，油面筋给你掀了，你能嫁给我吗?哈哈哈哈哈,0
"53.28500,1,25,16777215,1625545859,0,7758cd5a,51591871146754055",嵩哥yyds,0
"174.87300,1,25,16777215,1625545850,0,353ceec,51591866083180547",第八张全创作专辑听了不亏,0
"69.86000,5,25,38979,1625545845,0,9b711f35,51591863778410501",哥，油面筋给你掀了，你能嫁给我吗,2
"68.01900,1,25,16777215,1625545844,0,2ab051cb,51591863066427395",文化人,0
"159.31900,1,25,16777215,1625545837,0,f711d757,51591859646496775",原来名字是这个意思,3
"158.87300,1,25,16777215,1625545834,0,353ceec,51591857647910915",乌鸦好听,0
"381.01900,1,25,16777215,1625545812,0,8545d22f,51591846450167815",格局不一样,0
"320.98500,1,25,16777215,1625545807,0,8e8737d2,51591843700277253",明白了，永远做老嵩头的歌迷朋友,0
"166.02100,1,25,16777215,1625545805,0,ac2f2d02,51591842666381315",他不需要念稿，最多看下流程！,2
"14.85900,1,25,16777215,1625545805,0,af0e6e1b,51591842838347779",嵩哥 我来啦,0
"401.75300,1,25,16777215,1625545798,0,14ac5f3c,51591838842224647",十年许嵩，雅俗共赏,0
"16.36100,1,25,16777215,1625545792,0,eb3c61e3,51591835877376005",嗨老公！！！,0
"19.25900,1,25,16777215,1625545790,0,2ab051cb,51591834909016071",三联安排,0
"4.43500,1,25,16777215,1625545790,0,84065966,51591834514751495",排面,0
"4.53900,1,25,16777215,1625545772,0,2ab051cb,51591825110073351",嵩哥来啦,0
"44.85900,1,25,16777215,1625545769,0,a8b4db49,51591823861219335",《高格局》,0
"338.49500,1,25,16777215,1625545760,0,ec12e19a,51591818897260547",从小学到现在马上读研究生，时间好快,1
"180.71800,1,25,16777215,1625545755,0,33529d9,51591816239644677",最喜欢超市,0
"421.07200,1,25,16777215,1625545754,0,8af930a6,51591816140554243",好冷静,2
"423.48900,1,25,16777215,1625545754,0,d93a47e3,51591815706443779",我第一遍听的时候真的泪流满面,1
"30.86000,1,25,38979,1625545738,0,9b711f35,51591807422693383",温润如你，有了音讯,0
"11.97900,1,25,16777215,1625545720,0,71231a83,51591797808300037",啊啊啊啊啊,2
"52.57900,1,25,16777215,1625545711,0,f711d757,51591793160486917",Faker!(狗头保命),0
"11.28300,1,25,16777215,1625545707,0,468686c9,51591791305555975",Faker,0
"3.61900,1,25,16777215,1625545705,0,71231a83,51591790203502599",来了 来了,0
"390.38900,1,25,16777215,1625545705,0,d93a47e3,51591790173093891",太野了,0
"404.88300,5,25,38979,1625545702,0,129e15cd,51591788421447683",雅俗共赏,0
"27.96500,1,25,16777215,1625545698,0,353ceec,51591786738483205",许嵩永远的神！,0
"22.22000,1,25,38979,1625545695,0,9b711f35,51591784790228999",老公,2
"398.46100,5,25,38979,1625545693,0,129e15cd,51591783749517317",雅俗共赏,0
"38.49300,1,25,16777215,1625545687,0,7b94d9e7,51591780554506245",校友,0
"18.22000,1,25,38979,1625545679,0,9b711f35,51591776407388167",《格局》,0
"383.80500,5,25,38979,1625545675,0,129e15cd,51591774474338307",《没什么可较劲的》,0
"380.30700,5,25,15138834,1625545658,0,129e15cd,51591765495906311",哈哈哈哈哈哈哈哈哈哈哈哈,0
"340.87300,1,25,16777215,1625545655,0,86e7d032,51591764035764229",说的好,0
"265.05900,5,25,15138834,1625545650,0,7ef11e4,51591761343021061",超级赞同这点,0
"374.75900,5,25,15138834,1625545649,0,129e15cd,51591761020583941",《我不能张嘴去咬蚊子》,0
"405.20800,1,25,14811775,1625545648,0,606fdbcf,51591760088924165",雅俗共赏,0
"11.36100,1,25,16777215,1625545646,0,f74d347f,51591759280472067",排面,0
"162.53900,1,25,16777215,1625545639,0,5345f807,51591755398119431",soga,0
"16.01900,1,25,16777215,1625545637,0,e1c6224c,51591754767925251",世界第一中单,0
"360.27400,1,25,41194,1625545618,0,129e15cd,51591744711557123",《从狗到蚊子》,0
"280.46900,1,25,16777215,1625545588,0,d93a47e3,51591729109794819",握草说的好有道理啊,0
"341.92700,1,25,41194,1625545587,0,129e15cd,51591728462823427",绝了把抄袭者比作蚊子,2
"187.67300,5,25,15138834,1625545584,0,d1b5f7e,51591726907260931",南京传媒学院欢迎你！！！！我们学校,0
"330.62100,1,25,41194,1625545566,0,129e15cd,51591717302304771",许嵩yyds,0
"323.41000,1,25,41194,1625545556,0,129e15cd,51591712128106501",他把歌迷当做朋友,0
"120.42800,1,25,16777215,1625545551,0,5ff0c787,51591709628301317",在大数据时代，你听不到，证明许嵩根本不屑于看这些,2
"304.61600,1,25,14811775,1625545539,0,606fdbcf,51591703291756551",初中没有好好看书，我要利用假期好好补补书,0
"301.48100,1,25,41194,1625545527,0,129e15cd,51591696978804739",看书听音乐,0
"44.72800,1,25,16777215,1625545513,0,acdab81b,51591689804972035",许嵩好帅,0
"288.55100,1,25,41194,1625545505,0,129e15cd,51591685607522307",我是嵩哥戴的眼镜,3
"19.12700,1,25,16777215,1625545496,0,47929f0e,51591680533463045",嵩嵩嵩哥呀,0
"280.59400,5,25,41194,1625545488,0,129e15cd,51591676547301383",雅俗共赏,0
"6.09900,1,25,16777215,1625545488,0,67f8b74f,51591676287778821",来了来了,0
"17.93300,1,25,16777215,1625545487,0,acdab81b,51591675753005063",帅,0
"303.67200,1,25,16777215,1625545482,0,8fb3d32f,51591673443516421",软件复用可以提高软件开发效率,0
"9.73300,1,25,16777215,1625545479,0,acdab81b,51591671449649157",许嵩,2
"275.19700,1,25,14811775,1625545477,0,129e15cd,51591670751821831",哇！,0
"8.09900,1,25,16777215,1625545465,0,5345f807,51591664293642243",给嵩哥排面！,0
"336.19300,1,25,16777215,1625545464,0,df5855d6,51591663708536901",有一说一，这才是偶像吧,0
"128.17900,1,25,16777215,1625545463,0,8657f697,51591663560163333",“人不可能全然不顾外人看法，但也不必沦落到活给别人看。”——许嵩,0
"40.77900,1,25,15138834,1625545451,0,84e355a1,51591657032777735",重塑LCK荣光，我辈义不容辞！！！,0
"270.33400,1,25,16777215,1625545449,0,8fb3d32f,51591655951171587",软件系统设计，提高系统可维护性，提高系统的可用性,0
"34.11000,1,25,16777215,1625545446,0,b598aaf6,51591654211059715",还怪押韵,2
"235.58100,1,25,14811775,1625545417,0,129e15cd,51591639424565255",声音好好听,0
"230.63100,1,25,15138834,1625545406,0,129e15cd,51591633688330243",“误解”也是工作的一部分,2
"20.41900,1,25,16777215,1625545399,0,79b56592,51591629717897223",来了,0
"180.56300,1,25,14811775,1625545389,0,606fdbcf,51591624555233351",哈哈哈,0
"249.53900,1,25,16777215,1625545377,0,6f051a41,51591617984331783",摄影师好懂我！！！！,0
"170.40300,1,25,14811775,1625545376,0,606fdbcf,51591617590067207",欢迎去听《呼吸之野》,0
"356.60400,1,25,16777215,1625545349,0,a7d2fb6f,51591603478855687",D,0
"177.44700,1,25,15138834,1625545343,0,129e15cd,51591600215687173",用心的作品值得听,0
"442.41900,1,25,16777215,1625545325,0,d2f646db,51591590797377541",这就是你不谈恋爱的借口？,2
"170.04500,5,25,15138834,1625545321,0,129e15cd,51591589016371205",《乌鸦》yyds,0
"126.77100,1,25,14811775,1625545319,0,606fdbcf,51591587943153669",宠辱不惊才是yyds,2
"444.42300,1,25,16777215,1625545309,0,400b321f,51591582820859907",许嵩Hyde,0
"162.02300,5,25,15138834,1625545305,0,129e15cd,51591580510322691",新专辑里，我最喜欢乌鸦假摔超市庞贝冰柜野人科幻隔代了,0
"296.92200,1,25,16777215,1625545291,0,d16daee3,51591573263613955",通透的嵩哥,0
"173.17900,1,25,16777215,1625545290,0,6f051a41,51591572473511939",不是看稿，他在梳理思路,2
"384.61400,5,25,16707842,1625545281,0,5e2910a8,51591567961489415",不，是不在一个纬度上,1
"96.13100,1,25,14811775,1625545276,0,606fdbcf,51591565290242051",琢（zuo）磨,0
"49.63000,1,25,16777215,1625545266,0,8b4c6b17,51591559806189571",你币有了,0
"379.75000,5,25,15138834,1625545259,0,5e2910a8,51591556604887045",你再骂！！,2
"144.91400,5,25,15138834,1625545252,0,129e15cd,51591552738263045",许嵩新专辑《呼吸之野》,0
"10.85900,1,25,16777215,1625545250,0,97afb11e,51591551434883077",手手手,0
"373.52300,5,25,16707842,1625545240,0,5e2910a8,51591546305773571",大批网络歌手接继去世,2
"24.05900,1,25,16777215,1625545234,0,63b5ba86,51591543417470983",排面,0
"76.88300,1,25,14811775,1625545223,0,606fdbcf,51591537638244355",好像亲亲，不，我不配,0
"155.19800,1,25,16777215,1625545221,0,cb1cb7bc,51591536395681799",原来您也是知道两年多了呀,3
"26.10700,1,25,16777215,1625545219,0,5876da7c,51591535596666887",Faker,0
"9.17900,1,25,16777215,1625545214,0,d8d456ef,51591532719374343",嵩哥排面,0
"17.05900,1,25,16777215,1625545199,0,6db074b4,51591524910104581",排面！,0
"107.49500,5,25,15138834,1625545183,0,129e15cd,51591516463300613",老许心态好好啊看起来也好年轻,0
"35.41100,1,25,14811775,1625545160,0,606fdbcf,51591504599187459",笑起来好温柔,0
"92.73300,5,25,15138834,1625545152,0,129e15cd,51591500417990663",好喜欢听他说话,0
"199.49700,1,25,16777215,1625545140,0,45f77491,51591493959811075",都是自己,0
"22.37100,1,25,14811775,1625545137,0,606fdbcf,51591492216553475",声音好爱啊,0
"146.24200,1,25,16777215,1625545123,0,d16daee3,51591485304340483",这次复古色调太好看了,0
"145.08200,1,25,16777215,1625545107,0,d16daee3,51591476772077575",听嵩哥说话好舒服啊，如沐春风,0
"27.63600,1,25,16777215,1625545080,0,e45dbddd,51591462289670151",啊啊啊我嵩！,3
"64.45900,1,25,16777215,1625545065,0,c60e80e3,51591454915559429",老公我来啦,0
"361.33100,1,25,16777215,1625545065,0,48a74951,51591454906122245",很多事情他没有道理,2
"66.19600,1,25,16777215,1625545059,0,4be2295f,51591451321040899",合肥人狂喜,0
"276.93900,1,25,16777215,1625545026,0,8726e5c3,51591434114957317",我打不了太极？,2
"38.64300,1,25,16777215,1625545010,0,9022bb55,51591425759379461",其实有用，不然为什么做营销呢,2
"33.83100,5,25,15138834,1625545007,0,129e15cd,51591424389414917",押上韵了,0
"358.02000,1,25,16777215,1625544996,0,2767f514,51591418499039237",抄的太多了 想管都管不过来,2
"28.32700,1,25,16777215,1625544994,0,129e15cd,51591417221873667",娓娓道来,0
"22.14100,1,25,16777215,1625544984,0,129e15cd,51591412307197955",他真的好爱音乐，天天音乐挂嘴上,0
"41.21900,1,25,16777215,1625544983,0,939a2ece,51591411863650307",格局,0
"439.67500,5,25,15138834,1625544973,0,910e5a46,51591406515388419",音乐纯粹 爱V绝对,0
"16.53000,1,25,16777215,1625544963,0,129e15cd,51591401012461575",《许嵩采访》,0
"411.48700,5,25,16777215,1625544960,0,f7c0f7cb,51591399582728199",每次听许嵩讲话都有一种在上课的感觉，需要记笔记的那种,1
"235.20100,1,25,15138834,1625544958,0,d06b0123,51591398339117063",《作者死了》,1
"150.14800,5,25,38979,1625544953,0,5e2910a8,51591395946790915",呼吸之野色,0
"13.22300,1,25,16777215,1625544950,0,129e15cd,51591394586787847",老公！！,0
"162.29900,1,25,16777215,1625544941,0,e5a6c567,51591389584556037",戴口罩有问题吗,2
"97.37900,1,25,16777215,1625544935,0,45f77491,51591386588774403",自学太厉害了,0
"10.98500,1,25,16777215,1625544931,0,dffe218f,51591384486903815",这段bgm好熟悉，不知道哪个游戏采用过,0
"414.40600,5,25,16777215,1625544894,0,3804b459,51591364756373511",好好生活 这就是艺术,0
"374.51500,5,25,15138834,1625544887,0,910e5a46,51591361119387715",《大 家 不 在 一 个 层 面 上》,0
"400.01100,5,25,16777215,1625544870,0,3804b459,51591352203870215",附庸风雅！太有文化了！！呜呜呜,0
"14.17000,1,25,16777215,1625544865,0,400b321f,51591349810495491",帅啊,0
"17.38400,1,25,16777215,1625544863,0,477e92d1,51591348864155653",大嵩嵩yyds,0
"153.06500,1,25,16707842,1625544861,0,b52c47ee,51591347647283207",呼吸之野越听越好听,0
"57.14100,1,25,16707842,1625544853,0,5e2910a8,51591343599779843",帅的一批,0
"11.77900,1,25,16777215,1625544850,0,a04aff55,51591341897416707",排面,0
"332.32200,5,25,16707842,1625544839,0,f7c0f7cb,51591336214659079",后辈们真的可以听一听优质前辈的话,0
"7.27000,1,25,16777215,1625544830,0,63f7178,51591331528572935",排面！,0
"351.68300,1,25,15138834,1625544822,0,3b3c3f99,51591327165448195",<别咬我>,2
"216.67900,1,25,16777215,1625544821,0,36baf91f,51591326760173571",这种眼神代表的是思考,1
"47.49900,1,25,41194,1625544794,0,97a2ae24,51591312401498119",有点像有山先生,0
"357.87300,1,25,16777215,1625544775,0,5c07859f,51591302392840197",别咬我,2
"271.32600,1,25,16777215,1625544750,0,504a0099,51591289389449221",yyds ,0
"251.58700,1,25,16777215,1625544734,0,3804b459,51591281021812741",这就是我始终喜欢嵩哥的原因  觉得他的歌需要人耐心的听仔细的品,0
"23.56900,1,25,16777215,1625544731,0,4c5bb0d3,51591279728394243",高哥来啦（狗头）,0
"322.73900,1,25,16777215,1625544723,0,45adbf3f,51591275356356615",D,0
"14.98100,1,25,16777215,1625544717,0,9d73e822,51591272199094277",排面排面,0
"379.51300,1,25,16777215,1625544713,0,25b43552,51591269971918855",别咬我,2
"65.89900,1,25,16777215,1625544695,0,d2fcdbf9,51591260443508739",每次采访必提油面筋,0
"257.82000,1,25,16777215,1625544683,0,6091b07f,51591254376448007",现代艺术的特点,0
"100.85900,1,25,16777215,1625544671,0,89067f60,51591248165208071",嵩嵩容颜yyds,0
"365.23900,1,25,16777215,1625544668,0,7a15a30b,51591246448689159",不愧是你！,0
"39.63300,1,25,16777215,1625544667,0,e0fdcd5d,51591246079590405",你好帅哇,0
"31.87700,1,25,16777215,1625544659,0,e0fdcd5d,51591242005348359",嵩哥,0
"327.57900,1,25,16777215,1625544641,0,5bfa0bf4,51591232232620039",D,0
"217.31600,1,25,16777215,1625544637,0,3804b459,51591230027464707",大家被采访的时候都会看这看那思考啊,0
"130.00300,1,25,15138834,1625544628,0,3b3c3f99,51591225678495749",haha 那时候你会写歌骂回去,2
"390.05900,1,25,16777215,1625544609,0,c945a33,51591215582806021",雅俗共赏,0
"22.91900,1,25,16777215,1625544524,0,bd2c4209,51591170939682821",嵩哥排面,0
"21.55900,1,25,16777215,1625544517,0,bd2c4209,51591167330484227",来了来了,0
"175.00800,1,25,15138834,1625544463,0,28a4cacc,51591138968600579",是的，多了解嵩你就知道他是真有才的，这些话是真的不算啥,0
"445.08600,1,25,16777215,1625544430,0,bcafe159,51591121751506949",火花,0
"406.05100,1,25,16777215,1625544391,0,bcafe159,51591101174775813",雅俗共赏,0
"176.55200,1,25,16777215,1625544373,0,bf4d2a7c,51591092082049031",<乌鸦>yyds,0
"389.02900,1,25,16777215,1625544372,0,bcafe159,51591091445563399",嵩哥退出了抖音，加入B站，懂得都懂,0
"5.59900,1,25,16777215,1625544343,0,4a141f5d,51591076290494469",排面,0
"149.55900,1,25,16777215,1625544316,0,f66b9582,51591061796552711",听他说话就像听歌一样,0
"6.99200,1,25,16777215,1625544295,0,36ad9b05,51591051187060741",嵩!,0
"448.00000,1,25,16777215,1625544284,0,d8c8d2e,51591045450301447",我还记得那个在发生一次又怎样呢。,1
"85.85900,1,25,16777215,1625544273,0,ad43b4c2,51591039627558919",《飞蛾》估计没多少人了解幕后,0
"51.15000,1,25,16777215,1625544271,0,fbd660f5,51591038164271107",这谈吐,2
"48.54200,1,25,14811775,1625544230,0,b52c47ee,51591017114632195",嵩憨憨,0
"325.50800,1,25,16777215,1625544224,0,bc33ab8c,51591013989875717",有文化的歌手传达给人的感受真的不一样,0
"405.14500,1,25,16777215,1625544205,0,26acded9,51591004017393667",点名批评薛某,2
"16.95400,1,25,16777215,1625544192,0,61b1dab1,51590996764393477",牌面！,3
"34.78200,1,25,14811775,1625544186,0,b52c47ee,51590993975705607",憨憨嵩,0
"393.22000,1,25,16777215,1625544141,0,10f8b3c4,51590969940770821",隔代！！,2
"38.84700,1,25,16777215,1625544071,0,2f59fc0d,51590933378498565",嵩嵩子,0
"223.95500,1,25,16777215,1625544068,0,787a7dfe,51590932149043205",这个深有体会 我现在就麻木了,1
"34.06800,1,25,16777215,1625544060,0,2f59fc0d,51590927580921861",绝绝子,0
"27.07000,1,25,16777215,1625544030,0,2f59fc0d,51590911773638659",嫩嵩嵩,0
"19.90200,1,25,16777215,1625544006,0,2f59fc0d,51590899207503875",哲学嵩,0
"3.17900,1,25,16777215,1625543999,0,7a15af3d,51590895948005379",清醒又通透,0
"82.09900,1,25,16777215,1625543993,0,ab79852c,51590892410634245",真的是才子,0
"24.40900,1,25,16777215,1625543963,0,bcafe159,51590876656828421",aile,0
"3.07900,1,25,16777215,1625543926,0,14076f0,51590857359884293",来了,0
"50.06700,1,25,16777215,1625543897,0,b6ddb96a,51590842310197255",许嵩是个有格局的人,0
"79.74100,1,25,16777215,1625543888,0,a67ec793,51590837570633735",承包这片空屏,2
"400.84900,1,25,16777215,1625543844,0,11a68b0c,51590814382948355",坚持自己,0
"366.88400,5,18,11890,1625543822,0,8f04d71,51590802757386243",音乐人,0
"359.45900,1,25,16777215,1625543811,0,7216d60c,51590797216710661",《安徒生不后悔》,1
"337.93800,1,25,16777215,1625543808,0,11a68b0c,51590795529551875",说得好,0
"24.87300,1,25,16777215,1625543786,0,a67ec793,51590783906611207",排面,0
"379.46300,1,25,16777215,1625543734,0,6bf9b349,51590757067784195",王之蔑视,2
"45.29500,1,25,16777215,1625543705,0,e98c1e59,51590741412020229",不愧是记得“老古董”的你,0
"10.62600,1,25,16777215,1625543701,0,a6b03b0c,51590739570720773",排面,0
"334.36300,1,25,16777215,1625543678,0,6bf9b349,51590727423492099",思想通透，知道自己想要什么，娱乐圈根本圈不住他,0
"382.05900,1,25,16777215,1625543668,0,38dfc74b,51590722193719303",的确不在一个层面上,2
"167.50600,1,25,16777215,1625543627,0,53de4b1a,51590700873547783",红星照耀,0
"389.05800,5,25,14811775,1625543542,0,c312dc87,51590656121896965",哈哈哈哈哈哈哈哈哈,0
"244.29900,1,25,16777215,1625543494,0,38dfc74b,51590631286898695",嵩哥，真的太通透了,0
"344.65300,1,25,16777215,1625543487,0,a6549530,51590627308601351",确实深刻,0
"12.34800,5,25,15138834,1625543475,0,a526e9e5,51590621052796933",妈耶 好帅,0
"161.93900,1,25,16777215,1625543462,0,a08c8ddc,51590614102310919",看看人家这发言，都是高级词汇,2
"7.58800,1,25,16777215,1625543448,0,32f14558,51590606665285703",来啦,0
"377.63500,1,25,16777215,1625543433,0,54272c8d,51590599182123011",格局,0
"414.73900,1,25,15138834,1625543423,0,c3d3c8fa,51590593671331845",华语乐坛就是被这些逐利的人害死的,2
"428.31900,1,25,16777215,1625543389,0,e0a798bd,51590575877521413",隔代真的太入耳入心了,1
"51.79200,1,25,16777215,1625543383,0,9bb11f2d,51590572780027909",6657upup,0
"52.93900,1,25,16777215,1625543243,0,96bf99e1,51590499247587335",给永远比拿重要。,2
"68.23300,1,25,16777215,1625543205,0,a6549530,51590479669624835",一米六五的高大男子路过，边吃着油面筋，边吹着电风扇,1
"35.37900,5,25,14811775,1625543196,0,c312dc87,51590474955751431",啊啊啊啊笑得好可爱,0
"9.61900,1,25,16777215,1625543190,0,96bf99e1,51590471743963143",来了。,0
"377.74800,1,25,16777215,1625543188,0,f72cc13c,51590470718455811",大家不在一个层面上,2
"408.40100,1,25,16777215,1625543179,0,be025dde,51590465950056455",666,0
"10.85900,5,25,14811775,1625543161,0,c312dc87,51590456251777029",排面排面,0
"54.69900,1,25,16777215,1625543150,0,a17ae5cc,51590450546999303",排面,0
"394.66000,1,25,16777215,1625543134,0,7bf99b8f,51590442364436487",许怼怼哈哈哈哈,0
"32.37300,1,25,16777215,1625543116,0,a6549530,51590432843890693",一本正经的老干部，哈哈哈哈哈哈,0
"10.98000,1,25,16777215,1625543081,0,a6549530,51590414382137347",嵩哥排面,0
"381.53900,1,25,16777215,1625542904,0,5b030461,51590321639260163",不在一个层面上,2
"289.75200,1,25,16777215,1625542750,0,63e0c195,51590241164197895",我太喜欢乌鸦了,0
"372.87100,1,25,16777215,1625542736,0,bc7817b0,51590233433047047",不在一个层面上,2
"20.94500,1,25,16777215,1625542724,0,6443461a,51590227520651271",满满的快乐女声feel,0
"376.93600,5,25,9033215,1625542646,0,317faf76,51590186505601029",高情商：蚊子叮我；低情商：抄袭,2
"101.84300,1,25,16777215,1625542594,0,ecdc85fe,51590159126757383",好家伙yyds,0
"419.50200,5,25,15138834,1625542558,0,3f39cafe,51590140266020869",三尺的录制故事被删掉了……,1
"330.46200,5,25,9033215,1625542554,0,317faf76,51590138161528839",永远做你的追随者！！！,0
"372.19900,5,25,41194,1625542518,0,602149c8,51590119301840899",《别咬我》,2
"384.00800,1,25,16777215,1625542471,0,ba3182db,51590094403403781",我会拍死他,0
"19.51900,1,25,16777215,1625542464,0,f9dbe3b5,51590091101437959",YYDS,0
"17.73900,1,25,16777215,1625542456,0,f9dbe3b5,51590086512345093",嵩嵩,0
"441.85800,1,25,16777215,1625542410,0,693e2a95,51590062427602949",这就是你单着的理由吗？,2
"106.09600,1,25,16777215,1625542388,0,dc5c5599,51590051264462855",嵩哥好厉害,0
"44.69800,1,25,16777215,1625542349,0,7f488e05,51590030824570885",许嵩好像没有变，又好像变了,1
"18.71100,1,25,16777215,1625542326,0,aac02584,51590018757033987",为俺嵩哥打call,0
"12.83900,1,25,16777215,1625542315,0,a749eaac,51590012814753797",嵩哥嵩哥嵩哥嵩哥,0
"376.93900,1,25,16777215,1625542314,0,693e2a95,51590012403712003",哈哈哈我收回前言，还是那个怼怼嵩,0
"379.77700,1,25,16777215,1625542298,0,991ef988,51590003782320199",拾人牙慧，他们不配！,2
"105.42100,1,25,16777215,1625542287,0,2536431,51589998026686471",安医大,0
"355.31900,1,25,16777215,1625542277,0,693e2a95,51589992935849989",当初的怼怼嵩现在已经长大了哈哈哈,0
"8.21900,1,25,16777215,1625542269,0,d5d083d6,51589988542316547",排面,0
"113.66100,1,25,16777215,1625542265,0,317faf76,51589986821603333",兴趣很重要,0
"344.71300,1,25,16777215,1625542261,0,a259b60a,51589984488521731",只是把狗换成了蚊子  其实还是别咬我 哈哈哈,0
"8.22900,1,25,16777215,1625542158,0,e5c2a20f,51589930820304899",嵩哥,0
"250.19900,1,25,16777215,1625542146,0,693e2a95,51589924113088517",手部特写哈哈哈,0
"12.81900,1,25,16777215,1625542102,0,3ef04180,51589901239451655",见封进,2
"380.45900,1,25,16777215,1625542054,0,c25ec9b9,51589876109803525",哈哈哈哈,0
"293.87800,1,25,16777215,1625542034,0,be6fff1d,51589865453649927",说的好,0
"102.45900,1,25,16777215,1625541935,0,a3fc8e5b,51589813495660547",不是，设么冷门的，不火的歌手，能不能给我留一张演唱会门票啊,2
"436.30200,1,25,16776960,1625541874,0,c0103bea,51589781849112579",这就是不谈恋爱的理由,2
"9.77900,1,25,16777215,1625541861,0,a307b53c,51589774992998407",见嵩进,0
"400.48900,1,25,16777215,1625541830,0,3b416e8a,51589758607949829",同俗自媚于众,2
"346.49800,1,25,16777215,1625541830,0,61537c48,51589758685020163",这就是文化人的水平吗？,2
"379.98700,1,25,16776960,1625541797,0,c0103bea,51589741522452485",哈哈哈哈哈哈哈哈哈哈哈,0
"345.64000,1,25,16777215,1625541776,0,60daf8b9,51589730389721093",狗咬一口，你不能咬狗,2
"5.18200,1,25,16777215,1625541753,0,17837ee9,51589718400827397",这就是大佬吗,2
"12.61900,1,25,16777215,1625541695,0,7b44c3ce,51589687842177027",嵩嵩嵩嵩！！！,0
"378.09900,1,25,16777215,1625541684,0,8e310f23,51589682141069317",哈哈哈哈哈哈笑死,0
"3.73900,1,25,16777215,1625541683,0,1a2e2332,51589681652957189",来了,0
"428.54400,1,25,16777215,1625541661,0,45ef2c43,51589670096076807",女人会影响嵩哥，我不会，嫁给我，许嵩,2
"377.00600,1,25,16777215,1625541659,0,80202bba,51589668765433861",哇哦,0
"356.21900,1,25,16777215,1625541656,0,8e310f23,51589667371876357",哈哈哈哈哈哈,0
"383.89000,1,25,16777215,1625541638,0,a768fc0a,51589658035355651",哈哈哈哈哈哈,0
"2.05900,1,25,16777215,1625541624,0,6cfbdbb9,51589650349293573",蚊子太多也会叮死人的,1
"214.25900,1,25,16777215,1625541615,0,badd9b56,51589646114095109",采访怎么会让你看稿子呀，别说啦,2
"117.99300,1,25,16777215,1625541602,0,199a9ebc,51589639000031237",好年轻啊他,0
"201.88800,1,25,16776960,1625541601,0,c0103bea,51589638519783429",老凡尔赛了,0
"378.48200,1,25,16777215,1625541585,0,a3e77a1b,51589630025793543",矛盾的同一性和斗争性,2
"68.99900,1,25,16777215,1625541566,0,eaf4be7d,51589620140867655",油面筋:您礼貌吗？？？？？？,2
"49.14500,1,25,16777215,1625541552,0,76256877,51589612886818821",尼采,2
"109.96200,1,25,16777215,1625541502,0,d0daef7a,51589586506743811",大家好，我是vae…,0
"12.00900,1,25,16777215,1625541501,0,7f39afb7,51589586122440707",faker？,3
"212.61300,1,25,16777215,1625541491,0,854aaf2d,51589580683476997",讲道理，这种采访没稿子可看,2
"8.19900,1,25,16777215,1625541483,0,eaf4be7d,51589576444084229",老许来了！！！！！,0
"251.76100,1,25,16777215,1625541459,0,1d3d7582,51589564038381573",活得真通透,0
"265.59900,1,25,16777215,1625541459,0,ad4ccb79,51589564218212359",这条绳子看几遍都觉得有点恐怖啊,3
"60.33200,1,25,16776960,1625541452,0,c0103bea,51589560573362181",《把伤痕当酒窝》,0
"177.18600,1,25,16777215,1625541452,0,80202bba,51589560514117637",特别喜欢听嵩哥说话 特别有魅力,0
"294.65900,1,25,16777215,1625541401,0,207b896e,51589533765468167",被误解是表达者的宿命,1
"9.52200,1,25,16777215,1625541384,0,c0103bea,51589524769210371",ohhhhhhhhhhhh,0
"206.18200,1,25,16777215,1625541368,0,45ef2c43,51589516357533703",也感谢陪嵩哥一路走来的工作人员嘻嘻嘻,0
"6.69900,1,25,16777215,1625541347,0,1c6dffc8,51589505118371847",来了！,0
"110.97900,1,25,16777215,1625541341,0,f49b2cbb,51589502250516483",这个男人已经35了,3
"183.10200,1,25,16777215,1625541327,0,45ef2c43,51589494690807879",许嵩不愧是我的男人,0
"277.65400,1,25,16777215,1625541321,0,8341aeb3,51589491574439941",艺术就是人与人的共鸣,0
"118.11900,1,25,16777215,1625541288,0,de890827,51589474533507077",许嵩yyds,0
"114.34600,1,25,16777215,1625541264,0,80202bba,51589461941157893",吸溜,0
"15.84900,1,25,16777215,1625541231,0,20419db,51589444456677381",越南蚊子挺多的,0
"18.25100,1,25,16777215,1625541226,0,1d3d7582,51589441696301061",来了,0
"374.15800,1,25,16777215,1625541226,0,87522394,51589442044428291",杰伦写歌diss哈哈哈,0
"387.72000,1,25,16777215,1625541220,0,92bed026,51589438542184455",雅俗共赏,0
"47.93700,1,25,16777215,1625541197,0,8e310f23,51589426874155011",爱V绝对,0
"444.45900,1,25,16777215,1625541164,0,cbeb6aa6,51589409306837059",感觉你会一直单身,2
"13.41900,1,25,16777215,1625541151,0,99269456,51589402565017605",嵩哥我来了,0
"259.81200,1,25,16777215,1625541087,0,92bed026,51589368793006087",多余的解释,2
"431.90200,1,25,13369971,1625541074,0,9e415e75,51589362004000775",恋爱关系【狗头】,0
"106.39300,1,25,16777215,1625541071,0,6cb2b638,51589360468885511",大家好，我是diy,0
"267.17800,1,25,16777215,1625541037,0,ce6f587e,51589342866964487",每个人都有自己的故事,1
"369.21900,1,25,16777215,1625541034,0,864c581,51589341498048517",文化人决不骂人,2
"412.66100,1,25,16777215,1625541023,0,9a9536be,51589335545282565",BGM：隔代,0
"264.11100,1,25,16777215,1625541020,0,d7f66dee,51589334001254467",多余的解释,2
"40.15700,1,25,16777215,1625541005,0,7aad9b75,51589325970735107",飞科,0
"387.15900,1,25,16777215,1625540985,0,9a9536be,51589315749216261",BGM：科幻,0
"45.89900,1,25,16777215,1625540756,0,cbeb6aa6,51589195579260933",D ,1
"48.53800,1,25,16777215,1625540727,0,b83eb8cd,51589180319334407",请许嵩立刻去我们家小区门口挥手,0
"138.94300,1,25,16777215,1625540716,0,9a9536be,51589174713122823",BGM：乌鸦,0
"380.69600,1,25,16777215,1625540683,0,44fca00a,51589157260623877",哈哈哈哈哈,0
"380.97200,1,25,16777215,1625540681,0,b5c0d4ee,51589156125540357",《不在一个层面上》,0
"196.59500,5,25,38979,1625540658,0,82947314,51589143946330117",作词作曲都是我自己,0
"377.03400,1,25,16777215,1625540649,0,78812c04,51589139172163589",不在一个层面上，意思就是他不配,2
"82.67000,5,25,16707842,1625540648,0,8b176243,51589139107676163",电脑麦格外真实，技术党表示设备都是从简陋到先进的,0
"11.66600,5,25,41194,1625540636,0,fe2a8962,51589132528910339",嵩哥我来啦！,0
"384.28600,1,25,16777215,1625540624,0,a6cab789,51589126175588357",哈哈哈哈哈哈哈哈哈哈哈哈哈哈哈哈,0
"382.15500,1,25,16777215,1625540590,0,ea2eabec,51589108600406021",哈哈哈 格局,0
"61.92500,1,25,16777215,1625540555,0,3cab1646,51589089890664455",他怎么脸就没变过,2
"375.07200,5,25,15138834,1625540521,0,43f81bdc,51589072105242629",不在一个层面上,2
"364.88700,1,25,16777215,1625540497,0,235a8718,51589059760881667",许嵩年轻的时候怼抄袭怼的超级帅,0
"178.12500,1,25,16777215,1625540493,0,c04793fc,51589057592950787",他还是那么喜欢上树,0
"33.22800,1,25,16777215,1625540440,0,d4411d12,51589029656264711",faker！！！,0
"220.15600,1,25,16777215,1625540428,0,ea2eabec,51589023647399943",每首歌都好听‘’,0
"444.15800,1,25,16777215,1625540379,0,5b25b80d,51588997632229381",小霸王其乐无穷,0
"370.04900,1,25,16777215,1625540367,0,489d9baa,51588991761252355",嵩哥是优雅的文明人，不会去咬狗,0
"400.59900,1,25,16777215,1625540355,0,ae133062,51588985401638917",雅俗共赏,0
"425.87000,1,25,16777215,1625540319,0,4cabeca1,51588966248873987",过去当下未来，未必却有其界限,1
"440.58700,1,25,8700107,1625540315,0,71c65ae6,51588964318445575",音乐纯粹，爱v绝对,0
"170.77600,1,25,16777215,1625540301,0,235a8718,51588957105815559",许嵩的文化功底比很多歌手都强得多,0
"1.19400,1,25,16777215,1625540298,0,c04793fc,51588955462696967",早,0
"383.66000,1,25,16777215,1625540278,0,7c1b39cb,51588944731045895",哈哈哈哈哈哈哈哈哈哈哈,0
"210.87700,1,25,16777215,1625540235,0,bde33461,51588922249576455",学医苦啊给人逼得都唱歌去了,1
"63.78900,1,25,13369971,1625540223,0,9e415e75,51588916255391749",油面筋和电风扇是世界上最该消失的东西,1
"55.94700,1,25,16777215,1625540186,0,235a8718,51588896887668741",格局,0
"48.98200,4,25,15138834,1625540166,0,c74f290b,51588886157066243",十年许嵩 雅俗共赏,0
"220.65900,1,25,16777215,1625540162,0,3c8b4e49,51588884300562439",好好听嵩哥的内容，不要在乎看不看稿啦哈哈,0
"15.50800,1,25,16777215,1625540158,0,29eec61b,51588882131058691",许嵩！！！！,0
"130.31900,1,25,16777215,1625540109,0,88ee4dc4,51588856260067333",心里有海，不赶浪潮,1
"9.54500,1,25,13369971,1625540102,0,9e415e75,51588852858486787",来了来了,0
"37.53100,1,25,16777215,1625540053,0,7c333f9a,51588826630455301",许嵩我老婆,0
"372.46000,1,25,16777215,1625539998,0,43762e5f,51588798041554947",我无所谓,1
"363.46000,1,25,16777215,1625539989,0,43762e5f,51588793321390083",别咬我,2
"359.46000,1,25,16777215,1625539985,0,43762e5f,51588791113089031",别咬我,2
"4.53900,1,25,16777215,1625539973,0,ff474102,51588784949559299",排面,0
"136.97000,1,25,6830715,1625539972,0,d4497028,51588784619782149",嵩哥这段话是好多采访集结到一起的总和，真实悦耳,0
"80.94800,1,25,16777215,1625539957,0,26481fa5,51588776765947907",见嵩点赞,0
"373.97300,1,25,16777215,1625539916,0,b95b5820,51588755144835079",不在一个层面上，好狠，啊哈哈哈,0
"51.49900,1,25,16777215,1625539895,0,71c65ae6,51588744209235975",爱v绝对！,0
"115.03000,1,25,6830715,1625539873,0,d4497028,51588732729425925",从小到大，一路优秀的老嵩头,0
"101.41000,1,25,6830715,1625539836,0,d4497028,51588713202319365",我的精神榜样,0
"97.37000,1,25,6830715,1625539816,0,d4497028,51588702636867591",还好我懂得你的闪耀之处，还好你一直保持初心,0
"32.31900,1,25,16777215,1625539792,0,10bdc835,51588690024071173",我来了来了,0
"379.94500,1,25,16777215,1625539792,0,4b078926,51588690269962245",哈哈哈哈哈哈哈哈哈哈哈,0
"90.83000,1,25,6830715,1625539676,0,d4497028,51588629090795525",人间清醒老嵩头,0
"163.90200,1,25,16777215,1625539662,0,ed806cf8,51588622008188931",我还是忘不了你上树时的样子（doge）,1
"85.49000,1,25,6830715,1625539651,0,d4497028,51588616008237061",陌上人如玉，公子世无双,0
"15.37900,1,25,16777215,1625539643,0,fb903fed,51588612057727047",faker！！！！,0
"162.35800,1,25,16777215,1625539570,0,27632b7d,51588573944610819",超市,0
"136.07900,1,25,16777215,1625539558,0,72d94b8,51588567378427909",好,0
"417.87900,1,25,16777215,1625539540,0,b91f43dc,51588558056062979",我一边听一边泪流满面,1
"132.75600,1,25,16777215,1625539536,0,65daf8ee,51588555746574343",这么多年第一次看到真容,0
"405.97900,1,25,16777215,1625539511,0,b91f43dc,51588542787747847",雅俗共赏,0
"146.70200,1,25,16777215,1625539509,0,ca3a4c75,51588541487513605",现在太缺这种安心创作的音乐人了,1
"423.93900,1,25,16777215,1625539475,0,4f47334,51588523727257607",隔代真的好有感觉,0
"282.09900,1,25,6830715,1625539463,0,d4497028,51588517442093063",听了小八之后就把嵩哥所有专辑挨个听了一遍,0
"134.39800,1,25,16777215,1625539456,0,31ccfadd,51588513676656647",科普一下,0
"121.89800,1,25,16777215,1625539443,0,31ccfadd,51588507212185607",油面筋什么梗？,2
"102.89800,1,25,16777215,1625539424,0,31ccfadd,51588497092378627",皮肤棒棒哒,0
"68.35500,1,25,14811775,1625539337,0,cdeded2,51588451455729667",电风扇不服,2
"351.38000,1,25,16777215,1625539321,0,1210461a,51588443005779971",人在三亚 勿扰,1
"12.92400,1,25,16777215,1625539295,0,31ccfadd,51588429342834693",排面,0
"151.67900,1,25,16777215,1625539293,0,d4497028,51588428225576963",小八小八,0
"375.46300,1,25,16777215,1625539234,0,a1b8e3c5,51588397560496131",就相当于狗咬我，我不咬狗,1
"246.18500,1,25,16777215,1625539215,0,ce654f5a,51588387607937027",好喜欢听他讲话！,0
"7.41900,1,25,16777215,1625539198,0,1874cf85,51588378770014215",啊啊啊啊啊啊啊啊，排面,3
"378.29900,1,25,16777215,1625539164,0,b07a6ccc,51588360776450051",我会拍死 它,0
"27.78400,1,25,16777215,1625539163,0,c006b91f,51588360560443397",老公！！,0
"21.83900,1,25,16777215,1625539148,0,d4497028,51588352642646023",在V+看到的火速赶来,0
"22.73900,1,25,16777215,1625539121,0,6a023669,51588338174394373",许嵩yyds,0
"144.78000,1,25,16777215,1625539107,0,fa9afc6e,51588331169906693",越来越喜欢这个男人了,0
"2.01900,1,25,16777215,1625539103,0,d4497028,51588328905506823",嵩鼠来啦,0
"271.72400,1,25,16777215,1625539053,0,49502350,51588302594113541",当发表后他就是观众的了,0
"10.13900,1,25,16777215,1625539049,0,4f47334,51588300342296579",来了！许甜甜排面！,0
"250.22400,1,25,16777215,1625539031,0,49502350,51588291078651911",作者已死的观点,2
"386.39300,1,25,16777215,1625539029,0,e6fe6200,51588290165866503",哈哈哈哈哈哈哈哈哈某些蚊子，听到了么！！,0
"41.82000,1,25,16777215,1625538976,0,fa9afc6e,51588262457245701",你天天招手我就爱看,0
"2.90500,1,25,16777215,1625538925,0,7363530a,51588235682381831",见嵩进,0
"16.34000,1,25,16777215,1625538924,0,fa9afc6e,51588235077877767",老许，来了来了,0
"414.39900,1,25,16777215,1625538879,0,236c3cb5,51588211482820615",活得好通透！,0
"25.09900,1,25,16777215,1625538875,0,f159498,51588209438097413",排面,0
"419.46500,1,25,16777215,1625538865,0,18100767,51588204091932677",醉离人,1
"319.38500,1,25,16777215,1625538830,0,a37c3ada,51588185504350211",D,0
"262.04500,1,25,16777215,1625538769,0,a37c3ada,51588153506004997",大千世界一打好几个，这能让人欺负了?,2
"85.92100,1,25,16777215,1625538761,0,62583985,51588149545533443",油面筋:那让风扇给你打个招呼？,2
"63.98700,5,25,16777215,1625538715,0,ae49e1ef,51588125464985607",我写检讨的文采不如写情书的一半(滑稽,2
"235.54500,1,25,16777215,1625538691,0,a37c3ada,51588112641425415",可能低头是在看问题,2
"14.74200,1,25,16777215,1625538690,0,62583985,51588112215179267",嵩哥！！！,0
"321.66000,1,25,16777215,1625538664,0,125a0908,51588098728394755",自己的生活指的做菜吗,2
"374.24500,1,25,16777215,1625538615,0,e32d74c9,51588072855306245",不在一个层面上哈哈哈哈哈哈哈,0
"377.83000,1,25,16777215,1625538601,0,17a073c0,51588065775321091",不在一个层面上，扎心,1
"63.06700,1,25,41194,1625538512,0,22a284c,51588019112640519",你对油面筋是有多大的执念,2
"246.23900,5,25,16777215,1625538471,0,70e53077,51587997372514307",手好好看,0
"157.77900,1,25,16777215,1625538468,0,a8b801e3,51587995745124359",假摔贼好听,0
"10.93900,1,25,16777215,1625538463,0,4158bc3,51587993458704391",见嵩进,0
"376.55800,1,25,16777215,1625538455,0,40a1128f,51587989374500867",《不在一个层面上》,0
"380.88500,1,25,16707842,1625538454,0,39f2a6df,51587988555563013",哈哈哈，文化人说话就是不一样，你说是吧，抄袭狗罗聪,0
"329.23800,1,25,16777215,1625538448,0,f2057995,51587985540382723",在音乐里我们已经是老朋友了,0
"5.87000,1,25,41194,1625538435,0,22a284c,51587978887168005",哟，老嵩头出息了,1
"11.92300,1,25,16777215,1625538303,0,7491b77c,51587909438406659",老公，我来啦,0
"274.05900,1,25,16777215,1625538292,0,117707d6,51587903701123075",好家伙，看网上那些人对降温的解释都魔怔了,0
"73.03400,1,25,16777215,1625538254,0,17a073c0,51587883907153925",天生的,0
"167.39900,1,25,16707842,1625538193,0,39f2a6df,51587851861098503",并不是念稿子，他很有才的，很多词汇都是可以张口就来,0
"312.00000,1,25,16777215,1625538191,0,f41c1b3f,51587850842406917",我好爱如约而至!,0
"68.47300,1,25,16777215,1625538170,0,bcabc2f2,51587839941935107",当然不是说油面筋不好，只是我不喜欢油面筋，当然也有很多人喜欢油面筋,2
"372.11500,1,25,16777215,1625538168,0,144d42ba,51587838494375939",拾人牙慧拾人牙慧,0
"295.04000,1,25,16777215,1625538164,0,f41c1b3f,51587836645736451",艺人工作的一部分:被误解,2
"8.33900,1,25,16777215,1625538058,0,5cec7dc6,51587780852580357",许嵩许嵩,0
"217.69400,1,25,16777215,1625538051,0,3107459a,51587777225031687",提笔我画西游,0
"48.37900,1,25,16777215,1625538048,0,93b9ac12,51587775868698629",格局,0
"406.21500,1,25,15138834,1625538027,0,65a4d358,51587764692451331",雅俗共赏,0
"376.64900,1,25,16777215,1625537983,0,bf619d21,51587741854466053",文明：蚊子咬我。通俗，被狗咬,0
"404.43800,1,25,15138834,1625537942,0,c06980d0,51587719901478915",清美《高级审美》,0
"381.63800,1,25,16777215,1625537941,0,bdaa8477,51587719710638087",哈哈哈哈哈,0
"373.93500,1,25,16777215,1625537927,0,2e7614e8,51587712086966279",别咬我,2
"33.08300,1,25,16777215,1625537921,0,dcf982c4,51587708886712327",许嵩,2
"368.04200,1,25,16777215,1625537905,0,4f9efc2d,51587700516454407",诛心啊，哈哈哈,0
"35.84000,1,25,16777215,1625537893,0,f41c1b3f,51587694284767239",眼睛好亮好可爱,0
"294.97400,1,25,16777215,1625537854,0,bdaa8477,51587674280034311",哇好透彻,0
"150.58300,1,25,16777215,1625537815,0,c7be4177,51587653570134019",说实话，不好听,1
"9.56200,1,25,16777215,1625537803,0,fe0b721b,51587647099371523",见嵩进,0
"282.49400,5,25,6830715,1625537778,0,66b44f61,51587634096504839",我是电风扇,0
"376.80700,1,25,16777215,1625537755,0,9f1be128,51587621953470467",大家不在一个层面上,2
"420.32100,1,25,16777215,1625537725,0,8d8051c4,51587606165061639",\(^o^)/~,0
"441.19900,1,25,16777215,1625537716,0,30d36ed7,51587601744265221",感觉现在有很多歌手都是为了火而火，突然粉上他了,2
"258.24500,1,25,16777215,1625537705,0,65a4d358,51587596097683463",音乐纯粹，爱嵩绝对,0
"47.91100,1,25,16777215,1625537704,0,bf619d21,51587595129847811",老公,2
"45.58600,1,25,16777215,1625537697,0,bf619d21,51587591913865221",爱了,0
"40.76500,1,25,16777215,1625537688,0,bf619d21,51587586965110787",永远滴神,0
"128.95300,1,25,16777215,1625537684,0,bc5b46ee,51587584906756103",我的天，和我想法一模一样,3
"38.16200,1,25,16777215,1625537681,0,bf619d21,51587583089049603",许嵩,2
"193.91800,5,25,6830715,1625537668,0,66b44f61,51587576271208455",《小 数 字》,2
"374.27000,1,25,16777215,1625537661,0,42aabf3c,51587572790984711",《大家不在一个层面上》,0
"15.16300,1,25,16777215,1625537652,0,bf619d21,51587568211329031",许嵩永远滴神,0
"3.57900,1,25,16777215,1625537632,0,fcefd18f,51587557472862215",排面,0
"380.36500,1,25,16777215,1625537618,0,7979c4cb,51587550148034565",高情商,0
"180.33500,1,25,16777215,1625537610,0,65a4d358,51587545842057219",大嵩真的做到了“愿你回来，仍是少年”,0
"8.31700,1,25,16777215,1625537577,0,bdaa8477,51587528962605059",来啦,0
"378.29400,1,25,16777215,1625537566,0,a777074d,51587523147726853",哈哈哈哈哈,0
"335.41900,1,25,16777215,1625537543,0,30d36ed7,51587511131045895",我好喜欢他的三观，正正正,0
"339.17400,1,25,16777215,1625537523,0,a777074d,51587500510019587",是的,0
"5.71900,5,25,38979,1625537490,0,4f9efc2d,51587483108376579",许嵩是我的，都不许抢！！！,2
"379.88400,1,25,16777215,1625537454,0,aad10c9f,51587464053653511",不在一个层面上哈哈哈哈,0
"291.63900,1,25,16777215,1625537445,0,30d36ed7,51587459577806851",看的好透彻,0
"56.79300,1,25,16777215,1625537384,0,1f7e90c,51587427675406339",帅的~,0
"103.15900,5,25,41194,1625537351,0,b6f33537,51587410248073219",《自定义》诞生！,0
"200.85900,1,25,16777215,1625537322,0,30d36ed7,51587394838724611",好厉害,0
"39.05900,1,25,16777215,1625537302,0,c3b0eeae,51587384715771907",《押韵》,0
"375.08400,5,25,15138834,1625537133,0,d623f47f,51587295922356227",高情商把狗换成了蚊子,2
"8.53900,1,25,16777215,1625537119,0,81168f0b,51587288535662595",见嵩进,0
"377.41200,5,25,10546688,1625537114,0,ca3a8b21,51587286010691591",侮辱性极强哈哈哈哈哈哈哈哈哈哈哈哈哈哈哈哈哈哈,0
"48.09300,1,25,16777215,1625537079,0,e7bfece7,51587267522723843",这就叫格局,0
"442.05700,1,25,16777215,1625537040,0,a4f0d7c4,51587247281012741",多人运动,0
"24.59900,1,25,16777215,1625537028,0,6036f3b0,51587240992702471",我直接嘿老公,0
"177.89900,1,25,16777215,1625537026,0,dc67ff29,51587240002846723",人民文娱，好好采访那些对于人民群众有益的娱乐明星,0
"8.77900,1,25,16777215,1625537014,0,3290c432,51587233612824581",排面,0
"6.67900,1,25,16777215,1625537002,0,6036f3b0,51587227558346757",排面排面,0
"73.21900,1,25,16777215,1625536983,0,44eea092,51587217622040579",玫瑰花的葬礼,0
"37.48400,1,25,16777215,1625536969,0,81c4992d,51587210211753989",不是看我们获得过什么而是付出过什么,2
"21.73900,1,25,15138834,1625536964,0,7f751274,51587207496990725",为什么嵩哥有许墨的感觉,2
"389.89200,1,25,16777215,1625536960,0,145cf5f2,51587205351079939",许嵩心里还是很傲的,2
"7.71900,1,25,16777215,1625536955,0,932b269a,51587202774204423",排面,0
"3.01900,1,25,16777215,1625536948,0,932b269a,51587199101566979",来了来了,0
"33.29000,1,25,16777215,1625536905,0,ccbb1b03,51587176380497925",嵩哥啊啊啊啊,3
"116.99100,1,25,16777215,1625536835,0,cc1a83f7,51587139598024709",自定义,0
"243.65900,1,25,16777215,1625536827,0,cdbe35af,51587135627591687",作者已死,1
"7.41900,1,25,16777215,1625536760,0,7fe371cf,51587100592570375",老许排面,0
"161.81900,1,25,16777215,1625536752,0,fd7593bf,51587096376246279",这么排面吗？人民文娱上打广告,2
"360.84600,1,25,16777215,1625536693,0,c5877ec7,51587065216237573",人家三亚勿扰,2
"380.88700,5,25,15138834,1625536666,0,ee9ed35d,51587051192582149",《不  在  一  个  层  面  上》,1
"296.31100,1,25,16777215,1625536664,0,fa9afc6e,51587049967321095",老许一直都这么优秀,0
"378.66700,5,25,15138834,1625536643,0,ee9ed35d,51587039014944773",哈哈哈哈哈哈哈哈哈哈,0
"344.92700,5,25,15138834,1625536602,0,ee9ed35d,51587017402220551",好家伙原来你知道啊？天天都是粉丝对线，你倒是不闻窗外事啊,0
"258.40100,1,25,16777215,1625536548,0,62950484,51586989317160967",提笔做歌，词曲绕梁。,0
"318.04700,5,25,15138834,1625536539,0,ee9ed35d,51586984790982663",《其实再来一次又能怎么样呢》,0
"196.74500,1,25,16777215,1625536520,0,932b269a,51586974895046659",嵩宝真棒,0
"13.09900,1,25,16777215,1625536461,0,885f1760,51586943690997763",排面,0
"141.88500,1,25,16777215,1625536455,0,932b269a,51586940307243013",好听也有内涵,0
"437.65200,1,25,16777215,1625536452,0,aa3f56d5,51586938705543173",是什么教养方式才能培育出这么优秀的人才啊！,0
"246.11800,5,25,15138834,1625536439,0,ee9ed35d,51586932016152583",吴京拍完战狼也是这么说的，一旦发布了这个片子曲子就不仅属于自己了,0
"86.84700,1,25,16777215,1625536419,0,c5877ec7,51586921602220035",这个歌手很火么？一点都不火好吧，求求你们给我留张票,2
"2.01900,1,25,16777215,1625536403,0,e86d1591,51586913525563395",排面,0
"67.78500,1,25,16777215,1625536361,0,932b269a,51586891413716997",哥，油面筋和电风扇给您送来了,0
"92.13900,1,25,16777215,1625536351,0,7a15af3d,51586886001491973",嵩哥永远值得我学习,0
"192.71800,5,25,15138834,1625536342,0,ee9ed35d,51586881240956935",ps：这一百多全个人创作，基本一个人包揽,0
"196.49400,1,25,16707842,1625536328,0,b6f33537,51586874081804291",许嵩不要忘了你跟歌迷的一千首歌的约定！！！,2
"64.73900,1,25,16777215,1625536308,0,7a15af3d,51586863604432899",油面筋哈哈哈,0
"83.22000,1,25,16777215,1625536285,0,787cb868,51586851242246149",墨上人如玉 我嵩世无双,0
"17.97900,1,25,16777215,1625536279,0,932b269a,51586848094420999",老公,2
"261.60800,1,25,16777215,1625536274,0,85d3e484,51586845672210437",老古董,0
"17.03900,1,25,16777215,1625536273,0,932b269a,51586844872146947",来了来了,0
"173.69400,1,25,16777215,1625536270,0,b6f33537,51586843608612869",《超市》太棒了！,0
"142.74700,5,25,15138834,1625536247,0,ee9ed35d,51586831541075975",说真小野这张专辑没有特别抓耳的单曲但真的有味道，越听越好听劝退急性子,0
"350.68300,1,25,16777215,1625536234,0,b3c9a761,51586824579579911",《大致看了一眼》,0
"28.94300,1,25,16777215,1625536230,0,e6609901,51586822719406087",好极了,0
"16.92300,1,25,16777215,1625536218,0,e6609901,51586816427950083",哇哦哇哦哦哦哦哦,0
"17.02800,1,25,16777215,1625536205,0,5519325c,51586809285050373",排面,0
"356.07000,5,25,16777215,1625536136,0,3de3f8f1,51586773458354179",放在以前，我一定写歌怼他，现在看开了，呵，小蚊子罢了,2
"63.37500,5,25,15138834,1625536079,0,ee9ed35d,51586743616929795",油面筋电风扇，一生之敌,0
"15.49900,1,25,16777215,1625536077,0,a97fa6a7,51586742465593347",总算能发弹幕了 嵩哥我来啦,0
"19.70200,1,25,16777215,1625536035,0,3a0dd445,51586720535674883",yyds,0
"39.31900,1,25,16777215,1625536023,0,ee9ed35d,51586714301366279",袜衣服还好看,0
"49.44600,1,25,16777215,1625535996,0,8a6daf0,51586699710955527",太对了,0
"20.10900,1,25,16777215,1625535985,0,e73a359,51586694233718789",嵩哥排面,0
"34.35400,1,25,16777215,1625535983,0,be58da13,51586692807655429",确实,0
"397.35200,1,25,16777215,1625535876,0,4a2d9744,51586637080035333",雅俗共赏,0
"356.81900,1,25,16707842,1625535825,0,ea86f4c2,51586610142642179",被抄习惯了,2
"98.36600,1,25,16777215,1625535646,0,f918e3a4,51586516551991301",老许那时候最出名的几首歌都是用罗德M1录的！,0
"4.96700,1,25,16777215,1625535643,0,ac6c7283,51586514570706947",许嵩许嵩,0
"197.63400,1,25,16777215,1625535555,0,6c0e096d,51586468616339461",100多大部分都是你自己写的啊,2
"270.75900,1,25,16777215,1625535467,0,c62db5cf,51586422453829639",翻译:懂得都懂,0
"57.37900,1,25,16777215,1625535453,0,9984bd48,51586415329280007",嵩哥不是艺人，是歌手,2
"19.21700,1,25,16777215,1625535400,0,aad3ed4f,51586387311853575",嵩哥yyds,0
"195.95900,1,25,16707842,1625535399,0,82947314,51586387144081415",作词作曲都是我自己,0
"119.89800,1,25,16777215,1625535371,0,b8d522c5,51586372198203399",是在看问题吧,2
"33.54200,5,25,15138834,1625535181,0,82947314,51586272533676039",憨憨嵩,0
"373.85900,1,25,16777215,1625535177,0,f3577f52,51586270411882501",低情商:他们不配,2
"199.61500,1,25,41194,1625535177,0,f705b97,51586270366269443",我说感觉这些话这么熟悉，原来在Vae+看过了ฅ۶•ﻌ•♡,3
"371.98500,1,25,15138834,1625535169,0,94c84468,51586266256900101",我不会去咬蚊子，但我会拍死它,0
"67.90400,1,25,16777215,1625535133,0,5aace434,51586247418183685",笑死了哈哈哈哈,0
"342.84600,1,25,16777215,1625534967,0,a14f4f80,51586160461873159",人在三亚23333,0
"10.53900,5,25,15138834,1625534944,0,103b6f88,51586148403773443",排面,0
"335.62500,1,25,16777215,1625534906,0,1e3caf5a,51586128412672007",他怎么这么厉害,0
"233.02100,1,25,16777215,1625534871,0,8d88218b,51586109851828229",创作者之死,2
"125.73300,1,25,16777215,1625534839,0,34157418,51586093329416197",我无所谓,1
"18.47900,1,25,16777215,1625534806,0,f3577f52,51586075991212037",谦谦君子,0
"11.97900,1,25,16777215,1625534753,0,2ec36c9d,51586048441450501",别咬我bgm,2
"441.18000,1,25,16777215,1625534674,0,42752af3,51586007004348419",啊啊啊爱你,0
"356.87900,1,25,16777215,1625534584,0,cc85b986,51585959478165509",心疼，被抄习惯了,1
"252.05800,1,25,16777215,1625534540,0,44f8da74,51585936573071367",雅俗共赏,0
"71.85900,4,18,15138834,1625534533,0,3ff81933,51585932890996743",为嵩哥送送上三联,0
"35.49900,1,25,16777215,1625534514,0,f079d52f,51585922750218243",高配树叶,0
"17.21900,1,25,16777215,1625534471,0,e7755b40,51585900313313285",怎么像galgame的bgm,2
"234.63800,1,25,16777215,1625534370,0,cea68995,51585847218143237",《多余的解释》,2
"19.18000,1,25,16777215,1625534245,0,42752af3,51585781697347587",牛壁牛壁,0
"375.18200,5,25,16777215,1625534158,0,b264748,51585736214315015",《不在一个层面上》,0
"3.98000,1,25,16777215,1625534142,0,527a089b,51585727684673543",见嵩见,0
"432.43400,1,25,16777215,1625534084,0,623c97f4,51585697403371525",心流,1
"380.73700,1,25,16777215,1625534014,0,7e55512c,51585660561129479",哈哈哈哈哈哈哈哈,0
"13.82600,1,25,16777215,1625533948,0,c088537c,51585626355531783",排面,0
"111.52200,1,25,38979,1625533940,0,82947314,51585622108274695",嵩嵩帅帅哒,0
"122.78300,1,25,16777215,1625533870,0,74f12a45,51585585034297351",乱感觉,2
"227.05000,1,25,16777215,1625533818,0,b1e82225,51585557937520643",很赞,0
"380.99900,1,25,16777215,1625533789,0,8eae2cb4,51585542813908997",哈哈哈，确实你有这个实力,0
"13.95900,1,25,16777215,1625533773,0,7779fc2c,51585534277451779",yyds,0
"3.55900,1,25,16777215,1625533763,0,b36fc378,51585529296191495",最佳歌手,0
"3.93900,1,25,16777215,1625533757,0,7779fc2c,51585526267379717",我嵩有排面,1
"50.39000,1,25,16777215,1625533738,0,2a0cf75f,51585515780571139",混脸熟,2
"15.83900,1,25,16777215,1625533732,0,b98c1d27,51585512812576773",嵩哥嵩哥,0
"42.51000,1,25,16777215,1625533730,0,2a0cf75f,51585511655997447",还是有用的,0
"376.02800,1,25,16777215,1625533679,0,9858eea0,51585484998574083",但是可以一巴掌拍死蚊子,0
"30.25900,1,25,16777215,1625533671,0,8aadef8f,51585480671625219",他真的不一样！,0
"378.39300,1,25,16777215,1625533652,0,e8d18945,51585470983831555",低情商：你不配   高情商：大家不在一个层面,2
"43.09000,1,25,16777215,1625533637,0,5aace434,51585463344955397",啊啊啊太喜欢许嵩了,0
"55.35800,1,25,16777215,1625533557,0,81b122a5,51585420942639111",vae,0
"70.39000,1,25,16777215,1625533554,0,f3e050f1,51585419728912389",油面筋谢谢你,0
"32.09900,1,25,16777215,1625533500,0,f3e050f1,51585391465070597",气质太好了,0
"201.44100,1,25,16777215,1625533384,0,9e02626,51585330521309189",一个小目标,0
"420.27900,1,25,16777215,1625533305,0,e15a39cb,51585288885501955",隔代真的唱到我心里，一边听一边流泪,1
"10.07900,1,25,16777215,1625533284,0,c05bc240,51585277796810759",排面,0
"389.03900,1,25,16777215,1625533223,0,e15a39cb,51585246009753605",格局要大,0
"3.47500,1,25,16777215,1625533171,0,e4d1bb6e,51585218798157829",牌面,2
"200.11300,1,25,16777215,1625533166,0,3f865ec1,51585215995838467",老凡尔赛了,0
"6.03500,1,25,16777215,1625533143,0,5b7dee85,51585203928301573",来了来了,0
"129.98300,1,25,16777215,1625532984,0,d9e2b931,51585120522469379",这么优秀，哪会说不支持？！！！！,2
"13.27900,1,25,16777215,1625532969,0,7cb4ff79,51585112858951685",爷青回,0
"19.45600,1,25,16777215,1625532922,0,fe324b82,51585088163938307",排面,0
"17.93900,1,25,16777215,1625532919,0,280bb573,51585086500372485",嵩哥,0
"216.75300,1,25,16777215,1625532899,0,61cb204a,51585076233764867",许嵩讲话水平很高的，不需要稿子,2
"194.68100,1,25,41194,1625532851,0,b6f33537,51585051055882247",但是你每首歌都是自己作词作曲就很厉害了,0
"66.09900,1,25,16777215,1625532783,0,5b0306be,51585015612964867",？油面筋表示谢谢你记得我,0
"172.32100,1,25,16777215,1625532773,0,b6f33537,51585009995743239",说看稿的你们有没有看过许嵩的访谈啊？…他本来就是这个样子的啊……,2
"18.95900,1,25,16777215,1625532751,0,83b7b97c,51584998325092357",来了来了,0
"17.37900,1,25,16777215,1625532745,0,83b7b97c,51584995476635653",排面排面,0
"120.70100,1,25,16777215,1625532634,0,ab37f23a,51584937323659269",酷酷,0
"387.98800,1,25,16777215,1625532624,0,585fcce6,51584932105420803",降维打击,0
"94.59000,1,25,16777215,1625532605,0,ab37f23a,51584922020216835",老公,2
"17.64100,1,25,16777215,1625532571,0,a1088c24,51584904169783303",太瘦了老公,0
"44.24800,5,25,15138834,1625532330,0,7d15050d,51584777933815811",爱V绝对！,0
"21.74500,1,25,16777215,1625532308,0,7d15050d,51584766153064453",爱V绝对！！！,0
"125.74200,5,25,16777215,1625532277,0,d41bc1b9,51584750116667399",谦虚点，你会用敢骂他的doge,2
"404.37900,1,25,16777215,1625532265,0,d7e1e9f9,51584743831502851",雅俗共赏,0
"18.49900,1,25,16777215,1625532196,0,ee6b3c74,51584707644096519",嵩哥  嵩哥,0
"157.09000,1,25,41194,1625532179,0,73d76ed7,51584698865418245",个人觉得嵩哥没有看稿，他之前的采访也是喜欢低头措辞,2
"380.80100,1,25,16777215,1625532155,0,1101248,51584686280409095",翻译：“你不配”,2
"294.09800,1,25,16777215,1625532148,0,a174dba6,51584682218749959",大学学医的,0
"375.41800,1,25,16777215,1625532139,0,c063c415,51584677675794437",别咬我,2
"13.97900,1,25,16777215,1625532026,0,782e45fd,51584618390880261",嵩哥嵩哥,0
"314.17200,1,25,16777215,1625532016,0,135dacc1,51584613311578117",好佩服他！,0
"165.26700,1,25,15138834,1625531992,0,816669f7,51584600378966021",最爱科幻！排在幻听和明智之举后面,0
"8.34200,1,25,16777215,1625531955,0,2132f31f,51584581442207749",许嵩！！！！,0
"65.55400,1,25,16777215,1625531910,0,a174dba6,51584557508460549",电风扇表示不服,1
"360.14600,1,25,16777215,1625531870,0,1a5f628c,51584536743510021",佛系歌手（doge）,0
"67.34100,1,25,16777215,1625531780,0,e95b5074,51584489670311943",？？？,3
"248.46600,1,25,16777215,1625531741,0,1a5f628c,51584469063172099",嵩哥才不是明星，他是歌手！,0
"316.14500,5,25,15138834,1625531702,0,dd3af909,51584448696680451",《D》,0
"6.33900,1,25,16777215,1625531636,0,4119e86c,51584414192238599",见嵩进,0
"375.26500,1,25,16777215,1625531532,0,812dd2d6,51584359392608263",但是可以一巴掌拍死,0
"7.53900,1,25,16777215,1625531530,0,4474c5b4,51584358263291909",嵩哥牌面！,0
"168.14500,1,25,16777215,1625531526,0,dd3af909,51584356454498311",《万古》,0
"47.44200,1,25,16777215,1625531518,0,1a5f628c,51584352287457283",嵩哥是歌手,0
"384.14500,1,25,16777215,1625531484,0,4258b14b,51584334438072327",雅俗共赏yyds,0
"11.38900,1,25,16777215,1625531430,0,1a5f628c,51584306086150151",不愧是我嵩哥，一身正气,0
"284.84100,1,25,16777215,1625531370,0,4258b14b,51584274505138181",不可能去追求真正意义上的雅俗共赏,0
"247.33700,1,25,16777215,1625531292,0,af381e5c,51584233573974023",说话真的好有水准,0
"434.02300,1,25,16777215,1625531233,0,1508b5c9,51584202448568327",女人只会影响我创作的速度,0
"377.87900,5,25,41194,1625531217,0,9ac0e2d2,51584194167439365",哈哈哈哈哈哈哈哈哈哈高级,0
"269.99600,1,25,16777215,1625531204,0,a9b42965,51584187507408903",自己给自己刨了,1
"406.50300,1,25,16777215,1625531183,0,1508b5c9,51584176462757893",他们说快这一首情歌雅俗共赏,0
"10.45900,1,25,16777215,1625531181,0,9a1ec16e,51584175583002629",爱v！,0
"371.88700,1,25,15138834,1625531163,0,370044a9,51584166135332871",可以喷点杀虫剂，不然还咬你,2
"332.07100,1,25,16777215,1625531088,0,1508b5c9,51584126516461575",爱老许无止境,0
"332.07100,1,25,16777215,1625531072,0,1508b5c9,51584118143057923",小学3/4年级开始听，现在马上大三了,0
"328.01800,1,25,16777215,1625531042,0,1508b5c9,51584102464749575",我的洒脱就是从老许歌里获得鼓励后才有的,0
"323.11200,1,25,16777215,1625531036,0,2689c9de,51584099570155525",一耳不闻,2
"16.61600,1,25,16777215,1625531014,0,16d2881c,51584087876960261",啊啊啊啊啊老公,2
"316.96700,1,25,16777215,1625530987,0,1508b5c9,51584073968123909",和现在的流量明星高下立判,2
"15.63400,1,25,16777215,1625530769,0,547940e7,51583959456284679",来了来了！！,0
"113.38500,1,25,16777215,1625530737,0,a07260cd,51583942605144067",回音壁,0
"347.77400,1,25,16777215,1625530716,0,316ea2bc,51583931655389191",但你可以拍死蚊子,2
"50.38200,1,25,16777215,1625530690,0,a295e166,51583917910130693",学医救不了华语乐坛,1
"316.17900,1,25,16777215,1625530556,0,9583946f,51583847938654211",一耳不闻也知道王友梅的意思[doge],0
"376.33900,1,25,15138834,1625530465,0,88de157c,51583800231067655",翻译:狗咬一口，我不能咬回去吧,1
"440.71700,5,25,16777215,1625530426,0,9319ab7d,51583779637559301",音乐纯粹爱V绝对,0
"374.67900,1,25,16777215,1625530394,0,c85b8a68,51583762627559427",哈哈哈哈哈，不在一个层面上,0
"410.57700,1,25,16777215,1625530382,0,9319ab7d,51583756591955973",音乐纯粹爱V绝对,0
"14.26700,1,25,16777215,1625530344,0,9e10174e,51583736768626691",嵩哥yyds！,0
"380.97700,5,25,16777215,1625530336,0,9319ab7d,51583732659257349",“不在一个层面上”,2
"202.28400,1,25,16777215,1625530327,0,fa81d169,51583727667511299",《乌鸦》,0
"386.70800,1,25,16777215,1625530306,0,8e36191c,51583716484448263",“不在一个层面上”,2
"17.38500,1,25,16777215,1625530306,0,d079a1a0,51583716481302535",yyds,0
"353.99700,5,25,41194,1625530283,0,9319ab7d,51583704608800771",大爱许嵩,0
"241.71000,1,25,16777215,1625530188,0,c85b8a68,51583654778896391",我嵩哥三观超正的！,0
"130.27000,1,25,16777215,1625530178,0,8fae0939,51583649423818755",确实,0
"335.97500,1,25,16777215,1625530172,0,b413cabe,51583646593712133",许嵩的歌感觉是越听越有味儿,0
"64.13400,1,25,16777215,1625530161,0,d02ef037,51583640415502341",许嵩看着非常像我哥哥,0
"235.83700,5,25,41194,1625530153,0,9319ab7d,51583636539965443",音乐纯粹爱V绝对,0
"195.83700,1,25,16777215,1625530096,0,9319ab7d,51583606358278151",全部记得！！！,0
"54.07800,1,25,16777215,1625530081,0,46e154e2,51583598829502471",弃医从麦,1
"188.03700,1,25,16777215,1625530076,0,9319ab7d,51583596031377415",许嵩yyds,0
"171.13700,1,25,16777215,1625530048,0,9319ab7d,51583581671653379",格局,0
"62.47000,5,25,15138834,1625530046,0,6004d486,51583580527132677",油面筋:您是真的爱我,0
"125.14200,1,25,16777215,1625530046,0,45a08379,51583580318466053",不重要,3
"123.53700,1,25,16777215,1625530041,0,45a08379,51583577912508419",对,2
"2.87800,1,25,16777215,1625530023,0,46e154e2,51583568491577347",嗯？,0
"67.53900,1,25,16777215,1625529999,0,bd024a2e,51583555665395717",油面筋电风扇哈哈哈哈,0
"7.45900,5,25,15138834,1625529956,0,6004d486,51583533459701765",排面,0
"21.56600,1,25,16777215,1625529862,0,8e36191c,51583483641331717",排面,0
"298.66800,1,25,16777215,1625529831,0,4735e568,51583467427201027",不得不说太有文化了,0
"379.97900,1,25,16777215,1625529825,0,b5ec8ead,51583464515829765",哈哈哈哈哈哈哈哈,0
"231.00500,1,25,16777215,1625529763,0,4735e568,51583431970652165",说话真的太有气质了,0
"366.38700,1,25,16777215,1625529734,0,31b5d75b,51583416672976899",嵩哥这样说，我就更想去骂罗聪了,2
"376.65800,5,25,15138834,1625529611,0,6c921e7f,51583352381112327",哈哈哈伤害不大，侮辱性极强,0
"441.25000,1,25,16777215,1625529603,0,907ad4c0,51583347937247239",音乐纯粹 爱V绝对 十年许嵩 雅俗共赏,0
"18.21500,1,25,16777215,1625529536,0,f182c3b5,51583312795795459",我来了嵩哥,0
"15.15900,1,25,16777215,1625529454,0,46872648,51583269820432391",排面排面！,0
"390.07000,1,25,16777215,1625529214,0,37349917,51583144172716037",雀食,0
"436.54700,5,25,41194,1625529199,0,3615b353,51583136059359237",音乐纯粹   爱V绝对,0
"44.55600,1,25,16777215,1625528660,0,9c3b7ca0,51582853809438727",格局,0
"211.49300,1,25,16777215,1625528635,0,f6569f2f,51582840500912133",他是在思考啦，哪有稿,2
"366.21900,1,25,16777215,1625528603,0,237351d5,51582823878361093",无所谓，自由自在的飞～,0
"320.71900,1,25,16777215,1625528546,0,237351d5,51582794089889795",许嵩就是我的榜样,0
"300.77900,1,25,16777215,1625528499,0,10dfba24,51582769418993671",他从来不会把歌迷称为粉丝,2
"29.82100,1,25,16777215,1625528468,0,46a3748,51582753285603331",温文尔雅 啊啊啊,0
"13.07400,1,25,16777215,1625528442,0,46a3748,51582739628949507",嵩哥嵩哥 ,0
"6.43900,1,25,16777215,1625528342,0,f6569f2f,51582686885576707",我的老公我的老公,3
"20.27600,1,25,16777215,1625528206,0,5d31bb03,51582615775870981",许甜甜！！,0
"252.45900,1,25,16777215,1625528137,0,31b5d75b,51582579691225095",艺术家,0
"359.48600,1,25,16777215,1625528078,0,9813b61a,51582548447854597",我无所谓,1
"9.99900,1,25,16777215,1625527939,0,b1fc66df,51582475702370311",见嵩进,0
"174.28600,1,25,16777215,1625527875,0,9813b61a,51582442187784195",万古,0
"16.46000,1,25,16777215,1625527756,0,8d970784,51582379781783557",嵩哥,0
"6.81900,1,25,16777215,1625527665,0,5fc7f37e,51582332233580551",罗聪进来挨打,2
"219.81100,1,25,16777215,1625527236,0,8aa36958,51582107004698631",不是 看不看稿子都能扯半天吗 你管得着吗,2
"379.05900,1,25,16777215,1625526390,0,ef8f9fb3,51581663808323589",格局大了,0
"118.06000,1,25,16777215,1625526251,0,48cd2b52,51581590619815941",666666,0
"128.25900,1,25,16777215,1625526153,0,77fbf277,51581539286777861",九五至尊后面还要加上“呀”,0
"431.96700,5,25,15138834,1625526127,0,f45a6b26,51581525398388741",老许:女人只会影响我写歌的速度,0
"326.80300,1,25,16777215,1625526041,0,f521bf32,51581480800878597",这就是我一直爱他的原因 无需营业 让我们在音乐世界里相见,0
"384.34200,1,25,15138834,1625525993,0,f45a6b26,51581455218769925",雅俗共赏,0
"183.52800,1,25,16777215,1625525647,0,f0eef909,51581274006487045",不酬勤 ,2
"14.73300,1,25,16777215,1625525391,0,3ed0601d,51581139928219655",许甜甜，我来了,0
"68.73900,5,25,15138834,1625525106,0,7c7ed744,51580990300094471",油面筋：你礼貌吗,2
"29.21900,1,25,16777215,1625524963,0,5372e536,51580915668221959",标准文青,0
"254.84500,1,25,16777215,1625524730,0,67ec55c5,51580793277382661",这双手像握,0
"200.76500,1,25,16777215,1625524652,0,67ec55c5,51580752525000711",好好看的手,0
"170.21500,1,25,16777215,1625524614,0,67ec55c5,51580732284862471",这些话对于他来说都是信手拈来的，不需要看稿,0
"135.42100,1,25,16777215,1625524548,0,67ec55c5,51580697813975043",不是看稿，这是低头思考,2
"60.13500,1,25,16777215,1625524355,0,67ec55c5,51580596791017479",这么瘦就是vae,2
"407.59400,1,25,16777215,1625524202,0,61023ce4,51580516614799363",情动于衷的作品才是好作品,0
"343.75900,1,25,16777215,1625524201,0,25f6206d,51580515933749253",前面的不要cue别人哟,2
"328.53900,1,25,16777215,1625524176,0,25f6206d,51580503042031621",13年老粉！,0
"12.63900,1,25,16777215,1625523850,0,25f6206d,51580331932778501",老许,0
"8.66500,1,25,16777215,1625523832,0,110bb87c,51580322485633031",好家伙,0
"375.97900,1,25,16777215,1625523494,0,8c4472f9,51580145066573831",好棒的嵩哥,0
"20.82000,1,25,16777215,1625523264,0,e5cf7925,51580024771313669",老许老许,0
"31.81900,1,25,16777215,1625523124,0,8c4472f9,51579951465889795",有兴趣！,0
"9.14700,1,25,16777215,1625522607,0,29241c50,51579680423673859",许你一世不嵩手,2
"407.97800,1,25,16777215,1625521525,0,fbe863e9,51579112690024455",确实,0
"355.66800,1,25,16777215,1625521469,0,fbe863e9,51579083463065607",这些年一直被抄袭 早就习惯了,2
"365.92100,1,25,16777215,1625521428,0,1cd0059b,51579062313287683",没有同一性就没有斗争性，说得太好了，马哲满分,0
"263.17900,5,25,15138834,1625521274,0,6ba4a690,51578981096882181",华语乐坛的未来,0
"242.11900,1,25,16707842,1625520239,0,fd92ab48,51578438936428547",许嵩真的是当今娱乐圈少有的不贪图名利，专心做自己的音乐了,0
"149.77800,1,25,16777215,1625519163,0,6b9bcdab,51577874339594247",前面的，好像真的是在看稿hh,0
"337.44200,1,25,16777215,1625517528,0,76cb704a,51577017142870023",华晨宇听懂了吗？,2
"10.81100,1,25,16777215,1625517384,0,f8275791,51576941849870341",排面！！！！,0
"378.13800,1,25,16777215,1625516624,0,254d7438,51576543432933383",大家不在一个层面上,2
"283.97300,1,25,16777215,1625516545,0,5f804d86,51576501973811203",我怀疑大学读的是哲学吧,2
"192.33100,1,25,16777215,1625516438,0,254d7438,51576446018125827",小嵩嵩,0
"434.65900,1,25,16777215,1625514859,0,8e8737d2,51575617823965189",明白了，嵩哥不需要女朋友，也不需要男朋友,0
"150.07700,1,25,16777215,1625514157,0,2eb05cb5,51575250141839363",乌鸦！,3
"121.55100,1,25,16777215,1625513785,0,1e92ad73,51575054875492359",心里有海，不赶浪潮,1
"14.53900,1,25,16777215,1625513330,0,a52fe2e2,51574816370065413",yyds,0
"437.51800,1,25,16777215,1625513232,0,73289dcd,51574765203750919",女人只会影响我写歌,0
"119.33900,1,25,16777215,1625512825,0,3a986754,51574551821156355",当面肯定都是劝做，关键这也不是啥坏事,2
"216.21200,1,25,16777215,1625511901,0,bc14c899,51574067276283907",音乐才子不是吹的，真的很牛逼的,0
"372.74000,1,25,16777215,1625511454,0,9e9c2a8d,51573832817311749",什么叫格局啊,2
"171.73300,1,25,16777215,1625511338,0,2506c12b,51573772026118151",乌鸦~,1
"373.75900,1,25,16777215,1625510535,0,9a46eb94,51573350855606275",狗咬你一口你还蹲下来反咬狗一口吗 一样的道理,2
"336.91900,1,25,16777215,1625510463,0,9a46eb94,51573313151959043",嵩哥:用作品说话而不是靠作 你看那些到处跑真人秀演出各种综艺到头来还没我专辑卖的好呀,2
"246.47900,1,25,16777215,1625510288,0,9a46eb94,51573221620711431",嵩哥态度依旧是:不懂的人最好依旧不懂 而懂的人就很舒服,0
"269.35000,1,25,16777215,1625510221,0,b3083255,51573186221309957",太极大师,0
"196.89900,1,25,16777215,1625510192,0,9a46eb94,51573171316326407",每首歌的背后都有他的故事  这就是我最欣赏嵩哥的地方,0
"98.57400,1,25,15772458,1625510144,0,e388942a,51573146138968071",这个外套真好看,0
"273.88300,1,25,16777215,1625510131,0,1615a39c,51573139116654597",情商好高啊,2
"156.25900,1,25,16777215,1625510121,0,9a46eb94,51573133873774597",很喜欢乌鸦假摔和庞贝！,0
"113.47900,1,25,16777215,1625510062,0,9a46eb94,51573103134769157",只是随便录几个demodemo有些人还认认真真我们是没啥了不起可你丫也别把自己当成九武至尊,2
"97.37900,1,25,16777215,1625509961,0,9a46eb94,51573050132398085",嵩哥以前跟乱感觉一起就是在玩音乐作为娱乐而已并没有想着往专业方向去发展,0
