"5.01800,4,25,15138834,1619454854,0,339f9416,48398429997498371",各位去查一下作词人唐恬，就会发现这歌为什么会有力量,2
"210.29900,5,25,16707842,1619440805,0,1ddcf540,48391064114954245",歌词是来不及，但是每一个字都在说着来得及。,0
"140.64300,1,25,16777215,1619438322,0,6773b5b1,48389762482438151",原版像在下沉，玲花一开口，感觉从海底浮上来了,0
"196.41600,4,25,16707842,1619427368,0,d5668b2,48384019513475075",这是两位佛，在渡众生啊，这样温柔却这样有力量。,0
"101.18900,4,25,16777215,1619413789,0,582ad8c0,48376900411195399",海底看不见四季，所以重回烟火人间吧,1
"54.61700,1,25,16777215,1619363794,0,6e6616d4,48350688538787847",少年人唱丧，成年人唱治愈,4
"0.00000,4,25,41194,1619349217,0,13efe241,48343046076497925",凤凰传奇 永远的神,0
"71.74300,5,25,16707842,1619325051,0,f520749f,48330375850098693",有种草原呼麦的感觉,0
"34.52600,1,25,16777215,1620923756,0,9d00169c,49168557857570821",1202.5w打卡,4
"227.59300,1,25,16777215,1620923735,0,dbd629e0,49168547007954951",歌词真好,0
"76.23400,1,25,16777215,1620923525,0,5a998f73,49168436487520259",哇啊啊啊啊啊,3
"219.92000,1,25,16777215,1620923373,0,b1bb6d6,49168356856561671",来得及,0
"184.62800,1,25,15138834,1620923301,0,6787b85,49168319146098695",上岸！,0
"127.17400,1,25,16777215,1620923288,0,4c946e6a,49168312629198853",希望成都49中的那个男生可以听到这首歌,0
"109.80100,1,25,16777215,1620923253,0,49637023,49168294019072003",快去关注凤凰传奇！！！,0
"52.45200,1,25,16777215,1620923214,0,8c55df2,49168273652580355",1202.3万打卡!!!,4
"49.99900,1,25,16777215,1620923180,0,c068e64e,49168255683657733",1202打卡,4
"51.75100,1,25,16777215,1620923067,0,dde02216,49168196425482245",1202w啦！！！！！！！！,3
"136.62600,1,25,16777215,1620922982,0,afaab1fa,49168152048697349",我哭了呜呜呜呜呜等我,1
"225.14200,1,25,16777215,1620922944,0,156b0211,49168132006739973",来得及,1
"9.99100,1,25,16777215,1620922856,0,653355cd,49168086158278661",凤凰传奇是一种温暖的力量,0
"68.33500,1,25,16777215,1620922817,0,67dcaafc,49168065533837315",花朝我放电了,0
"197.35500,1,25,16777215,1620922804,0,88347201,49168058649935875",来得及来得及来得及来得及来得及,1
"144.93500,1,25,16777215,1620922743,0,88347201,49168026841907205",听几次，哭几次。,1
"12.85900,1,25,16777215,1620922677,0,2235b7d1,49167992362106883",弹幕好少,2
"11.63900,1,25,16777215,1620922650,0,2d97d945,49167977869737991",神仙来了,3
"188.92100,1,25,16777215,1620922613,0,541bdd10,49167958486286343",我会上岸的！,0
"235.61800,1,25,16777215,1620922507,0,c4513b67,49167902979915779",海底看不见四季，所以上岸吧孩子，明天还是个好天气,2
"203.37700,1,25,16777215,1620922475,0,e1e8e420,49167886251982851",一切都来得及 对吧 我一定可以的吧,1
"59.61500,1,25,52480,1620922430,0,45814e0a,49167862464512005",非常棒，1201.4 W打卡,0
"9.27000,1,25,16777215,1620922420,0,6034e5ff,49167857237884931",每日一刷,0
"116.39900,1,25,16777215,1620922393,0,c835844b,49167843431284739",曾毅这两年发现钱不好赚了,0
"1.90200,1,25,52480,1620922372,0,45814e0a,49167832205754373",真的好棒， 点赞,0
"80.18500,1,25,16777215,1620922363,0,9e5d9351,49167827233406983",这才叫真翻唱，对原唱的另一种解读和升华！！！,0
"224.65900,1,25,16777215,1620922321,0,f2077135,49167805624352773",明天是个好天气！！！,0
"0.95900,1,25,16777215,1620922319,0,1acd5952,49167804366585861",看完一遍，又多了两千播放量,0
"215.21300,1,25,16777215,1620922318,0,b5895d84,49167803945058311",小林，走好。,1
"31.29900,1,25,16777215,1620922290,0,c835844b,49167789148078085",舒服了今天,0
"87.88900,1,25,16777215,1620922266,0,473d0910,49167776776978435",春晚好吧,0
"221.14300,1,25,16777215,1620922260,0,9b67df6e,49167773290463235",来得及来得及,1
"202.45500,1,25,16777215,1620922238,0,1acd5952,49167761772904451",这里总忍不住哭,1
"157.69400,1,25,16777215,1620922232,0,ea38f99e,49167758643953671",初级必过！！,0
"93.34000,1,25,16777215,1620922202,0,c8133662,49167743311675397",弹幕,4
"164.27900,1,25,16777215,1620922104,0,268bce3f,49167691801427973",上岸,0
"29.29500,1,25,16777215,1620922072,0,5522e90c,49167674985414659",弹幕呢,2
"16.09200,1,25,16777215,1620922062,0,5522e90c,49167669767700485",弹幕呢,2
"4.41500,1,25,16777215,1620922024,0,1acd5952,49167649954332677",1201.8,4
"0.00000,5,25,8700107,1620922010,0,1acd5952,49167642412974151",1201.8,4
"146.39200,1,25,16777215,1620921942,0,556667a0,49167606513401863",凤凰传奇yyds,0
"191.97900,1,25,16777215,1620921939,0,632844ae,49167605059551237",好听,0
"187.57900,1,25,16777215,1620921930,0,632844ae,49167600390766597",词曲好棒,0
"208.87200,1,25,16777215,1620921891,0,36af5b54,49167580124413955",来得及,1
"187.69900,1,25,16777215,1620921891,0,9dff438f,49167580031090693",凤凰传奇yyds！,0
"210.83600,1,25,16777215,1620921861,0,8b373a16,49167564182388741",来得及,1
"97.85000,1,25,16777215,1620921813,0,b3ad4aeb,49167539143966723",广场舞大妈陷入沉思（这玩意该怎么跳ʘʚʘ嘎？）,1
"17.01200,1,25,16777215,1620921804,0,4eb69115,49167534641381379",698人正在看~~~,0
"205.15500,1,25,16777215,1620921708,0,835a10ce,49167484271460355",来得及 来得及,1
"71.70100,1,25,16777215,1620921632,0,f7caafcb,49167443990413317",大鱼！,0
"40.24300,1,25,16777215,1620921582,0,64f5207a,49167418111557639",1200w打卡,4
"138.70200,1,25,16777215,1620921577,0,3fe83c4c,49167415296655363",曾毅太帅了,0
"53.42400,1,25,16777215,1620921552,0,b5e7b80c,49167402006478851",1201打卡,4
"154.94800,1,25,16777215,1620921514,0,2e1fa2e5,49167382378708999",第三遍终于给我听哭了 是治愈的,1
"19.80000,1,25,16777215,1620921447,0,d7d8be13,49167347344211973",每天一遍！,0
"215.00000,1,25,16777215,1620921370,0,a45e2ea5,49167306909548549",来得及！东林等我,0
"29.36600,1,25,16777215,1620921340,0,f9bc478,49167291071856647",上岸，加油,0
"201.55900,4,25,15772458,1620921173,0,cb9475f,49167203312861191",来得及来得及 我要好好学习,0
"44.96900,1,25,16777215,1620921162,0,d67fe86d,49167197568761859",1200W打卡,4
"194.93900,4,25,15772458,1620921150,0,cb9475f,49167191515856903",来得及来得及 我要好好学习！,0
"215.15700,1,25,16777215,1620920965,0,e4b4ef05,49167094327541763",考研上岸,0
"238.12400,1,25,16777215,1620920940,0,151c856b,49167081279062019",上岸！,0
"224.18400,1,25,16777215,1620920937,0,f97fdc87,49167079872397315",明天是个好天气！！！,0
"60.94200,1,25,16777215,1620920923,0,a5af8beb,49167072206782467",1201.2,4
"169.96000,1,25,16777215,1620920920,0,e4b4ef05,49167070650171397",会计上岸,0
"125.14700,1,25,16777215,1620920890,0,5883c5bf,49167055317368837",1200万打卡,4
"126.46800,1,25,16777215,1620920876,0,dc913387,49167047733018627",托福100分冲啊,4
"236.49900,1,25,16777215,1620920842,0,d23784e6,49167030085484551",活着看四季,0
"23.23900,1,25,15138834,1620920834,0,3a33c4fa,49167025618550789",来得及的一定来得及的,0
"182.01500,1,25,16777215,1620920786,0,73df9c58,49167000639897607",zl我永远爱你,0
"195.69900,1,25,16777215,1620920780,0,d23784e6,49166997488402435",人间值得,0
"30.31800,1,25,16777215,1620920764,0,585ea998,49166989176340487",1200万打卡,4
"197.55500,1,25,16777215,1620920748,0,f49f87da,49166980891017223",1201万,4
"241.52900,1,25,16777215,1620920741,0,f40a7db2,49166977142882309",明天是个好天气！今天你已经很棒了！,0
"45.21200,1,25,16777215,1620920726,0,aa8b66b5,49166969293766659",1200万播放？牛啊,0
"205.78100,1,25,16777215,1620920713,0,5ee61bd0,49166962479595525",网易云我买了,0
"207.80500,1,25,16777215,1620920684,0,57bd066,49166947257942021",好听啊,0
"74.42100,1,25,16777215,1620920658,0,d58f9a8a,49166933488041991",哭了,1
"66.55700,1,25,16777215,1620920636,0,94f9c592,49166922009280517",短短半个小时，见证了1990到1201的奇迹,3
"198.81300,1,25,16777215,1620920626,0,5cb34052,49166916614881285",全体起立！,0
"14.33500,1,25,16777215,1620920554,0,ac71feee,49166879116230661",来了,0
"85.55700,1,25,16777215,1620920541,0,d76220c3,49166872123277319",1200.9!,3
"193.79900,1,25,16777215,1620920541,0,73df9c58,49166871965990917",等我娶了她我再回来看,0
"150.81100,1,25,15138834,1620920540,0,3a33c4fa,49166871950262279",你永远可以相信凤凰传奇,0
"23.85700,1,25,16777215,1620920531,0,5ee61bd0,49166867003080771",1201万了,4
"57.35800,1,25,16777215,1620920506,0,fc1b71b,49166854027476997",1200.9打卡,4
"90.83800,1,25,16777215,1620920456,0,5a390c83,49166827467571207",原唱:海底 凤凰翻唱:海底捞,0
"96.13900,1,25,16777215,1620920381,0,3d0b8db0,49166788074668037",好听,0
"8.48600,1,25,16777215,1620920375,0,e099580,49166785430159367",1200w打卡,4
"104.70000,1,25,16777215,1620920368,0,59f50b14,49166781333372933",梵音救赎的感觉,0
"14.29800,1,25,16777215,1620920364,0,f3d12f9,49166779528773639",1200万留恋,4
"61.61300,1,25,16777215,1620920355,0,d27bb276,49166774896689159",1200.9,4
"233.13700,1,25,16777215,1620920302,0,abeac45a,49166746739802115",我要努力努力更努力,0
"36.87300,1,25,16777215,1620920277,0,73bd728e,49166733941932039",1200.8  打卡,4
"128.90500,1,25,16777215,1620920277,0,20a81601,49166733845987331",路通向我，等你,1
"108.46800,1,25,16777215,1620920208,0,20a81601,49166697846800391",大鱼bgmyyds,0
"214.69900,1,25,16777215,1620920194,0,40f3e03e,49166690030714885",来得及,1
"87.18500,1,25,16777215,1620920187,0,20a81601,49166686721933317",佛光普照,0
"1.58000,1,25,16777215,1620920178,0,64651c9d,49166681765838853",1200.8,4
"7.86200,1,25,16777215,1620920108,0,20a81601,49166645090320391",又来了,1
"158.93400,1,25,16777215,1620920073,0,a62f3be6,49166626803154949",希望能上川警,0
"32.68900,1,18,16777215,1620920066,0,5647b097,49166623250055175",我想考上北京师范大学去见他！,0
"220.26500,1,25,16777215,1620919982,0,403138c7,49166578970263555",我知道活成自己想要的样子，不容易，但是尽力朝那个方向去努力吧,0
"204.71900,1,25,16777215,1620919980,0,ff2fe995,49166577863491587",来得及,1
"187.41900,1,25,8700107,1620919939,0,47a0a2fa,49166556771385349",来得及来得及,1
"28.49700,5,25,4351678,1620919901,0,3a3afd1,49166536415903751",1200万打卡！,4
"25.08500,1,25,16777215,1620919748,0,3b820684,49166456671174661",1200万了,4
"17.61600,1,25,16777215,1620919723,0,c10108fa,49166443340103685",我可以,0
"28.38900,1,25,16777215,1620919620,0,ecc5965d,49166389444870147",1200W打卡,4
"201.75900,1,25,16777215,1620919575,0,30989663,49166365747576837",1200.2打卡,4
"204.29200,1,25,16777215,1620919545,0,af1e9a03,49166350290518021",来得及来得及,1
"164.17900,1,25,16777215,1620919521,0,abec6006,49166337626341381",公务员面试上岸,0
"2.10100,1,25,15138834,1620919493,0,b4a8ef49,49166322718736387",1200w打卡,4
"4.49900,1,25,16777215,1620919429,0,70c635e4,49166289245569031",1200w打卡,4
"19.98800,1,25,16777215,1620919321,0,4924ae8,49166232479858693",第一次来,0
"24.30600,1,25,16777215,1620919294,0,5ab7c1c1,49166218177282055",一遍真的够么,0
"13.98300,1,25,16777215,1620919283,0,5ab7c1c1,49166212758765573",太棒了,0
"5.66600,1,25,16777215,1620919275,0,5ab7c1c1,49166208411369477",1200w打卡,4
"44.32600,1,25,16777215,1620919261,0,d46226db,49166201061900293",1199万打卡,4
"9.15000,1,25,16777215,1620919168,0,135a5ff3,49166152316223493",1200w打卡,4
"21.42300,1,25,16777215,1620919144,0,ecc5965d,49166139926249475",单曲再循环,0
"28.49000,1,25,16777215,1620919122,0,fdea6515,49166128017047557",1200W合影,4
"26.09300,1,25,16777215,1620919052,0,2cc1c45a,49166091483611143",1200w打卡,4
"42.48900,5,25,13369971,1620919023,0,4746d7f3,49166076152905731",第100遍,0
"28.67100,5,25,13369971,1620919009,0,4746d7f3,49166068908818435",散落的,1
"218.18400,4,25,16707842,1620919009,0,5164d2e2,49166068795572229",“明天是个好天气”,0
"13.50500,5,25,13369971,1620918994,0,4746d7f3,49166060956942339",上岸提前1200万打卡,4
"68.50500,1,25,16777215,1620918986,0,c1fb6087,49166056966062085",1200w,4
"101.90500,1,25,16777215,1620918984,0,3221e1a0,49166056013430787",yyds,0
"241.16600,5,25,13369971,1620918975,0,4746d7f3,49166051247128579",上岸,0
"15.59800,1,25,16777215,1620918973,0,6f1be974,49166050020294663",助力1200w,0
"223.84400,5,25,13369971,1620918958,0,4746d7f3,49166042165411843",明天是个好天气,0
"201.04800,1,25,16777215,1620918935,0,4746d7f3,49166030228422661",提前1200w打卡,4
"181.74900,1,25,16777215,1620918809,0,6c488c22,49165963897077767",在哪儿能看到几人观看？,4
"19.17100,1,25,16777215,1620918802,0,641bd842,49165960619753475",每天亿遍,0
"61.34100,1,25,16777215,1620918801,0,3eb9718e,49165960023113733",1199.8打卡,4
"31.20900,1,25,16777215,1620918788,0,5164d2e2,49165953274478597",1199•8W,4
"51.57500,1,25,16777215,1620918715,0,ea7298b0,49165914650705923",专升本希望有好成绩,0
"9.13200,1,25,16777215,1620918696,0,c05f1606,49165905059905543",再来亿遍,4
"16.77100,1,25,16777215,1620918641,0,9a35229c,49165875971883013",1199.7w，951人正在观看,3
"193.15700,5,25,16707842,1620918589,0,4541f4d1,49165848668012547",原来不是曾毅不唱是玲花太大声了2333,3
"242.46000,1,25,16777215,1620918525,0,4a5145a5,49165815213195269",1199.5,4
"14.99600,1,25,16777215,1620918508,0,d776e04a,49165806398865415",1199.6打卡,4
"220.58600,1,25,16777215,1620918470,0,c7e3ed6e,49165786327547907",来得及,1
"155.39700,1,25,16777215,1620918404,0,f18a8738,49165751879204869",无数次鸡皮疙瘩,2
"200.79600,1,25,16707842,1620918380,0,74d69db,49165739126423559",来得及来得及来得及来得及来得及来得及来得及来得及来得及,1
"200.79600,1,25,16707842,1620918369,0,74d69db,49165733281136643",来得及来得及来得及来得及来得及来得及来得及来得及来得及来得及来得及来得及来得及,1
"200.79600,1,25,15772458,1620918360,0,74d69db,49165728548388871",来得及来得及来得及来得及来得及来得及来得及来得及来得及来得及,1
"200.79600,1,25,15772458,1620918354,0,74d69db,49165725375397893",来得及来得及来得及来得及来得及来得及来得及来得及来得及,1
"200.79600,1,25,15772458,1620918339,0,74d69db,49165717876506631",来得及来得及来得及来得及来得及来得及来得及来得及来得及来得及来得及,1
"200.79600,1,25,15772458,1620918333,0,74d69db,49165714731302915",来得及来得及来得及来得及来得及来得及来得及来得及来得及来得及来得及来得及来得及,1
"213.42600,1,25,16777215,1620918330,0,ecc5965d,49165712949248003",单曲再循环,0
"197.48300,1,25,15772458,1620918321,0,74d69db,49165708447711237",来得及来得及来得及来得及来得及来得及来得及来得及来得及来得及来得及来得及来得及,1
"196.82600,1,25,15772458,1620918313,0,74d69db,49165703892697093",来得及来得及来得及来得及来得及来得及来得及来得及来得及来得及,1
"12.37900,1,25,16777215,1620918295,0,4a5145a5,49165694499028997",我又来了,0
"12.45900,1,25,16777215,1620918240,0,83a31200,49165665844068355",少了好多弹幕,2
"49.57700,1,25,16777215,1620918239,0,a696ab41,49165665474969605",1199,4
"173.89900,1,25,16777215,1620918189,0,72415871,49165639263191045",1199.3,4
"60.05800,1,25,16777215,1620918078,0,e5d9d225,49165581058834435",1199,4
"99.74700,1,25,16777215,1620918069,0,a51b858c,49165575877296131",弹幕呢？怎么都没了？,2
"27.76300,1,25,16777215,1620918062,0,7058c2bf,49165572370857987",1199w,4
"7.86000,1,25,16777215,1620918062,0,10c642af,49165572342022147",永远滴神,0
"20.26300,1,25,16777215,1620918054,0,7058c2bf,49165568373161987",1200w,4
"9.76300,1,25,16777215,1620918044,0,7058c2bf,49165562911653893",1199.3w,4
"42.59900,1,25,16777215,1620918026,0,1e66ab12,49165553673175047",过六级,0
"176.58500,1,25,16777215,1620917973,0,a33debf8,49165525625864197",起鸡皮疙瘩了,0
"229.61500,1,25,16777215,1620917890,0,682a4181,49165482347462663",来得及，专升本一定上岸,0
"215.30000,1,25,16777215,1620917875,0,682a4181,49165474582233095",来得及,1
"52.25600,1,25,16777215,1620917844,0,5e4e3cc0,49165458400083975",蒙古海军,0
"53.52500,1,25,16777215,1620917797,0,a32aa8e,49165433642156035",1200打卡,0
"234.04800,1,25,16777215,1620917793,0,bc89d617,49165431655628805",我看到佛光在他们背后,0
"33.23600,1,25,16777215,1620917786,0,3d6c7d75,49165427963068419",太有味道了,0
"223.73300,1,25,16777215,1620917778,0,4f24f504,49165423329935363",上岸,0
"177.03000,1,25,16777215,1620917736,0,bc89d617,49165401762299909",阿弥陀佛,0
"235.26300,1,25,16777215,1620917736,0,4f24f504,49165401544720391",连夜补凤凰,0
"28.87000,1,25,16777215,1620917729,0,1547d26c,49165398066593795",加油，每一个你们，善良坚韧锋芒不惧，冲,0
"84.84900,1,25,16777215,1620917710,0,ecc5965d,49165388090441733",单曲继续循环,0
"56.09600,1,25,15138834,1620917651,0,4af97655,49165357070417925",爱了爱了,0
"86.15600,1,25,16777215,1620917646,0,bc89d617,49165354110812163",曾毅：想累死我啊 这么多字,2
"11.18500,1,25,16777215,1620917629,0,4af0a572,49165345241956357",1199万啦!,4
"48.82900,1,25,16777215,1620917543,0,308becc9,49165300269056007",打卡1199了,4
"199.95500,5,25,16646914,1620917533,0,779d4c97,49165294933377031",来得及来得及来得及,1
"112.19700,1,25,16777215,1620917502,0,42e98c7a,49165278723440647",一定要录取啊上体！！,0
"69.86000,1,25,16777215,1620917450,0,2884ba77,49165251728375813",没听过凤凰传奇的歌但是一定会唱他们的歌,0
"43.87500,1,25,16777215,1620917424,0,2884ba77,49165238103179333",凤凰传奇曾经也是称霸华语乐坛的,0
"220.21800,1,25,16777215,1620917408,0,cf5bcfa7,49165229882343431",鸡皮疙瘩起来了,0
"183.93300,4,25,15138834,1620917374,0,bdb39763,49165211798601731",1198.8万打卡,4
"219.61900,1,25,16777215,1620917371,0,2cb431f3,49165210002391047",注会上岸,4
"39.78000,1,25,16777215,1620917349,0,758495f0,49165198676197381",好听好听！,0
"145.06200,1,25,16777215,1620917333,0,cf5bcfa7,49165190490488839",高考上岸！,4
"227.07300,1,25,16777215,1620917265,0,ba2b5ba7,49165154607693829",这版的海底看不见四季是喊你回人间啊，回人间才看得见四季变换,1
"174.91100,1,25,16777215,1620917244,0,b6dd6106,49165143379017731",xyxzjtyyxm高考上岸,4
"86.23100,1,25,16777215,1620917198,0,fff60497,49165119774523399",能把猴子的片段删了吗,2
"1.85600,1,25,16777215,1620917125,0,42e98c7a,49165081104089091",再来亿遍呜呜呜 哭的不行了,1
"81.52200,1,25,16777215,1620917098,0,5d3791d5,49165067281235975",1198•6,4
"40.67000,1,25,16777215,1620917078,0,c9a6a72f,49165056337772547",1200万！,4
"179.26400,1,25,16777215,1620917050,0,55ed79ca,49165041999544327",能不能把那几个蹦迪的打码？,2
"196.49200,1,25,16777215,1620917022,0,fde2b510,49165027089317895",它来了它来了它来了,0
"236.63800,1,25,16777215,1620916993,0,eaf50f9,49165012182237187",曾毅好帅,0
"199.60100,1,25,16777215,1620916928,0,5c842395,49164978056855557",为了明天的太阳，请一定把今天撑过去,0
"150.16000,1,25,16777215,1620916877,0,865506e3,49164950934913027",加油啊好好生活,0
"3.49000,1,25,16777215,1620916875,0,29af648,49164950083469319",上岸,0
"203.49800,1,25,16777215,1620916864,0,5c842395,49164944207773763",你要相信光会永远坚定不移的选择你,0
"127.85300,1,25,16777215,1620916796,0,9de16a46,49164908849266693",孩子请你别忘记，曾有温暖的声音呼唤你的姓名,1
"34.00600,1,25,16777215,1620916763,0,7ba70ea5,49164891357970437",如果没经历过，谁又懂一支榴莲的内心,1
"39.36100,1,25,16777215,1620916763,0,e9f07abe,49164891370553347",66666,0
"24.40100,1,25,16777215,1620916728,0,b8066792,49164873117990915",法考上岸,4
"114.74700,1,25,16777215,1620916723,0,897e54a1,49164870520143875",1198.4,4
"35.56000,1,25,16777215,1620916674,0,b543a449,49164844646006787",1198,4
"227.55700,1,25,16777215,1620916633,0,5c842395,49164823550754823",啥也不说了，凤凰传奇yyds,0
"167.36800,1,25,16777215,1620916604,0,42e98c7a,49164808343257155",泪流满面呜呜呜,1
"15.46000,1,25,16777215,1620916573,0,f1e22ebe,49164791913119749",西北政法大学,4
"212.27700,1,18,16707842,1620916564,0,55ed79ca,49164787145768965",来得及,1
"13.90000,1,25,16777215,1620916557,0,f1e22ebe,49164783402876931",高考上岸,4
"202.21100,1,18,15138834,1620916554,0,55ed79ca,49164781919666183",来得及,1
"12.10000,1,25,16777215,1620916550,0,f1e22ebe,49164779624333315",再来亿v遍,0
"9.70000,1,25,16777215,1620916540,0,f1e22ebe,49164774624722951",再来y,0
"53.90900,1,25,16777215,1620916464,0,d236b4f7,49164734515118083",1198.3打卡,4
"124.67900,1,25,16777215,1620916443,0,9d7cb3f5,49164723724222471",孩子！一下我就哭了,1
"32.95000,1,25,16777215,1620916416,0,c98db698,49164709582077959",上春晚,0
"124.31700,1,25,16777215,1620916409,0,9d7cb3f5,49164705763688451",孩子请你别忘记孩子，请你别忘记,1
"204.82100,1,25,16777215,1620916368,0,42e98c7a,49164684353339399",阿阿阿阿阿阿阿阿阿阿阿阿阿阿阿绝了！,0
"34.85300,1,25,16777215,1620916317,0,c511e003,49164657427480583",超级好听，1101个人一起听,0
"48.98300,1,25,16777215,1620916279,0,9d7cb3f5,49164637801283589",1198,4
"226.03400,1,25,16777215,1620916271,0,bc798d50,49164633353224195",上岸,4
"69.94700,1,25,16777215,1620916259,0,c41216d1,49164627234258947",你说人们的骨灰应该撒向海里,1
"148.29700,1,25,16777215,1620916249,0,5c17b64c,49164621907492869",加油，身体健康、工作稳定、家人平安,0
"137.25100,1,25,16777215,1620916194,0,3ed016cd,49164592975708167",感觉更爱老段了,0
"73.47200,1,25,16777215,1620916181,0,5d7fdfc2,49164586394845189",1198.1w打卡,0
"227.37000,1,25,16777215,1620916082,0,c10602d5,49164534175760391",来的及，我能上岸，我不会淹死,0
"211.47000,1,25,16777215,1620915975,0,7d6d4510,49164478554570755",来得及,1
"200.40500,1,25,16777215,1620915964,0,7d6d4510,49164472768004101",来得及！,1
"80.29800,1,25,16777215,1620915960,0,4d7c17e2,49164470452224007",卧槽,2
"73.59700,1,25,16777215,1620915954,0,4d7c17e2,49164467466403847",卧槽,2
"68.15600,1,25,16765698,1620915930,0,65cb31d9,49164454474547203",歌词真的太温暖了,0
"180.08700,1,25,16777215,1620915883,0,afd8d6bd,49164429955170311",花的声音可以抹了,2
"78.56500,1,25,16777215,1620915782,0,afd8d6bd,49164377265274883",惊喜了他的声音,3
"200.59500,1,25,16777215,1620915716,0,6933da1a,49164342603546629",绝了！！！！！！！,0
"73.50800,1,25,16777215,1620915406,0,f7b57b34,49164179868745731",打卡1197,0
"244.43500,1,25,16777215,1620915301,0,e62a1f95,49164125009870851",上岸,0
"218.54000,1,25,16777215,1620915160,0,dc160ac9,49164051250413575",高级弹幕都没有了,2
"230.25900,1,25,38979,1620915152,0,5d0bd569,49164047094382595",来得及,1
"222.60700,1,25,16777215,1620915137,0,70c29c9b,49164039110524931",22上岸！！,0
"93.66300,1,25,16777215,1620915104,0,cad41906,49164021465088003",为什么有种草原边上是海边的既视感,0
"197.16200,1,25,16777215,1620915071,0,d7f83669,49164004423630853",起立！！！,0
"220.48000,1,25,16777215,1620915046,0,9b9de656,49163991494688775",来得及,1
"67.85800,1,25,16777215,1620914942,0,d7f83669,49163936628473863",来了他来了,3
"112.85500,1,25,16777215,1620914910,0,2c773a28,49163919766323205",前段时间工作上的压力真的让我听到哭出声,1
"16.79500,1,25,16777215,1620914891,0,d7f83669,49163909854134277",不知道这个版本能火多久，但我会一直听下去,0
"12.55900,1,25,16777215,1620914869,0,ea077277,49163898642235463",太好听了，每天循环,0
"31.94400,1,25,16777215,1620914857,0,43d3f00a,49163892134248451",喜欢,0
"81.45500,1,25,16777215,1620914843,0,78231005,49163884958318597",大悲咒,2
"65.08800,1,25,16777215,1620914728,0,6858f99e,49163824552476677",2000w冲啊,4
"20.87300,5,25,38979,1620914670,0,bb4e0b51,49163794085052419",上岸！,4
"210.79100,1,25,16777215,1620914615,0,652b2784,49163765040545799",来得及！！！,1
"42.50700,1,25,16777215,1620914606,0,81c5c48a,49163760589864967",1197.1,4
"207.82700,1,25,16777215,1620914595,0,88347201,49163754598825987",来得及来得及来得及来得及来得及来得及,1
"114.32900,1,25,16777215,1620914587,0,aa18aadc,49163750439124995",1197.1打卡,0
"238.06500,1,25,16777215,1620914583,0,4284d9f4,49163748550115331",那几个蹦迪的真煞风景,2
"222.63300,1,25,16777215,1620914561,0,538c4508,49163736836997127",高考上岸,4
"93.29700,1,25,16777215,1620914491,0,6c2d34b,49163699983220739",呼麦绝技,0
"78.99700,1,25,16777215,1620914472,0,5698da6d,49163690266591235",背景音是《大鱼》,4
"2.10300,1,25,16777215,1620914458,0,59631435,49163682704261125",听完原版再来一遍,0
"86.70100,1,25,16777215,1620914425,0,538c4508,49163665531731973",yyds,0
"148.45800,1,25,16777215,1620914382,0,bcda77e,49163642940162055",为什么投币会有上限！！！！,2
"211.13600,1,25,16777215,1620914378,0,677bce82,49163641013403653",来得及！,1
"163.85500,1,25,16777215,1620914356,0,922ab5f4,49163629637402627",上岸了！！！！！！！,4
"223.47600,1,25,16777215,1620914330,0,8eafc339,49163615654641667",上岸,4
"153.11500,1,25,38979,1620914329,0,86a6ae85,49163615506792455",上岸,4
"206.36400,1,25,16777215,1620914319,0,b8dd82f9,49163610336788487",来得及,1
"40.79200,1,25,16777215,1620914293,0,a4144ed2,49163596507119621",1197打卡,4
"200.78800,1,25,16777215,1620914289,0,88347201,49163594331848709",来得及来得及来得及来得及来得及来得及,1
"23.32500,1,25,16777215,1620914238,0,bcda77e,49163567673376773",yyds！！！,0
"218.90000,1,25,16777215,1620914214,0,cf78e4a8,49163554954149891",希望省考上岸,4
"119.79700,1,25,16777215,1620914117,0,da5e06af,49163504323133443",这里才是Rap，刚才显然不是，梵唱,2
"237.96800,1,25,16777215,1620914088,0,3f5b54ca,49163488801062915",明天有太阳,0
"75.26100,1,25,16777215,1620914073,0,da5e06af,49163481068863495",这些笑得人，真的缺乏悟性,2
"78.97500,1,25,16777215,1620914064,0,88347201,49163476492353541",大悲咒！！梵音,0
"203.62600,1,25,16777215,1620914062,0,c79d4e46,49163475398164485",来得及！来得及！来得及！,0
"76.77800,1,25,16777215,1620914052,0,24fa9c77,49163469902577671",梵音,0
"195.18200,1,25,16777215,1620914040,0,c79d4e46,49163463746912325",教资面试上岸！！！,4
"163.47500,1,25,16777215,1620914007,0,3f5b54ca,49163446632579077",想哭,1
"164.64400,1,25,16777215,1620913976,0,c79d4e46,49163430021562371",教资面试上岸！！！,4
"57.50200,1,25,16777215,1620913921,0,7cb7e1f3,49163401525460997",现在居然还有一千多人看,3
"195.20000,1,25,15138834,1620913875,0,aad1fdf8,49163377395105797",阿絮，我们回家，光，只给自己。,0
"51.49600,1,25,16777215,1620913868,0,3f5b54ca,49163373669515267",起鸡皮疙瘩了,0
"52.01200,1,25,16777215,1620913824,0,64bf6b0f,49163350455615493",专升本上岸！！！！,4
"9.43400,1,25,16777215,1620913811,0,c79d4e46,49163343948677125",教资面试上岸！！！,4
"63.08900,1,25,16777215,1620913601,0,6ff41932,49163233571373061",yyds,0
"219.42600,1,25,16777215,1620913597,0,b91c41ec,49163231611584515",教资通过,4
"237.23900,1,25,16777215,1620913551,0,48917a81,49163207298777091",太好听,0
"242.54900,1,25,16777215,1620913546,0,89590a1a,49163204623859719",500分一定,4
"212.73400,1,25,16777215,1620913506,0,89590a1a,49163183749857283",一定来得及，资环,4
"236.98000,1,25,16777215,1620913463,0,31180f2e,49163161375342597",太好听了！！！！！！,0
"155.12600,1,25,16777215,1620913416,0,89590a1a,49163136364707843",兰资环一定上岸,4
"63.52000,1,25,16777215,1620913378,0,30e86de7,49163116958187527",1196.4W,4
"113.20500,1,25,16777215,1620913326,0,88c68852,49163089710415879",榆林学院冲,0
"11.49900,1,25,9599289,1620913232,0,221f7f9e,49163040081838087",好听,0
"152.67800,1,25,16777215,1620913184,0,89397870,49163015107903493",雅思求上岸呜呜呜,1
"130.52700,1,25,16777215,1620913162,0,891eb0f8,49163003599781893",凤凰传奇的海底是治愈,0
"203.80000,1,25,16777215,1620913107,0,26101434,49162974409523207",等一手腾格尔大爷的翻唱 哈哈,0
"24.17300,1,25,16777215,1620913105,0,cf5a7871,49162973529767943",1196.2万打卡,4
"0.41300,1,25,16777215,1620913085,0,cf5a7871,49162963181371395",1196.2打卡,4
"141.67500,1,25,16777215,1620913069,0,2e775116,49162954791714819",保佑！,4
"168.63400,1,25,16777215,1620913043,0,79081477,49162941118808067",原版是绝望  这版是希望,0
"131.29200,1,25,16777215,1620913009,0,df4429a7,49162923407835141",必须上岸,4
"124.73300,1,25,16777215,1620912999,0,79081477,49162918141886469",真的很像段奕宏啊,4
"6.03400,1,25,16777215,1620912942,0,639e1bdd,49162888163098629",我也要上岸。上海交通大学等我。,4
"32.23400,5,25,16646914,1620912898,0,9afecf14,49162865217110023",今天第四遍,0
"65.87900,4,18,38979,1620912873,0,944c40e7,49162851679469571",教师招聘顺利上岸！！！,4
"140.70700,1,25,16777215,1620912779,0,209bccbc,49162802694193157",内啥，额，牛逼,0
"32.31200,1,25,16777215,1620912652,0,374edf6f,49162736113287173",厉害,0
"161.96800,1,25,16777215,1620912643,0,166f35ef,49162731434016771",教资上岸,4
"49.50000,1,25,16777215,1620912542,0,e7150068,49162678269116421",1195w打卡,4
"105.79900,1,25,16777215,1620912541,0,e1a72a26,49162677857026051",我佛,0
"231.01700,1,25,16777215,1620912474,0,52e6e5d1,49162643017564167",开头见,0
"199.57100,1,25,16777215,1620912466,0,88347201,49162638791278597",来得及,1
"132.75900,1,25,16777215,1620912451,0,59c392ac,49162630479216707",升本上岸,4
"13.13900,1,25,16777215,1620912433,0,41727d55,49162621113335815",招考过过过,4
"197.49800,1,25,16777215,1620912408,0,b7fbdddd,49162607905472515",凤凰传奇 YYDS,0
"70.05900,1,25,16707842,1620912372,0,f0dba0df,49162589541761031",普渡众生！！！,0
"20.79800,1,25,16777215,1620912360,0,61012e70,49162583173758979",1195.8,4
"39.02300,1,25,16777215,1620912358,0,8c0b8a08,49162581782298627",事情顺利办成,4
"103.07400,1,25,16777215,1620912357,0,ba694fc6,49162581397471239",1195打卡,4
"216.04500,1,25,9487136,1620912277,0,df3090b4,49162539267784711",来得及来得及,1
"204.55400,1,25,16777215,1620912217,0,88347201,49162508055347203",来得及,1
"148.10200,1,18,16777215,1620912209,0,df3090b4,49162503664435207",我又来了，考试加油,4
"29.18300,1,25,15138834,1620912081,0,43d421ca,49162436663574535",助力1200万！！！,4
"231.46000,1,25,16777215,1620912048,0,2a92e494,49162419492093959",海底看不见四季，人间还是有美好的风景,1
"21.82500,1,25,16777215,1620912026,0,cd0ddc7b,49162407940456453",这播放量，稳了,0
"236.08600,1,25,16777215,1620912000,0,88347201,49162394258112515",给我上岸,4
"211.82700,1,25,16777215,1620911976,0,88347201,49162381508476935",来得及,1
"139.15600,1,25,16777215,1620911903,0,88347201,49162343381729287",芜湖！！！,0
"38.77900,1,25,16646914,1620911733,0,61c8e7de,49162254163640327",每天10遍   我就不信还有治不好的失恋！！！,0
"209.95300,1,25,16777215,1620911672,0,1989b8d6,49162222111293447",来得及,1
"48.96000,1,25,16777215,1620911656,0,88347201,49162214094929925",这太好听了,0
"53.30500,1,25,16777215,1620911638,0,df09ff46,49162204456943623",1195.4,2
"88.99000,1,25,16646914,1620911503,0,61c8e7de,49162133567963141",这一段 每天最少10遍,0
"77.91200,1,25,16777215,1620911500,0,b3752f74,49162131879755779",啊啊啊啊啊啊啊啊,0
"124.57500,1,25,41194,1620911472,0,80b4f05,49162117422514183",一开始我听说这是最低分，然后我看了节目。。。打扰了,2
"21.09000,1,25,16646914,1620911434,0,61c8e7de,49162097299816455",第30遍了,3
"16.53300,1,25,16777215,1620911415,0,61c8e7de,49162087617265669",第25遍了！！！,3
"86.38000,1,25,16777215,1620911384,0,722e0f7e,49162071199186949",好好听,0
"170.99900,1,25,16777215,1620911369,0,1b252d3f,49162063223193605",质检加油！ ！考个良吧！,4
"42.42100,1,25,16777215,1620911347,0,ae2cd5cb,49162052113530887",1195.2,4
"62.98500,1,25,16777215,1620911149,0,93d933a2,49161948049178627",1195.1打卡,4
"46.68700,1,25,16777215,1620911122,0,fab5493f,49161934124089351",1195打卡,4
"54.69900,1,25,16777215,1620911115,0,bf94ab1b,49161930116431877",1195.1,4
"83.19000,1,25,16777215,1620911073,0,115d4da5,49161908447084551",绝了,0
"195.95200,1,25,16777215,1620911031,0,93d933a2,49161886244536323",凤凰传奇是一个时代啊,0
"141.89700,1,25,16777215,1620911005,0,8f1193a6,49161872559570949",原唱啥样我已经忘记了,0
"220.30200,1,25,16777215,1620910925,0,738cea25,49161830865567751",来得及来得及 一切都来得及,1
"115.37000,1,25,16777215,1620910922,0,8ebc5eba,49161828817698819",1195,4
"34.53900,1,25,16777215,1620910766,0,ff18b4ef,49161747507445763",打卡！,4
"149.57900,1,25,16777215,1620910685,0,ff9899f4,49161704588705795",是真的一束光,0
"211.11100,1,25,16777215,1620910636,0,2eee595b,49161678974615557",来得及来得及,1
"200.48800,1,25,16777215,1620910560,0,640328dd,49161639068958723",愿我以后不在有后悔的事情发生，来得及,1
"29.41900,1,25,16777215,1620910558,0,ff9899f4,49161638236913667",一开口就温暖了,0
"28.78400,1,25,15138834,1620910552,0,a5699f4a,49161635177168899",穿过了云，这句话听得我头皮发麻,0
"240.27200,1,25,16777215,1620910531,0,f711169c,49161624135663621",哭了！！！！！,1
"199.42000,1,25,16777215,1620910461,0,f08b4af2,49161587451232261",来了,0
"232.38200,1,25,16777215,1620910412,0,640328dd,49161561756401671",一切都来得及,1
"132.01400,1,25,16777215,1620910412,0,41c303d1,49161561512607749",听不够，感觉可以再听亿遍,0
"48.37000,1,25,16777215,1620910397,0,c6307ac0,49161554040979461",1194.7打卡,4
"79.79200,1,25,16777215,1620910342,0,f08b4af2,49161524741668871",nice！！！,0
"51.52200,1,25,16777215,1620910313,0,f08b4af2,49161509937348615",yyds,0
"215.43700,1,25,16777215,1620910289,0,c8b3cf8d,49161497164644359",听的想哭,1
"57.30400,1,25,16777215,1620910225,0,65c36e95,49161463507976195",1194.6w打卡,4
"27.58800,1,25,16777215,1620910186,0,a5e0164e,49161443230613509",1194.3,4
"62.43400,1,25,16777215,1620910136,0,c8b3cf8d,49161416951201799",鸡皮疙瘩起来了,2
"101.22900,1,25,16777215,1620909928,0,706e1936,49161307952775171",1194'5,4
"134.47800,1,25,16777215,1620909916,0,6c8f3be1,49161301542305799",yyds,0
"126.46200,1,25,16777215,1620909907,0,6c8f3be1,49161297178656775",三刷,0
"199.62700,5,25,16707842,1620909894,0,802e0a4c,49161290347184131",来得及来得及来得及来得及来得及来得及来得及,1
"199.53100,5,25,15138834,1620909877,0,802e0a4c,49161281145405447",来得及来得及来得及来得及来得及来得及来得及来得及来得及,1
"199.45200,5,25,15138834,1620909852,0,802e0a4c,49161268210171909",来得及来得及来得及来得及来得及来得及来得及来得及来得及,1
"168.09900,1,25,16777215,1620909724,0,e0974f32,49161201075093509",1194.4,4
"32.33900,1,25,16777215,1620909658,0,aa7a9ec1,49161166234058759",每天一遍，告别失恋,1
"15.95800,1,25,16777215,1620909641,0,aa7a9ec1,49161157580685317",每天一遍,0
"69.64300,1,25,16777215,1620909627,0,3ba3ed7,49161149983752199",这弹幕越来越不行了,2
"54.53000,1,25,16777215,1620909534,0,c9e1e97b,49161101643350023",1194.3,4
"42.53900,1,25,16777215,1620909471,0,b1600b7f,49161068443860997",1194.3,4
"200.65100,1,25,16777215,1620909434,0,a3ca8793,49161049050972167",来得及,1
"222.49500,1,25,16777215,1620909406,0,a3ca8793,49161034441162755",明天是个好天气,0
"153.25800,1,25,16777215,1620909373,0,f4b88a09,49161016930992131",263初会必过,4
"38.52300,1,25,16777215,1620909302,0,22578645,49160979839713283",有了,0
"14.69600,1,25,16777215,1620909258,0,d629753c,49160956614803461",每日一遍,0
"175.68400,1,25,16777215,1620909137,0,c371f4f8,49160893051699205",我终于听出来大鱼了，大哥对不起我是爱你的,1
"21.20500,1,25,16777215,1620909067,0,85fe57a9,49160856339480583",听了五遍了，还是会眼眶湿润,1
"82.98200,1,25,16777215,1620908964,0,68044678,49160802346729479",1194.1w,4
"1.85300,1,25,16777215,1620908763,0,a2259987,49160697369067523",草原悍匪杀到海底了,0
"45.70100,1,25,16777215,1620908739,0,5cba7d7b,49160684810797063",好听,0
"205.70600,1,25,16777215,1620908725,0,7d9a9091,49160677255806983",来得及一切都来得及,1
"96.87300,1,25,16777215,1620908555,0,f3a04f32,49160587960647687",我其实很喜欢这个节目，只是我觉得有些乐评人不够资格,2
"91.27300,1,25,16777215,1620908523,0,f3a04f32,49160571470741509",节目《为歌而赞》,0
"216.50500,1,25,16777215,1620908426,0,ea1d3e36,49160520646787075",你来人间一趟，你要看看太阳,0
"19.61900,1,25,16777215,1620908355,0,a0211c50,49160483386163207",好多好多弹幕都没了呀,2
"95.15900,1,25,16777215,1620908346,0,ddba5392,49160478657085445",每日一遍,0
"85.19900,1,25,16777215,1620908307,0,3c7da119,49160457903669251",颤栗,3
"22.45100,1,25,16777215,1620908274,0,ddba5392,49160440537153541",忍不住弹幕,0
"167.55500,5,25,16707842,1620908205,0,85af6954,49160404505460741",还我高级弹幕！,2
"28.84300,1,25,15138834,1620908016,0,70da9a8d,49160305417650183",每天两遍提神醒脑，,0
"223.12500,1,25,16777215,1620907910,0,7f4c2e84,49160250114179077",上岸！,4
"140.09500,1,25,16777215,1620907909,0,397a90ee,49160249156304901",面试上岸,4
"6.53600,1,25,16777215,1620907876,0,35afb79d,49160232261124099",1193.7,4
"72.91300,1,25,16777215,1620907813,0,8cb45a98,49160198901202949",曾毅太帅了,0
"95.29500,1,25,16777215,1620907771,0,76730e60,49160177166319623",高级鼠来宝,0
"175.43500,1,25,16777215,1620907560,0,d3b37a15,49160066355953671",上次来还没破千万，现在就有了，果然是国民天团,0
"28.38000,1,25,16777215,1620907517,0,9d90fc2f,49160043663720519",开头也有大鱼！！！,3
"0.90000,1,25,16777215,1620907449,0,105e1aeb,49160008122236933",教资面试上岸求求,4
"97.83100,1,25,16777215,1620907428,0,5ef1f71b,49159997453500423",說唱i了,0
"74.21400,1,25,16777215,1620907412,0,fb8870a,49159989060698117",音乐是有自愈力的，绝绝子,0
"65.52800,1,25,16777215,1620907396,0,5ef1f71b,49159980588728325",前方高能,0
"216.84000,1,25,16777215,1620907373,0,fe7c9bbf,49159968454082565",很棒啊,0
"155.44500,1,25,9033215,1620907321,0,506cc36,49159941224136707",上岸，去大草原！,0
"124.93600,1,25,16777215,1620907288,0,ef05087d,49159923756433415",地上说唱教父,0
"26.53600,1,25,16777215,1620907166,0,5ce8ba3,49159859618709507",再来亿遍,0
"165.17100,1,25,16777215,1620906951,0,a19e6cbc,49159747325132807",会计上岸,4
"67.65400,1,25,65535,1620906951,0,4a71360d,49159747048308739",前方高能,0
"134.24800,1,25,16777215,1620906891,0,ff5746f1,49159715381837891",太好听了,0
"120.77400,1,25,16777215,1620906877,0,ff5746f1,49159708284551171",yyds,0
"164.39900,1,25,16777215,1620906658,0,f7819bff,49159593697214469",公考冲鸭,4
"34.05800,1,25,16777215,1620906531,0,e398d3ae,49159527127318531",1193万打卡,4
"204.85500,1,25,16777215,1620906429,0,16ab51a3,49159473582309383",来得及,1
"115.57500,1,25,16777215,1620906258,0,20510ae7,49159383579885575",听完原版再来听，曾毅说唱一开始，眼泪止不住了,1
"34.98300,1,25,16777215,1620906131,0,6dda98f5,49159317269512197",全体起立,0
"3.58600,1,25,16777215,1620906098,0,6dda98f5,49159300013096967",每日一遍,0
"84.52000,1,25,16777215,1620905890,0,61124220,49159190771924999",加钱 加钱,2
"211.10200,1,25,16777215,1620905832,0,a276c869,49159160676745219",泪目,1
"210.74400,1,25,16777215,1620905827,0,a276c869,49159158047440901",来得及,1
"220.91200,1,25,16777215,1620905805,0,8f66d6ba,49159146214260741",……嗤。谢谢。我不跳了。,0
"136.15200,1,25,16777215,1620905749,0,a276c869,49159117158219779",加油,0
"226.21400,4,25,15138834,1620905517,0,a670cfd,49158995435847685",海底看不见4G,2
"38.77500,1,25,16777215,1620905485,0,757dca30,49158978290057223",1192w,4
"36.46600,1,25,16777215,1620905401,0,e5a100ba,49158934699180035",1192.8 W打卡,4
"159.54300,1,25,16777215,1620905367,0,275a3211,49158916417781763",上岸,4
"54.53700,1,25,16777215,1620905326,0,1c97f2de,49158895236546563",1192.8,4
"27.46000,5,25,10546688,1620905313,0,24982bb4,49158888405073923",呀900个人看吓到了,3
"24.86500,1,25,10546688,1620905298,0,24982bb4,49158880580075525",呀900个人看吓到了,3
"218.29900,1,25,16777215,1620905184,0,8fc3cc5f,49158820977442821",保佑上岸,4
"21.17900,1,25,16777215,1620905182,0,1c36e908,49158819590701063",腾格尔:我能把海劈开,0
"208.81200,5,25,16707842,1620904852,0,e711705f,49158646853009411",这里像是再说来不及，但其实在说一切都来得及,1
"48.03900,1,25,16777215,1620904727,0,2c0c36dd,49158581149761539",1192.6,4
"216.44400,5,25,16777215,1620904690,0,acce8f2e,49158561829224453",来得及,1
"71.14300,1,25,16777215,1620904569,0,10d3abbd,49158498548187141",1192.5w打卡,4
"174.88700,1,25,16777215,1620904567,0,ca4f188e,49158497275740163",上岸自动化所,4
"55.56500,1,25,16777215,1620904245,0,abbc3824,49158328540987397",怎么回事，我在草原看到了海,3
"242.10300,1,25,16777215,1620904150,0,46cf248f,49158278802309125",值得,0
"230.07800,1,25,16777215,1620904109,0,4f6debb5,49158256910139395",明天是个好天气,0
"25.20200,1,25,16777215,1620904059,0,fec97cef,49158230962601989",1192.4 四刷打卡,4
"24.27900,1,25,16777215,1620904041,0,fec97cef,49158221641285637",1192.4 四刷打卡！,4
"16.09900,1,25,16777215,1620904012,0,fec97cef,49158206011736071",1192.4四刷！,4
"147.33700,1,25,16777215,1620903993,0,f811c667,49158196056031237",上岸！！,4
"231.99400,5,25,15138834,1620903858,0,30e289d3,49158125506789379",再来一遍！,0
"67.60300,1,25,16777215,1620903818,0,75895d12,49158104325554183",1192.3打卡,4
"59.00100,5,25,16707842,1620903801,0,cdc41f09,49158095838380039",原版是来不及 这一版是来得及,1
"0.00000,1,25,16777215,1620903728,0,7d2c042b,49158057372418053",成都49中的那个男孩，听听这首歌吧！,1
"71.47300,1,25,16777215,1620903543,0,8cb45a98,49157960378613767",太好听了,0
"74.98100,1,25,16777215,1620903193,0,a3b0fe9b,49157777111646213",1191.6w打卡,4
"233.10900,1,25,16777215,1620903105,0,32873b1f,49157730613592069",泪目了,1
"244.51300,1,25,16777215,1620903025,0,cb9475f,49157689033359365",来得及来得及 我要好好学习,0
"218.92800,1,25,16777215,1620902981,0,cb9475f,49157665963114501",明天是个好天气 破防了！,0
"231.48800,1,25,16777215,1620902950,0,c177a151,49157649430216707",哭了,1
"238.13600,5,25,15138834,1620902943,0,da5e06af,49157645691518979",大悲悯,1
"192.94600,1,25,16777215,1620902913,0,cb9475f,49157629919363075",人间岁岁年年 谁敢说如烟,1
"215.57400,5,25,15138834,1620902904,0,da5e06af,49157625491226627",没有听懂歌中的大悲悯啊,1
"228.41300,1,25,16777215,1620902846,0,ac298860,49157594969276421",来得及,1
"25.23500,1,25,16777215,1620902720,0,cb9475f,49157528641077255",鬼知道我看了多少遍好好听啊啊啊啊啊啊,0
"73.37000,1,25,16777215,1620902711,0,da5e06af,49157524332478471",曾毅这里应该是学习了佛教唱经,4
"128.68200,1,25,16777215,1620902695,0,50fd4fca,49157515904548871",这首歌适合坐着或者至少安静的站着听,4
"236.35900,1,25,16777215,1620902680,0,762aa962,49157507758161925",厉害,0
"212.39500,1,25,16777215,1620902457,0,df81793c,49157391024914437",来得及的！亲爱的！,0
"204.70800,1,25,16777215,1620902450,0,df81793c,49157387092230151",这是救赎！,0
"132.29500,1,25,16777215,1620902366,0,df81793c,49157343412224005",人间值得,0
"235.58700,1,25,16777215,1620902348,0,562cdd35,49157333630582791",好棒,0
"53.89800,1,25,16777215,1620902288,0,df81793c,49157302241984515",要好好活着啊！！！,0
"63.80400,1,25,16777215,1620902287,0,3188daa3,49157301803679747",开口跪,0
"9.61900,1,25,16777215,1620902280,0,f89c5454,49157298072846343",1191.8w,4
"41.52300,1,25,16777215,1620902264,0,3188daa3,49157289744007173",玲花，花姐,0
"24.66000,1,25,16777215,1620902259,0,df81793c,49157286930153477",这个真的好好听！！！,0
"201.38100,1,25,16777215,1620902233,0,3188daa3,49157273692405767",来得及,1
"211.72500,1,25,16777215,1620902214,0,27d1b73f,49157263693185095",来得及,1
"72.61300,1,25,16777215,1620902109,0,b5ca87f4,49157208725782535",好听,0
"236.92800,1,25,16777215,1620901927,0,4439431d,49157113264996357",听了原版再回来听听哭了,1
"202.05500,1,25,16777215,1620901801,0,74562d03,49157047289118725",来得及,1
"37.61800,1,25,16777215,1620901626,0,454b900a,49156955435433987",听一次哭一次,1
"72.17500,1,25,16777215,1620901592,0,5ee54c2a,49156937254174787",草原悍匪！！！！,0
"99.86400,1,25,16777215,1620901552,0,4357a916,49156916342423559",我等你哦,0
"40.11300,1,25,16777215,1620901344,0,264dc55,49156807615578115",1191.5w纪念,4
"223.32600,1,25,16777215,1620900950,0,d88f625a,49156600960122883",鸡皮疙瘩起一身,2
"167.26300,1,25,16777215,1620900619,0,6532a8ec,49156427517263875",上岸！,4
"140.39800,1,25,16777215,1620900596,0,9398e6d6,49156415100026883",签约。,4
"156.05900,1,25,16777215,1620900541,0,83daeaef,49156386360131591",上岸！,4
"164.26100,1,25,16777215,1620900514,0,59980ee4,49156372334903301",真的听一次哭一次,1
"175.19200,1,25,16777215,1620900504,0,72653a0f,49156366981398533",卡在这里上不了岸了,1
"139.97600,1,25,16777215,1620900490,0,59980ee4,49156359631929349",哭了,1
"19.01000,1,25,16777215,1620900348,0,72653a0f,49156285033086983",鬼知道我看了几遍,3
"58.04700,5,25,15138834,1620900316,0,7e5914e1,49156268470304771","歌词明明是""来不及""，但是他们唱的感觉就像一切都来得及",1
"68.69000,1,25,16777215,1620900242,0,54614bf4,49156229793579077",1191.2打卡,4
"234.95700,1,25,16777215,1620900039,0,4d4d8863,49156123397718023",海底看不见四季，还是上岸吧,1
"50.67700,1,25,16777215,1620899941,0,e3007183,49156071816167429",1191.1W了,4
"19.46700,1,25,16777215,1620899878,0,7d0507e1,49156038784974851",太长的弹幕都吧别的盖住了啊,2
"92.99100,1,25,16777215,1620899870,0,d8fb76fb,49156034411888645",说真的，起了鸡皮疙瘩。,0
"62.12600,1,25,16777215,1620899842,0,70196932,49156020140244997",教招顺利上岸,4
"160.27600,1,25,16777215,1620899491,0,c3e09d7d,49155835901247495",02年的孩子在此,4
"134.70900,1,25,16777215,1620899465,0,c3e09d7d,49155822505164807",海底捞牛皮,0
"117.88800,1,25,16777215,1620899449,0,c3e09d7d,49155813646794755",海底捞,4
"56.55100,1,25,16777215,1620899153,0,cff1218a,49155658939367427",2022考研加油,0
"36.41400,1,25,16777215,1620898932,0,53eb4ceb,49155542718349319",857个人,3
"226.07900,1,25,16777215,1620898852,0,ecd5052,49155501074153477",天哪，听哭力,1
"50.21600,1,25,16777215,1620898817,0,29a00e47,49155482777026565",听了原版，才知道这首翻唱真的够资格封神。​,0
"48.85500,1,25,16777215,1620898810,0,29a00e47,49155479150002183",一个人出差一个月了  这首歌听了几十遍,1
"210.90300,1,25,16777215,1620898762,0,b7356f51,49155453932273669",来得及来得及,1
"63.44400,1,25,16777215,1620898748,0,76344a7,49155446246735877",1190,4
"67.92700,1,25,16777215,1620898615,0,b7356f51,49155376444080135",1190.7,4
"210.81900,1,25,16777215,1620898605,0,ec48f941,49155371513675779",来得及来得及,1
"237.72700,1,25,16777215,1620898596,0,1f0a3489,49155366841745415",这歌绝对春晚水平,0
"63.62400,1,25,16777215,1620898514,0,e9254de3,49155323952365571",1190.7,4
"49.54200,1,25,16777215,1620898464,0,3afebe0,49155297311719427",1189.7,4
"20.71000,1,25,16777215,1620898254,0,45f77d4,49155187202850819",听了其他翻唱才知道曾毅多nb,0
"56.63100,1,25,16777215,1620898201,0,3dee0578,49155159764238343",1190.6w打卡,4
"218.74500,5,25,16707842,1620898196,0,443868fb,49155157064679431",明天是个好天气,0
"235.61100,1,25,16777215,1620898088,0,d03813ab,49155100553248771",真的听泪目了,1
"108.65100,5,25,16707842,1620898068,0,443868fb,49155090015584259",悲伤不是三言两语就能感同身受,1
"56.74000,1,25,16777215,1620897983,0,8bca00cb,49155045129191431",来得及,1
"5.11800,1,25,16777215,1620897956,0,38c25d9,49155031058874373",来了,0
"12.69100,1,25,16777215,1620897946,0,443868fb,49155025955454979",感谢唐恬,0
"65.15900,1,25,16777215,1620897884,0,84565636,49154993556029443",1190.5,4
"143.30200,1,25,16777215,1620897792,0,46f132a3,49154945254948871",教资面试上岸,4
"1.39200,5,25,15138834,1620897752,0,2eb32070,49154924252495877",舞幽壑之潜蛟，泣孤舟之嫠妇。,1
"83.07800,1,25,16777215,1620897715,0,e2a3d145,49154905042583557",排面,0
"143.43800,1,25,16777215,1620897712,0,6c450187,49154903083843591",水逆退散，尽快满足30人计划~,0
"212.37900,1,25,16777215,1620897708,0,1e253b5a,49154901300740099",上岸,4
"53.90700,1,25,16777215,1620897670,0,dfa848a8,49154881175420935",1190-5，打卡,4
"0.92800,5,25,15138834,1620897641,0,2eb32070,49154866265194499",余音袅袅，不绝如缕。,0
"17.71900,1,25,16777215,1620897450,0,7945e9de,49154765907034117",今年我一定要上岸！,4
"222.14900,1,25,16777215,1620897426,0,fb5363b6,49154753255964677",不知听了多少遍，好喜欢,0
"30.85800,1,25,16777215,1620897320,0,9a35229c,49154697629532167",1190.4w,4
"29.60400,1,25,16777215,1620897310,0,9a35229c,49154692667670531",1190,4
"0.00000,1,25,16777215,1620897277,0,9a35229c,49154675310592007",1190！,4
"22.01100,1,25,16777215,1620897167,0,bbcbe43c,49154617269813253",1190.3,4
"166.90000,1,25,16777215,1620897124,0,6fb681a3,49154595018506247",1190.3,4
"130.06500,1,25,16777215,1620897087,0,6fb681a3,49154575721037827",1190.3,4
"129.95500,1,25,16777215,1620897073,0,cdade938,49154568402501639",谢谢凤凰传奇，谢谢你，拯救了无数人，不仅仅是孩子，青年中年每个人活的都不容易，崩溃都在一瞬间，谢谢你拯救了他们，谢谢你拯救了我，功德无量，爱你们,0
"220.67300,1,25,16777215,1620896990,0,95462dfa,49154524684222467",要开心啊，你是某人的星星,0
"194.78100,1,25,16777215,1620896964,0,95462dfa,49154511107260419",上岸，天天开心,0
"51.77000,1,25,16777215,1620896844,0,e5a68001,49154447955722245",掉坑里了我,1
"39.82900,1,25,16777215,1620896832,0,e5a68001,49154441683664903",开口杀我,0
"89.51900,1,25,16777215,1620896783,0,ee3c9332,49154416027631621",1190w打卡,4
"63.51600,1,25,16646914,1620896773,0,cf4ea8bf,49154411146510339",打卡,4
"67.28100,1,25,16777215,1620896753,0,add5e5a6,49154400535969797",好听好听,0
"57.55100,1,25,16777215,1620896743,0,add5e5a6,49154395440939011",每日一遍,0
"43.19700,1,25,16777215,1620896723,0,4c2199f9,49154384510058501",1190.2,4
"199.43700,1,25,8700107,1620896297,0,9d4a260e,49154161156554755",1190.1万 上岸上岸，我要上岸,4
"6.79200,1,25,16777215,1620896228,0,51b0a143,49154125038878723",1190万,4
"205.71600,1,25,16777215,1620896188,0,b6eda051,49154104031182853",来得及,1
"201.31900,1,25,16777215,1620896183,0,b6eda051,49154101767307269",来得及,1
"27.80000,1,25,16777215,1620896065,0,bcd89cc0,49154039981015045",1189.7,4
"46.46400,1,25,16777215,1620895768,0,658d6c0d,49153884002713607",我又来了 等待被救赎,1
"1.02000,1,25,16777215,1620895646,0,5f00276,49153819809939461",1190万打卡，能换个up吗？,3
"8.15500,1,25,16777215,1620895619,0,51b0a143,49153806101905415",再来一遍,0
"7.01500,1,25,16777215,1620895601,0,51b0a143,49153796322361351",再来忆遍,0
"40.25900,1,25,16777215,1620895581,0,f6100e9d,49153786153271299",1189.9,4
"232.41400,5,25,16777215,1620895485,0,2b0da0fc,49153735839973383",原来还有人不知道他俩不是夫妻？,3
"121.10700,1,25,16777215,1620895366,0,89941c32,49153673513664517",谢谢你们  温暖了我,0
"203.21300,1,25,16777215,1620895210,0,74a45a98,49153591383425029",想念会去哪里 如烟如影,1
"27.79500,1,25,16777215,1620895003,0,1e53b80d,49153483014668291",1189,4
"21.51500,1,25,16777215,1620894872,0,44eb30,49153414012600327",考研上岸！！！,4
"53.57900,1,25,16777215,1620894854,0,8ab90808,49153404610543623",打卡1189.7,4
"38.44500,1,25,16777215,1620894785,0,c38362d8,49153368756584455",专升本上岸,4
"16.47800,1,25,11890,1620894775,0,eb2c14ab,49153363477528581",：牛,0
"206.27900,4,18,16707842,1620894740,0,8a31b6b8,49153344826507267",凤凰永远传奇,0
"133.01200,1,25,16777215,1620894514,0,ed4ddb72,49153226658807815",段弘毅 加油,0
"128.71100,1,25,16777215,1620894353,0,90e77fcc,49153141908176899",特等奖,0
"22.59600,1,25,16777215,1620894233,0,7fb7e78f,49153079484350469",找到好的工作啊,0
"227.65300,5,25,16765698,1620894121,0,c507a0d7,49153020419637253",海底看不见四季,1
"152.54100,1,25,16707842,1620893947,0,ec5ab476,49152929241759747",求上岸啊啊啊啊啊啊啊啊啊啊啊啊啊啊啊,0
"167.87800,1,25,16777215,1620893906,0,dafd66af,49152907719737351",会上岸的,4
"53.31900,1,25,16777215,1620893761,0,e0ce4ebd,49152832026705925",1189.5W,4
"20.19500,1,25,16777215,1620893761,0,ae9a9b78,49152831747784711",每天亿遍,0
"0.93900,1,25,16777215,1620893752,0,3953519b,49152827295531013",出不去了,1
"67.93300,1,25,16777215,1620893698,0,fd600efe,49152798779506691",海神低鸣 梵音入耳,0
"7.34800,1,25,16777215,1620893440,0,99de6001,49152663445569541",都快一个月了，另外800位一起观看的朋友你们好吗,0
"38.11600,1,25,16777215,1620893292,0,2a52c523,49152585952657415",1189.4,4
"13.26800,1,25,16777215,1620893225,0,bb826a97,49152550600966147",2000w助攻,4
"9.26500,1,25,16777215,1620893193,0,50200844,49152534249472007",又来了,1
"21.55300,1,25,16777215,1620892986,0,a7ced938,49152425591832583",重复了一遍又一遍,0
"50.37900,1,25,16777215,1620892759,0,dfefd1e7,49152306606768135",每天一遍,0
"205.07500,1,25,16777215,1620892722,0,43462e18,49152287046107141",来得及,1
"7.22000,1,25,16777215,1620892657,0,b4b4e630,49152252877209607",1182w打卡！,4
"49.20200,1,25,16777215,1620892528,0,55d04098,49152185445908483",不愧是央视厂牌,0
"132.73700,1,25,16777215,1620892369,0,cb7199cf,49152102147555335",咋这么段奕宏？,2
"63.78800,1,25,16777215,1620892300,0,cb7199cf,49152066005762055",玲花是不是有点瘦？,2
"171.34700,1,25,16777215,1620892204,0,60fd99c7,49152015680929795",哈哈哈，电音菩萨那个你别走！正在感动结果笑蹦了,0
"65.34300,1,25,16777215,1620892098,0,60fd99c7,49151959901929477",要来了来了来了,0
"12.59300,1,25,16777215,1620891985,0,e8c080d9,49151900577693701",1200w冲,4
"17.72700,1,25,16777215,1620891845,0,635df856,49151827125469191",上岸吧面试球球了,4
"222.90200,1,25,16777215,1620891770,0,690ac30,49151788173492229",明天是个好天气,0
"3.22000,1,25,16777215,1620891652,0,b2e93742,49151725953613829",每日一遍,0
"29.42000,1,25,16777215,1620891542,0,3a8af751,49151668168687623",凤凰传奇yyds,0
"35.13900,1,25,16777215,1620891410,0,d6b84c7d,49151599061237763",上岸上岸,4
"223.39900,1,25,16777215,1620891238,0,d9e2da07,49151508743716869",一切一定都还来得及,1
"196.93400,5,25,15138834,1620891210,0,66448b29,49151494282805255",前方核能,0
"196.93400,5,25,15138834,1620891186,0,66448b29,49151481684688899",前方核能,0
"67.02000,1,25,16777215,1620891168,0,94c382ab,49151472293642243",鲸落万物生,1
"142.04600,1,25,16777215,1620890898,0,20a130c0,49151330578071557",听完原唱再来听泪目了，救赎感,1
"4.33900,1,25,16777215,1620890783,0,ccf6ef74,49151270405537799",卧槽？1188万了！！！！,3
"115.07500,1,25,16777215,1620890676,0,f978f72e,49151214563098629",这是希望的声音,0
"79.19100,1,25,16777215,1620890640,0,f978f72e,49151195625291781",听到的希望,0
"24.77800,1,25,16777215,1620890622,0,170f1b12,49151185924915205",可以循环播放一天,0
"22.20400,1,25,16777215,1620890583,0,f978f72e,49151165753982983",一定会上岸,0
"241.44400,1,25,16777215,1620890540,0,f978f72e,49151143298727939",来得及来得及,1
"22.83300,1,25,16777215,1620890518,0,addcce23,49151131373273091",爷青回,0
"10.33600,1,25,16777215,1620890505,0,addcce23,49151124953366531",再来亿遍,0
"211.06400,1,25,16777215,1620890497,0,970dcee1,49151120658923527",来得及,1
"210.83400,1,25,16777215,1620890476,0,970dcee1,49151109474287621",来得及,1
"236.30600,1,25,16777215,1620890220,0,970dcee1,49150975182635013",不知道为什么会哭，喜欢这首歌,1
"220.65200,1,25,16777215,1620889995,0,acaa9fee,49150857160687621",来得及,1
"101.35400,1,25,16777215,1620889981,0,d7e1a21,49150849724186631",凤凰传奇入驻小破站了,0
"141.48400,1,25,16777215,1620889915,0,acaa9fee,49150815622397957",专升本一定会上岸的！加油！,0
"161.53100,5,25,14811775,1620889862,0,ddd38b3a,49150787356459011",有人唤你回去,2
"57.36700,1,25,16777215,1620889856,0,6711803e,49150784425164803",1186.6,4
"132.53100,1,25,15138834,1620889815,0,ddd38b3a,49150762805624837",姐姐别捂心口，放着我来【狗头】,0
"33.89900,1,25,16777215,1620889808,0,acaa9fee,49150759209533447",上岸！！！！！！1,4
"209.61600,1,25,16777215,1620889792,0,f28e1fed,49150750868635651",来得及来得及西南政法,4
"200.13300,1,25,16777215,1620889582,0,f0edad06,49150640986783751",来得及,1
"199.57000,1,25,16777215,1620889564,0,5d34b7e,49150631511851011",来得及！！,1
"207.78900,1,25,16777215,1620889467,0,f28e1fed,49150580650672133",来得及来得及西南政法上岸,4
"102.35700,1,25,16777215,1620889445,0,3f2ec12b,49150568709488645",佛音绝绝子,0
"158.03600,1,25,16777215,1620889300,0,acaef424,49150492979757061",为什么声音如此温暖,0
"237.97900,1,25,16777215,1620889259,0,1df9e303,49150471326662661",好听好听,0
"143.55100,1,25,16777215,1620889181,0,f28e1fed,49150430629855235",一定上岸,0
"88.05900,1,25,16777215,1620889106,0,1df9e303,49150390975856643",好听,0
"23.31900,1,25,16777215,1620889038,0,1df9e303,49150355533463559",好听,0
"211.10800,1,25,16777215,1620888798,0,b8a40397,49150229460025349",来得及,1
"17.14500,1,25,16777215,1620888580,0,82e1adc6,49150115223437315",每天一遍，坚定信念,0
"67.19500,1,25,16777215,1620888315,0,5f87f9be,49149976513085445",1188,4
"71.43600,1,25,16777215,1620888260,0,e37a6ba6,49149947788394499",1188.2打卡,4
"21.04000,1,25,16777215,1620888202,0,94c382ab,49149917128032259",太温柔了,0
"199.75800,1,25,16777215,1620888166,0,a78b312c,49149898153525253",来得及宝贝们，一定来得及,0
"159.43100,1,18,16777215,1620888070,0,3d949795,49149848279056391",你听你听,0
"157.21100,1,25,16777215,1620888059,0,3d949795,49149842131255303",你听你听,0
"225.66000,1,25,16777215,1620888022,0,39a47e3d,49149822636654599",天气好似预期,1
"238.77500,1,25,16777215,1620888021,0,33f6f911,49149822320508933",那些人为什么像蹦迪一样蹦这首歌,2
"126.05900,1,25,16777215,1620888010,0,3d949795,49149816758337541",上岸了,0
"100.83900,1,25,16777215,1620887980,0,3d949795,49149800853012483",我毅帝豪横,0
"21.63900,1,25,16777215,1620887866,0,3d949795,49149741205815299",1188,4
"5.61900,1,25,16777215,1620887846,0,3d949795,49149730419113987",每日亿遍,0
"45.45900,1,25,16777215,1620887614,0,95546032,49149608844066819",上岸,4
"66.84400,1,25,6830715,1620887581,0,3d949795,49149591597088771",前方高能，请准备膜拜,0
"25.97200,1,25,6830715,1620887479,0,3d949795,49149538311077893",听说是那期节目最低的评分，也不知道是怎么做的,2
"232.55100,1,25,16777215,1620887467,0,8e90d47b,49149531656290307",真的泪目,1
"43.17900,1,25,16777215,1620887343,0,cfe4cf93,49149466855342087",1181打卡,4
"13.86300,1,25,16777215,1620887242,0,8e90d47b,49149414056394759",恭喜破千万,0
"242.11300,1,25,16777215,1620887205,0,cf71f292,49149394719604739",我哭了,1
"66.04900,1,25,16777215,1620886940,0,f5d58a87,49149255501742087",泪目,1
"73.14800,1,25,16777215,1620886707,0,77f6125a,49149133582761991",笑什么？有病？,2
"218.62000,1,25,16777215,1620886705,0,cf71f292,49149132214370307",来得及,1
"86.90000,1,25,16777215,1620886613,0,94c382ab,49149084150267907",天作之合,0
"4.17300,1,25,16777215,1620886583,0,9cdc5555,49149068191465479",每日亿遍,0
"119.98100,5,25,16646914,1620886578,0,40227a11,49149065767157767",不能把这些猴子的片段删掉吗？,2
"240.98000,1,25,16777215,1620886403,0,958ad5ab,49148974095925253",泪目,1
"97.32500,1,25,16777215,1620886256,0,e6b4ad1a,49148896809582599",右下角不是节目，是广告吧,2
"151.49900,1,25,16777215,1620886193,0,18a9bc49,49148863742214151",上岸,0
"74.22700,5,25,16646914,1620886029,0,40227a11,49148777886384131",不能把这些猴子的片段删掉吗？,2
"205.67300,1,25,16777215,1620885602,0,8dda498a,49148554077798407",来得及来得及来得及来得及来得及,1
"81.23600,1,25,16777215,1620885449,0,db5d32bd,49148473854918659",1187.‘,4
"66.64400,1,25,16777215,1620885284,0,9d5ec563,49148387502063623",前面核能,0
"49.20300,1,25,16777215,1620885197,0,fa0d0972,49148342027944007",鸡皮疙瘩起来了，好好听,0
"121.70800,1,25,16777215,1620885188,0,2f58f94,49148337295196163",西财一战成硕,4
"18.35900,1,25,16777215,1620885182,0,aa057af,49148334175158275",一定要上岸啊,0
"26.02000,1,25,16777215,1620885148,0,5903a254,49148315979218947",打卡,0
"211.02300,1,25,16777215,1620885037,0,4ba0d9a,49148258071085059",来得及来得及，我在找你,1
"199.71600,5,25,16707842,1620884893,0,55ed79ca,49148182563127303",来得及,1
"130.36900,1,25,16777215,1620884734,0,206ac2f0,49148099199762435",来不及来不及来不及！,2
"12.34600,1,25,16777215,1620884721,0,b2d86730,49148092232499203",再来一遍,2
"155.60700,1,25,16777215,1620884468,0,9d1cfb85,49147959393124357",对了，这首歌当时被睿智的评委观众评为最差的,2
"29.35500,1,25,16777215,1620884321,0,26cb72c5,49147882317545475",每日一遍1187.3,4
"83.76900,1,25,16777215,1620884308,0,a805e178,49147875866705925",1187.2,4
"210.77900,1,25,16777215,1620883937,0,3d949795,49147681141948419",厉容,0
"209.75900,1,25,16777215,1620883909,0,3d949795,49147666533711877",厉害的不知道怎么形容,0
"238.65900,1,25,16777215,1620883839,0,ddbf5865,49147629687275523",明天是个好天气,0
"26.73800,1,25,16777215,1620883826,0,111077de,49147622733119493",弹幕少了好多,2
"89.65300,1,25,16777215,1620883795,0,33bd6cef,49147606506405891",牛逼,0
"108.07900,1,25,16777215,1620883782,0,3d949795,49147599958573063",听得起鸡皮疙瘩了，太赞了,2
"35.51900,1,25,16777215,1620883740,0,33bd6cef,49147578151337991",啊啊啊啊啊啊啊啊啊啊啊啊,2
"132.99900,5,25,15138834,1620883591,0,42e2ab6d,49147499642355715",上岸,0
"238.86100,1,25,15138834,1620883560,0,b8cd7d4e,49147483678310403",凤凰传奇yyds,0
"132.44400,1,25,16777215,1620883430,0,d5dfd903,49147415129227269",希望我以后每天都有希望,0
"73.10200,1,25,16777215,1620883344,0,60ecf4ce,49147370101800963",嘉宾也太夸张了吧,3
"208.24200,1,25,16777215,1620883246,0,3be20949,49147318925524999",天呐，我要哭了,1
"47.76600,1,25,52480,1620883054,0,362ee3ea,49147218257510403",凤凰传奇值得！,0
"50.95700,1,25,16777215,1620883016,0,92e354ab,49147198192484421",1186.9打卡,4
"6.73500,1,25,16777215,1620882903,0,a6a9fca1,49147139315466243",1186,4
"110.91900,1,25,16777215,1620882865,0,882a9993,49147119031812099",教你们什么叫说唱,0
"127.13900,1,25,16777215,1620882860,0,d0e8a6b1,49147116449169415",加油！！！,0
"100.19700,4,25,16646914,1620882765,0,c6d248b5,49147066765017091",1186.8万打卡,4
"204.36000,1,25,15138834,1620882730,0,2bb31cd2,49147048196308995",来得及！复旦等我！,4
"84.13500,1,25,16777215,1620882659,0,9733f595,49147011270180869",绝了,0
"218.85900,1,25,16777215,1620882655,0,ede13d10,49147009066074119",上岸,4
"108.21900,1,25,16777215,1620882632,0,f6d9f6f4,49146997120696327",一下就正能量了,0
"145.77900,1,25,16777215,1620882580,0,ede13d10,49146969472368643",上岸,0
"238.62000,1,25,16777215,1620882563,0,bc7e1e39,49146960837345285",不是夫妻啊兄弟没瞎说啊,2
"74.76900,1,25,16777215,1620882363,0,9d429caa,49146855934132227",1186.7,4
"157.98500,1,25,16777215,1620882361,0,2e0f9ce,49146854984646663",1186.7,4
"117.75700,1,25,16777215,1620882240,0,da9e305b,49146791354433543",好温暖好像什么都不怕了,0
"226.13900,1,25,16777215,1620882119,0,87cae1f1,49146728062386181",一群青铜给王者打分，笑死,2
"55.37700,1,25,16777215,1620882092,0,6f75ddc0,49146713869385735",1186 打卡,4
"81.04800,1,25,16777215,1620882012,0,87fda65a,49146672092545029",段奕宏可以的,0
"51.87900,1,25,16777215,1620881929,0,87cae1f1,49146628190765059",一群青铜给王者打分，笑死,2
"22.06900,1,25,16777215,1620881307,0,9a35229c,49146302127669251",1186w,4
"92.39000,1,25,16777215,1620881293,0,f261d437,49146294792880135",凤凰传奇yyds ,0
"198.32200,1,25,16765698,1620881286,0,822089fc,49146291216711687",来得及来得及来得及来得及来得及来得及来得及来得及 来得及来得及来得及来得及来得及来得及来得及来得及 来得及来得及来得及来得及来得及来得及来得及来得及 来得及来得及来得及来得及来得及来得及来得及,3
"170.85500,1,25,16777215,1620881208,0,e3570c82,49146250189078531",玲花实力没话说,0
"125.11500,1,25,16777215,1620881172,0,f53a389f,49146231585767431",？？？？这词都能听嗨？？？？？？？,2
"29.12900,1,25,16777215,1620881137,0,f1d7a2ed,49146212923736069",一千一百万打卡,4
"21.41900,1,25,9487136,1620881100,0,ea414567,49146193882120199",这才是音乐，带有某种力量的声音,0
"44.96100,1,25,16777215,1620881041,0,7ca946a1,49146163068141575",1186.2打卡,4
"9.29900,1,25,14811775,1620881039,0,ea414567,49146161556094979",神奇的组合,0
"236.79900,1,25,8700107,1620881018,0,8ab45890,49146150687604807",他们不是夫妻，有各自的家庭,0
"233.63800,1,25,16777215,1620880942,0,32bc7bcb,49146110819696647",国家队气势太足了,0
"242.06300,1,25,16777215,1620880934,0,cf7a22bc,49146106555138053",可可一定要上岸南昌大学,4
"219.19600,1,25,16777215,1620880931,0,32bc7bcb,49146105027362819",国家队气势太足了,0
"190.11500,1,25,16777215,1620880898,0,32bc7bcb,49146088076083207",曾毅岁岁年年这句唱得太好听了天哪，最强辅助,0
"168.55200,1,25,16777215,1620880680,0,2f6503a1,49145973484027909",这段伴奏是《大鱼》的主旋律！,4
"229.46400,5,25,16646914,1620880673,0,822089fc,49145969724882951",海底看不见四季!,4
"29.16700,1,25,16777215,1620880578,0,4996103,49145920069566471",1186.1w打卡,4
"230.50500,1,25,16777215,1620880368,0,4624ee49,49145809955454979",上岸,0
"35.16800,1,25,16777215,1620880117,0,1f3a1913,49145678210793477",第亿遍,0
"120.21400,1,25,16777215,1620880069,0,d66791a6,49145653322842117",职称过关,4
"98.70800,1,25,16646914,1620879999,0,93c2b63c,49145616317022213",凤凰传奇入驻Ｂ站啦！！！！,0
"48.06000,1,25,16777215,1620879948,0,93c2b63c,49145589771272195",单曲循环,0
"10.34100,5,25,15138834,1620879940,0,f9b36fd7,49145585591123971",3000w打卡,4
"227.47800,1,25,16777215,1620879859,0,d66791a6,49145543231275013",燃晚上岸吧,4
"208.74200,1,25,15772458,1620879760,0,8c686f06,49145491292160005",不赶趟~不赶趟~,1
"218.31400,1,25,16777215,1620879741,0,8028b487,49145481013493765",来得及,1
"35.95100,1,25,16777215,1620879626,0,e72a46c3,49145421126172677",张靓颖的如果爱下去也是唐恬写的,0
"17.76300,1,25,16777215,1620879571,0,13cc3050,49145392364781575",1185来了,0
"100.36000,1,25,16777215,1620879439,0,7fd9cdc,49145322807492613",1185.8万,0
"29.18900,1,25,16777215,1620879410,0,80d3f8ae,49145307806040067",谁救我出去  出不去了 一直循环,1
"204.63200,1,25,16777215,1620879374,0,b036bef5,49145288676343811",哭了哭了,1
"175.46400,1,25,16777215,1620879315,0,316da7f7,49145258152820741",曾毅实力暴露啦！,0
"127.51500,1,25,16777215,1620879267,0,316da7f7,49145233042046979",曾毅实力暴露了！,0
"59.69900,1,25,16777215,1620879253,0,8b0d2b4c,49145225521135621",1185.7打卡,4
"93.72700,1,25,16777215,1620879234,0,316da7f7,49145215295422471",曾毅隐藏不住实力了！,0
"77.33300,1,25,16777215,1620879217,0,316da7f7,49145206728556547",曾毅的实力隐藏不住啦！,0
"34.69100,1,25,16777215,1620879210,0,706e1936,49145203099435013",1185.7w,4
"22.85900,1,25,16777215,1620879199,0,706e1936,49145196896059399",1185w,4
"15.20300,1,25,16777215,1620879125,0,80d3f8ae,49145158126010371",1185.7打卡,4
"15.13900,1,25,16777215,1620878964,0,9dc044e6,49145073988796423",每日一遍,0
"209.15700,1,25,16777215,1620878838,0,fb05d418,49145007925886981",来得及,1
"7.91500,5,25,15138834,1620878838,0,9399074a,49145007799533571",凤凰已经入驻了，关！！,0
"0.25500,5,25,15138834,1620878812,0,9399074a,49144994054275077",入驻了，快去打call,0
"180.48600,1,25,16777215,1620878336,0,f8f431a,49144744778924037",一定要顺利毕业！,0
"38.58700,1,25,16777215,1620878152,0,9966e15b,49144647920386055",每日一刷,0
"15.33800,1,25,16777215,1620878148,0,62857b19,49144646268354567",这个节目把风凰传奇淘汰了，腊鸡节目,2
"22.47300,1,25,16777215,1620878031,0,a13f57f5,49144584485208071",1185.5,4
"7.87600,1,25,16777215,1620877949,0,98fdffd7,49144541641965571",1185.5,4
"47.71300,1,25,41194,1620877779,0,8788ff99,49144452760469507",1185打卡,4
"145.09900,1,25,16777215,1620877711,0,fb05d418,49144416867713031",一定上岸,0
"180.91500,1,25,16777215,1620877632,0,569cec97,49144375410688005",研究生论文答辩通过，顺利上岸，感谢我永远的神，凤凰传奇！,0
"157.26000,1,25,16777215,1620877596,0,f5a5c227,49144356859281415",曾毅一年的活一天干了哈哈哈,0
"31.00000,1,25,16777215,1620877581,0,af48b811,49144348776333317",吓我一跳,3
"74.51300,1,25,16777215,1620877537,0,cddd090,49144325838733317",震惊！曾毅竟然会唱歌！！（狗头）,0
"43.26700,1,25,16777215,1620877482,0,f5a5c227,49144296991358979",推我一把,0
"30.82400,1,25,16777215,1620877454,0,f5a5c227,49144282119405571",曾毅有出息了，这么大段词,0
"155.74400,1,25,16777215,1620877313,0,569cec97,49144208233594883",本想边吃饭边听歌，现在嘴里全是眼泪！,1
"233.32400,1,25,16777215,1620877140,0,569cec97,49144117631909895",吃着饭听，结果吃进嘴的全是眼泪！,1
"215.65500,1,25,16777215,1620876940,0,2a9a3a3a,49144012899090437",我听的头皮发麻,1
"6.65900,1,25,16777215,1620876898,0,319cceaa,49143990659317765",真的太喜欢这个版本了   ,0
"16.91200,1,25,16777215,1620876661,0,22328203,49143866660487171",1185.2,4
"81.73600,5,25,16707842,1620876499,0,44ebfcd6,49143781585846275",佛光普照,0
"59.23000,1,25,16777215,1620876473,0,2bad07c7,49143767683301381",1185.2万播放,4
"242.98600,1,25,16777215,1620876372,0,b55a5664,49143714849751045",他们也可以很高级，这样的表演真的很版，他们真的不是只是农业重金属,2
"235.68800,1,25,16777215,1620876126,0,2d863cb9,49143585895874565",哭到抖,1
"46.49300,1,25,16777215,1620876007,0,271f34ef,49143523393404935",特岗一定要上岸啊,4
"57.27000,1,25,16777215,1620875654,0,82f65120,49143338294575107",1185,4
"204.88900,4,25,16646914,1620875569,0,9f6445a5,49143293920935939",Yww，我懂了，你，在哪里。。。,1
"28.41200,1,25,16777215,1620875564,0,c26b37dc,49143291495579651",每天一遍，每天都是好天气,0
"211.35500,1,25,16777215,1620875555,0,8a0fb929,49143286762307591",来得及来得及,1
"6.35600,1,25,16777215,1620875520,0,17760d3f,49143268378148867",1200助攻,4
"175.12600,1,25,16777215,1620875452,0,b77baf32,49143232525762567",南康白起的哭了,1
"231.69600,1,25,16777215,1620875451,0,18930353,49143232092176387",哭的稀里哗啦的,1
"80.75000,1,25,16777215,1620875348,0,14e5d8be,49143178217914375",哇,3
"218.81900,1,25,16777215,1620874804,0,c0e7ac77,49142892680183813",24天了，希望梦森高考如愿！,4
"192.93600,1,25,16777215,1620874803,0,9d849567,49142892329959427",这rap牛逼,0
"204.96000,1,25,16777215,1620874778,0,482c6fe0,49142879164563459",专升本成功上岸潍坊学院！,4
"148.01000,1,25,16777215,1620874687,0,4dcef30c,49142831382528005",pmp6月20考试陈明 你可以的必须上岸,4
"227.02900,1,25,16777215,1620874661,0,44ffcc19,49142817807663107",带我上岸吧,4
"44.34000,1,25,16777215,1620874622,0,a7752472,49142797636730887",再来亿遍,0
"8.98000,1,25,16777215,1620874530,0,18930353,49142749259628547",每天无数遍…,0
"219.50100,1,25,16777215,1620874506,0,3e548c59,49142736444456967",来得及来得及！,0
"240.82100,1,25,16777215,1620874419,0,e2e92c6a,49142690925772805",前面说夫妻档的是要笑死我,0
"205.52800,1,25,16777215,1620874415,0,f9aaa9,49142688919846915",来得及来得及,1
"78.36800,1,25,16777215,1620874228,0,b6165ee7,49142590717034503",鸡皮疙瘩起来了,0
"210.29400,5,25,16777215,1620874114,0,62cb972d,49142531086090245",来得及来得及，北化工一定等我！！！！,4
"5.75900,1,25,16777215,1620873967,0,7f500e2a,49142453804990467",西大西大见见见,4
"241.23700,1,25,16777215,1620873957,0,fdf46010,49142448966860807",确实不错啊，但是评价不高呀,0
"210.69900,1,25,15138834,1620873944,0,4c34facb,49142442178904069",牛逼！！！！！,0
"37.31500,1,25,16777215,1620873735,0,7f500e2a,49142332308062211",教资面试一定要过啊阿啊阿啊,0
"36.38600,1,25,16777215,1620873723,0,7f500e2a,49142326307061763",考研顺利 成功上岸,0
"30.77500,1,25,16777215,1620873701,0,3e6ae861,49142314472308743",止不住流泪,1
"175.79900,1,25,16777215,1620873546,0,97663e7f,49142233460899843",bgm大鱼啊,0
"236.77900,1,25,16777215,1620873511,0,db826b13,49142214770032647",一定要上岸!,0
"142.73900,1,25,16777215,1620873311,0,8ef3ae47,49142110165663747",上岸,0
"26.36700,1,25,16777215,1620873085,0,ecc5965d,49141991452704773",单曲循环,0
"41.90000,1,25,16777215,1620873053,0,fe37ba2e,49141975076044803",1184.4,4
"200.31900,5,25,15138834,1620872964,0,a3f1df52,49141928400781319",还我弹幕,2
"200.31900,5,25,15138834,1620872960,0,a3f1df52,49141925962317829",还我弹幕,2
"200.31900,5,25,15138834,1620872954,0,a3f1df52,49141922668740611",还我弹幕,2
"56.85600,1,25,15138834,1620872947,0,31b92a52,49141919464816643",我就想问一下你们节目找啥评审？​,2
"200.64900,1,25,16777215,1620872847,0,79b5716e,49141866976247811",来得及，考试来得及,1
"1.18400,5,25,15138834,1620872753,0,a3f1df52,49141817567870979",还我高级弹幕！！！！！！！！！,2
"64.17000,1,25,16777215,1620872741,0,e9dd3c35,49141811041009669",1184.4打卡,4
"81.74100,1,25,16777215,1620872602,0,ef81195f,49141738398285829",啊啊啊啊啊背景音乐伴奏混了大鱼！！！,3
"207.22400,1,25,16777215,1620872574,0,b75c6dc4,49141723585576963",我哭了,1
"234.18600,1,25,16777215,1620871934,0,79b5716e,49141387932729349",今天是个好天气,0
"224.02100,1,25,16777215,1620871923,0,79b5716e,49141382591807491",来得及,1
"211.39900,1,25,16777215,1620871904,0,a0fad97b,49141372433203203",厉害啊,0
"165.04700,1,25,16777215,1620871799,0,fc194a00,49141317312708611",海底两万里,0
"240.19300,1,25,16740868,1620871665,0,61971e5d,49141246980521989",上岸,4
"147.31700,1,25,16740868,1620871572,0,61971e5d,49141198284652551",曾哥 帅呆了,0
"2.09900,1,25,16777215,1620871451,0,565e86e3,49141134890369029",千万贺电,0
"31.01400,1,25,16777215,1620871449,0,8a25c947,49141133676642309",再来,0
"18.48300,1,25,16740868,1620871443,0,61971e5d,49141130745872389",海底捞 发来贺电,4
"1.35300,1,25,16777215,1620871312,0,5256e076,49141062191546371",我是来看大长腿的,4
"74.31500,1,25,16777215,1620871244,0,7e6694dd,49141026494873603",欢呼个什么鬼,2
"234.63200,5,25,15138834,1620870932,0,23b1e693,49140862719361027",玲花：（温柔）孩子，快来，让我抱抱你,0
"234.63200,5,25,41194,1620870839,0,23b1e693,49140813985742853",曾毅：（严肃）孩子，回吧，别让我等太久,0
"196.71100,5,25,15138834,1620870644,0,23b1e693,49140711638433799",前方高能,0
"238.55400,1,25,16777215,1620870305,0,f3c31735,49140534227238919",前面的 国民第一天团 没有错,0
"109.89100,1,25,16777215,1620870189,0,6a726427,49140473366839303",上岸,4
"44.85900,1,25,16777215,1620870143,0,425fda63,49140449249591299",1183.9报道,4
"23.62300,1,25,16777215,1620869741,0,28f4808a,49140238338490373",我出去不去了,1
"13.56100,1,25,16777215,1620869731,0,28f4808a,49140233066250247",1183,4
"22.99500,1,25,16777215,1620869664,0,e5a100ba,49140197908545541",1183.4打卡,4
"196.85700,1,25,16777215,1620869424,0,ff6c68ba,49140072406056967",赞,0
"228.42600,5,25,16646914,1620869367,0,822089fc,49140042101161991",海底看不见四季,1
"107.45800,1,25,16777215,1620869329,0,49637023,49140022190800901",有大爱的歌手 爱你们,0
"62.36200,1,25,16777215,1620868896,0,a819d922,49139795537428487",第一次被凤凰传奇唱的哭崩,1
"124.99100,1,25,16777215,1620868653,0,61b48723,49139667741704195",曾毅的rap真的太可以了,0
"107.72000,1,25,16777215,1620868635,0,61b48723,49139658700881923",太强了吧,0
"53.87400,1,25,16777215,1620868581,0,61b48723,49139630428651527",海底捞,0
"46.65900,1,25,16777215,1620868574,0,61b48723,49139626662166535",太绝了,0
"204.52900,1,25,16777215,1620868484,0,fa2ce9b2,49139579237171207",歌词太棒了啊啊啊啊啊,0
"45.68000,1,25,16777215,1620868461,0,23b1e693,49139567154429957",两千万冲啊,2
"63.60400,1,25,16777215,1620868407,0,9047dd90,49139539168985091",1183.5本站第三遍，酷我音乐不知道多少遍,0
"4.38400,1,25,16777215,1620868385,0,61b48723,49139527682359303",玲花也太美了,0
"24.68600,1,25,16777215,1620868368,0,9047dd90,49139518708121603",第三遍了,0
"228.14300,1,25,16777215,1620868274,0,91c86f6e,49139469032357895",治愈之声～,0
"218.91100,1,25,16777215,1620868021,0,4d63ee93,49139336455651331",公考上岸，人生目标一定要实现,4
"236.61400,1,25,16777215,1620867953,0,50d60d87,49139301156388869",真的听哭了,1
"217.05400,1,25,16777215,1620867934,0,50d60d87,49139290921762819",都来得及啊,0
"176.89400,1,25,16777215,1620867893,0,50d60d87,49139269495160837",这里是大鱼吗？！,3
"30.03900,1,25,16777215,1620867680,0,6f68f8ec,49139157539749893",希望自己工作顺利，父母身体健康，找到一个爱我的人,0
"66.03800,4,18,41194,1620867347,0,8a31b6b8,49138983320944647",1183·4打卡,4
"55.30400,1,25,16777215,1620867302,0,1b94aec3,49138959632039943",国家队,0
"34.93200,1,25,16777215,1620867282,0,1b94aec3,49138949020450821",普度众生,0
"9.99500,1,25,16777215,1620867257,0,1b94aec3,49138935846666243",人民群众的神组合,0
"135.36300,1,25,16777215,1620867233,0,1b94aec3,49138923726176263",人民群众的神组合,0
"104.46800,1,25,16777215,1620867203,0,1b94aec3,49138907534589959",世界和平,0
"93.58500,1,25,16777215,1620867192,0,1b94aec3,49138901796782083",佛光普照,0
"68.91600,1,25,16777215,1620867167,0,1b94aec3,49138888898248711",佛光普照！！！,0
"16.01800,1,25,16777215,1620867081,0,1b94aec3,49138843640659973",爷青回,0
"5.00700,1,25,16777215,1620867070,0,1b94aec3,49138837871394821",爷青回,0
"11.31200,1,25,16777215,1620867057,0,1b94aec3,49138831042019333",爷青回,0
"210.77300,1,25,16777215,1620866977,0,ab0ee06d,49138789189156869",来得及,1
"153.09300,1,25,16777215,1620866919,0,ab0ee06d,49138758946127877",会计上岸,4
"236.69900,1,25,16777215,1620866515,0,2665190c,49138547145310211",我感觉这首歌有了灵魂,0
"105.19100,1,25,16777215,1620866338,0,1cd2c782,49138454120890371",凤凰涅槃!,0
"47.65600,1,25,16777215,1620866277,0,2c0c36dd,49138422198566919",1183.1,4
"17.50500,1,25,16777215,1620866118,0,ac25e182,49138339068510215",再来亿遍,0
"76.25800,1,25,16777215,1620865812,0,a2a953f8,49138178440298503",佛,0
"39.28700,1,25,16777215,1620865775,0,a2a953f8,49138159049506819",1183.1,4
"32.28500,1,25,16777215,1620865545,0,bc2bb413,49138038326951941",1182.9,4
"123.54400,1,25,16777215,1620865449,0,b3f42946,49137988261117955",这也能摇，好低能这评委,2
"233.09600,1,25,16777215,1620865345,0,1b94aec3,49137933414825991",明天是个好天气,0
"211.77500,1,25,16777215,1620865323,0,1b94aec3,49137922301493253",上岸！！！统统捞上来！！！,0
"163.45400,1,25,16777215,1620865275,0,1b94aec3,49137896918089795",曾毅:现在挣钱不容易了,0
"110.60200,1,25,16777215,1620865222,0,1b94aec3,49137869201080327",国家队,0
"44.45900,1,25,16777215,1620865152,0,1b94aec3,49137832658731011",上春晚,0
"40.42400,1,25,16777215,1620865133,0,2fe3f1a2,49137822335500293",1184w,4
"3.77400,1,25,16777215,1620865024,0,1b94aec3,49137765568741379",群众的神组合,0
"160.09500,1,25,16777215,1620864987,0,1b94aec3,49137745763762179",说凤凰土的站出来,2
"31.19900,1,25,16777215,1620864936,0,d73b4108,49137719166107651",执业医上岸,4
"92.93200,1,25,16777215,1620864920,0,1b94aec3,49137710532657155",稳稳稳,0
"34.07400,1,25,16777215,1620864861,0,1b94aec3,49137679647375365",1183,4
"238.51900,1,25,16777215,1620864846,0,f7ebcc2f,49137671867465733",中南财见,4
"18.13900,1,25,16777215,1620864845,0,1b94aec3,49137671279214599",想下去的，统统捞上来,0
"214.22500,1,25,16777215,1620864812,0,f7ebcc2f,49137654351003651",考研上岸,4
"200.64600,1,25,16777215,1620864770,0,1b94aec3,49137632113852421",来得及来得及,1
"216.53300,1,25,16777215,1620864720,0,1b94aec3,49137606168412167",来得及来得及,1
"205.07700,1,25,16777215,1620864709,0,1b94aec3,49137600238190597",大神,0
"112.57800,1,25,16777215,1620864617,0,1b94aec3,49137551717433347",神组合,0
"92.02300,1,25,16777215,1620864596,0,1b94aec3,49137540889837571",人间值得,0
"52.80800,1,25,16777215,1620864557,0,1b94aec3,49137520323592199",1182.9,4
"28.61700,1,25,16777215,1620864533,0,1b94aec3,49137507647881219",统统上岸,0
"11.55900,1,25,16777215,1620864515,0,1b94aec3,49137498715586565",喜欢,0
"12.88600,1,25,16777215,1620864449,0,ee486104,49137463996186627",1182.9啦啦啦,0
"209.53700,1,25,16777215,1620864386,0,1b94aec3,49137430836019205",来得及来得及,1
"187.70600,1,25,16777215,1620864364,0,1b94aec3,49137419331567621",人间值得,0
"146.15700,1,25,16777215,1620864323,0,1b94aec3,49137397605072903",统统捞上来,0
"71.52600,1,25,16777215,1620864248,0,1b94aec3,49137358417690627",海底捞，给我捞上去了,0
"11.49400,1,25,16777215,1620864188,0,1b94aec3,49137326958313479",好听,0
"42.82300,1,25,16777215,1620864134,0,dd97a4c0,49137298876923909",1182.9打卡,4
"111.75600,1,25,15138834,1620863706,0,9edf86d8,49137074496339971",我就每天来看一遍播放量涨了多少,4
"149.85500,1,25,16777215,1620863020,0,963ac1aa,49136714794926083",我可能是中毒了，每天都听,0
"37.69800,1,25,16777215,1620862814,0,3a8acb24,49136606544134151",一切顺利，成功上岸！七月安好！,0
"130.10300,5,25,14811775,1620862796,0,dc929960,49136597250605059",路通往我，等你！！！,0
"85.69900,1,25,16777215,1620861861,0,6a49151e,49136107112103941",我才几句词？,2
"212.40700,1,25,16777215,1620861409,0,fbfff250,49135870132879363",来得及,1
"200.45800,1,25,16777215,1620861397,0,fbfff250,49135863863443463",高考上岸,4
"214.19900,1,25,16777215,1620861078,0,51fa21a7,49135696357621763",好听,0
"182.00400,1,25,16777215,1620860960,0,c7c43038,49135634593349635",AKA草原麥霸,0
"19.84500,1,25,16777215,1620860758,0,df983c28,49135528943550469",1182,4
"5.46300,1,25,16777215,1620860351,0,7beac686,49135315102728197",我又来了,3
"208.86900,1,25,16777215,1620858164,0,50200844,49134168639537157",来得及,1
"130.00200,1,25,16777215,1620858085,0,50200844,49134127288418311",今天再来听,0
"47.58000,1,25,16777215,1620858002,0,50200844,49134084019978247",1182.2,4
"234.97200,1,25,16777215,1620857232,0,1f9b4aa6,49133679941779463",七万多弹幕怎么就这么少？,2
"184.47100,1,25,16777215,1620857181,0,1f9b4aa6,49133653525528581",牛牛牛,0
"50.92600,5,25,15138834,1620855893,0,437dc90a,49132977921196037",太强了,0
"29.92000,5,18,15138834,1620855872,0,437dc90a,49132966843514885",听了N遍，单曲循环了,0
"226.70100,1,25,16777215,1620854965,0,2171f637,49132491643551747",好运来我们好运来～,0
"90.80800,1,25,16777215,1620854123,0,d0ee4ff,49132049904697347",牛皮,0
"131.79800,1,25,16765698,1620854025,0,8daee1a2,49131998677041155",我也是某人的星星,0
"1.93600,1,25,16765698,1620853857,0,8daee1a2,49131910538985477",明天又是充满希望的一天,0
"243.77900,1,25,16777215,1620853618,0,8a827b8a,49131785161801735",来还愿了,4
"140.50900,1,25,16777215,1620853381,0,2c45b8bb,49131660787056647",希望成功拿到pr,4
"87.10000,1,25,16777215,1620853327,0,2c45b8bb,49131632773300231",超级棒！,0
"74.98100,1,25,16777215,1620853315,0,2c45b8bb,49131626414735365",保佑我2024年顺利毕业,4
"212.17900,1,25,16777215,1620852503,0,a511b4de,49131200688160771",全身麻了。。。。,1
"217.81300,1,25,16777215,1620850677,0,ee3442a0,49130243477733383",天亮了,0
"204.63500,1,25,16777215,1620850105,0,4c92aba4,49129943304503303",来得及,1
"233.19200,5,25,15138834,1620849676,0,6d1bbff8,49129718725738503",海底海底看不见四季，所以我们一起回家吧,1
"185.08700,1,25,16777215,1620848156,0,7c95518c,49128921869844487",啊啊啊曾毅唱歌了,0
"118.72700,1,25,16777215,1620848075,0,7c95518c,49128879401992197",曾毅咬字太清晰了,0
"31.58000,1,25,16777215,1620846646,0,68d93ba1,49128130167177219",弹幕大军变少了？,2
"9.39200,1,25,16777215,1620846284,0,e4b39bee,49127940408475655",凤凰传奇 永远的神,0
"213.25000,1,25,16777215,1620846281,0,be8e9c35,49127938408316935",今年市人大上岸,4
"126.33700,1,25,16777215,1620845993,0,ddc04173,49127787475238919",夏江龙你是我的星星,0
"31.17900,1,25,16777215,1620845920,0,7b7293c1,49127749362122755",我的天,3
"125.07300,1,25,16777215,1620845472,0,4f737c0d,49127514485817349",声音的力量,0
"86.12500,1,25,16777215,1620845206,0,db816da6,49127375116959749",凤凰传奇入驻了，大家多多捧场哦,0
"230.49100,1,25,16777215,1620844489,0,2863a120,49126999196172293",泪目了操,1
"119.94300,4,25,16776960,1620843973,0,788b9aa6,49126728565522439",毅哥练呼麦可是以牺牲自己擅长的高音为代价的！,0
"101.67600,4,25,16776960,1620843922,0,788b9aa6,49126701877690435",毅哥的词一直很多，一直唱和声的！,0
"75.97200,4,25,16776960,1620843897,0,788b9aa6,49126688513589251",毅哥是练过呼麦的！！,0
"107.81000,1,25,16777215,1620843695,0,78ed970a,49126582547120135",初级会计一定要考过啊！加油！,4
"223.19000,1,25,16777215,1620843357,0,aaf042de,49126405567414277",再坚持一下下，太阳马上就要出来了,0
"138.76400,1,25,16777215,1620843273,0,aaf042de,49126361302827013",有种虽然很辛苦，但请加油吧，的感觉,0
"235.49800,1,25,16777215,1620843174,0,e0944e7c,49126309527289859",他们不是夫妻,2
"95.30600,1,25,16777215,1620842982,0,df857f44,49126209114079237",曾毅的声音太有颗粒感了,0
"8.30400,1,25,16777215,1620842895,0,df857f44,49126163237306371",又来了,1
"218.20400,5,25,8700107,1620842821,0,2ff66f1c,49126124518637575",鸡皮疙瘩起来了,0
"211.90000,1,25,16777215,1620842660,0,4a82f6aa,49126040054267911",来得及,1
"116.97500,5,25,15138834,1620842430,0,56cf0c6f,49125919789940739",曾毅绝了,0
"196.40200,1,25,16777215,1620842421,0,276c98d5,49125914823884805",全体起立！,0
"91.97600,5,25,15138834,1620842406,0,56cf0c6f,49125906795986947",曾毅绝了,0
"241.69100,1,25,16707842,1620842351,0,a8e40738,49125877925543941",好听,0
"125.99400,1,25,16777215,1620841700,0,5725be3e,49125536570540037",努力加餐饭,0
"210.30100,1,25,16777215,1620841688,0,c77a6c60,49125530657619973",来得及来得及,1
"86.34600,1,25,16707842,1620841137,0,a8e40738,49125241587236869",梵音,0
"42.38500,1,25,16777215,1620840968,0,f13fa682,49125153054392325",1180,4
"63.89100,1,25,15138834,1620840893,0,bebd766,49125113580748807",1180,4
"34.15100,1,25,16777215,1620840695,0,8f11bd61,49125010138202115",666666,0
"107.87800,1,25,16777215,1620840689,0,863107f9,49125006530052101",曾毅牛逼,0
"28.48800,1,25,16777215,1620840676,0,df857f44,49124999742619655",再来亿遍,0
"237.37500,1,25,16777215,1620840648,0,fd9bb210,49124985492471815",上岸！！！！！！,0
"151.85900,1,25,16777215,1620840457,0,74ceabfe,49124885367095303",不愧是你们,0
"108.27700,1,25,16777215,1620840235,0,76f205dd,49124768675790851",来自草原的爱,0
"35.49600,1,25,16777215,1620840155,0,6ff5c54a,49124727042605127",1180！,4
"139.57600,1,25,16777215,1620840009,0,6c66bdea,49124650084990981",1180.6w,4
"30.73800,1,25,16777215,1620839787,0,c9fb84bc,49124534014443525",弹幕护体,4
"21.32600,1,25,41194,1620839735,0,ce8480c1,49124506483032071",大鱼！,3
"85.04400,1,25,16777215,1620839651,0,2ac6b5c9,49124462459617287",好听好听，1180,0
"232.51200,1,25,16777215,1620839631,0,58e4be56,49124452069277703",来得及来得及，要上岸,1
"220.50900,1,25,41194,1620839620,0,47ef58ec,49124446432657411",明天是个好天气,0
"34.40600,1,25,16777215,1620839551,0,9863e1d,49124410284572677",1180.5w,4
"21.40600,1,25,16777215,1620839538,0,9863e1d,49124403229229063",1180.5w,4
"147.45900,1,25,41194,1620839396,0,f9298cb7,49124328711127047",哈哈哈,0
"21.65900,1,25,16777215,1620839386,0,2813dd99,49124323841540103",yyds,0
"57.53700,1,25,16777215,1620839365,0,81c783c0,49124312786403333",瞬间起鸡皮疙瘩,0
"84.90500,1,25,16777215,1620839197,0,b1694ca0,49124224599064579",为什么我听一次哭一次！,1
"244.57300,1,25,16777215,1620839106,0,55ac57f,49124176673374213",上岸,4
"190.99300,1,25,16777215,1620839070,0,8044d591,49124158173872135",喜欢喜欢,0
"196.42200,1,25,16777215,1620839058,0,e605297d,49124151835230211",回去吧，来得及,1
"172.53000,1,25,16777215,1620838946,0,1fc57c10,49124092865413125",已经一千万了！这是音乐的力量,3
"158.04200,1,25,16777215,1620838864,0,91ef7775,49124050013782021",谢谢,0
"11.83900,1,25,16777215,1620838740,0,203f394f,49123985109549061",1180,0
"117.50700,1,25,16777215,1620838515,0,802dd4fb,49123866853244933",熟悉的说唱23333,0
"1.95900,1,25,8700107,1620838466,0,1acd5952,49123841122238469",凌晨看完一遍，发现播放量比看前多了两千，这速度！,3
"16.51600,1,25,16777215,1620838456,0,b4226093,49123835985264643",高考加油,4
"8.01500,1,25,16777215,1620838447,0,b4226093,49123831531962437",1180.2,4
"11.66700,1,25,16777215,1620838443,0,ae77a42d,49123829419081733",再来亿遍,0
"238.05700,1,25,38979,1620838366,0,1acd5952,49123788899483651",好绝啊,0
"237.54200,1,25,38979,1620838349,0,1acd5952,49123780156981253",明天论文答辩，我还是忍不住刷了几遍,4
"114.19300,1,25,16777215,1620838200,0,7c1fe563,49123701545762819",十几遍了,4
"240.15200,1,25,16777215,1620838101,0,d19f3ae9,49123649994620931",一定要上岸,4
"0.99500,5,25,38979,1620838017,0,1acd5952,49123605840658437",海底忽闻凤凰鸣,4
"84.37400,1,25,16777215,1620838002,0,c0002e1a,49123597770293251",曾毅：这段得加钱，词太多了,0
"1.81900,1,25,16777215,1620837978,0,1acd5952,49123585342046215",1180万,0
"13.37900,1,25,16777215,1620837935,0,1f548dff,49123562628317191",牛笔,0
"21.42600,1,25,16777215,1620837915,0,d846a73f,49123552133120005",不以物喜不以己悲,1
"148.39500,1,25,16777215,1620837897,0,ca31697b,49123543148396547",我要上大学！,0
"83.46100,1,25,16777215,1620837682,0,ede6dab,49123430213615621",太强了,0
"40.39500,1,25,16777215,1620837630,0,cdb3f99c,49123402903453703",还是喜欢曾毅的说唱,0
"231.59100,5,25,38979,1620837609,0,1acd5952,49123392138248197",上岸吧！四季归！,0
"229.17100,5,25,38979,1620837585,0,1acd5952,49123379238666243",海底寂静，凤凰鸣，暗黑深海，光来寻！歌唱传奇，四季归！,0
"8.27500,1,25,16777215,1620837571,0,84565636,49123372267208711",每天一遍往前走,0
"36.25900,1,25,16777215,1620837550,0,791e430b,49123361035911171",海底的草原,0
"220.59100,5,25,38979,1620837545,0,1acd5952,49123358163337223",明天是个好天气,0
"69.98800,1,25,16777215,1620837538,0,330e8e5e,49123354538934275",1179.8打卡,4
"239.50900,1,25,16777215,1620837526,0,a84e7ff3,49123348527972355",上岸！！,4
"212.75100,5,25,38979,1620837522,0,1acd5952,49123346526240775",也要唱给你听,0
"162.92500,1,25,16777215,1620837514,0,8ba98248,49123342022082563",突然眼泪就下来了,1
"39.14400,1,25,16777215,1620837513,0,998ddaf7,49123341390315525",1179.8万打卡,4
"39.82500,1,25,15138834,1620837485,0,d3aede84,49123326739087365",凤凰传奇来B站了,0
"183.53100,5,25,38979,1620837479,0,1acd5952,49123323638972419",海底寂静，凤凰鸣，暗黑深海，光来寻！书写传奇，四季归！,1
"25.34200,1,25,15138834,1620837464,0,d3aede84,49123315864305669",凤凰传奇来B站了,0
"11.77900,1,25,16777215,1620837455,0,48275d8b,49123310982135811",神级现场,0
"25.52800,1,25,16777215,1620837356,0,c4cea5a7,49123259381186563",1000w了，好厉害的传奇,0
"66.99100,1,25,16777215,1620837352,0,561f036f,49123256960548867",潘卿媛，我爱你，你是自由的。既然喜欢独处，我便不打扰了,1
"159.49300,1,25,16777215,1620837345,0,9b4c43e,49123253353971715",上岸,0
"238.71600,1,25,16777215,1620837313,0,ec648efe,49123236881891333",来得及，还有一年，来得及,1
"217.14400,1,25,38979,1620837279,0,1acd5952,49123218758828037",感觉是不是现场没被完全领会改编和演唱的治愈啊,2
"203.38300,1,25,16777215,1620837262,0,ec648efe,49123209796648963",来得及！,1
"38.60700,1,25,16777215,1620837250,0,abcdf81a,49123203792502787",1179.7,4
"206.72400,1,25,38979,1620837206,0,1acd5952,49123180728025095",为什么现场都是开心地笑的啊！我爆哭得像个傻子,1
"193.96400,5,25,38979,1620837145,0,1acd5952,49123148435030019",后面爆哭！！！！！！！！！,1
"189.32400,4,25,38979,1620837125,0,1acd5952,49123137956085765",人间岁岁年年，谁敢说如烟,1
"70.74100,1,25,16777215,1620837117,0,c02181dc,49123134076878851",658个人再看,3
"45.08600,1,25,16777215,1620837096,0,c02181dc,49123122813075459",1179.6合影,4
"37.38300,1,25,16777215,1620837093,0,ec648efe,49123121359749127",1179.6,4
"12.53300,1,25,16777215,1620837068,0,ec648efe,49123108291870725",每天一遍,0
"232.55500,1,25,16777215,1620837025,0,896b027c,49123085908443143",上岸！,4
"203.60000,1,25,16777215,1620836942,0,f39b7d5e,49123042197504007",原版致郁，这版治愈,0
"13.21900,1,25,16777215,1620836914,0,cac3564c,49123027684163591",来得及来得及～,1
"141.50100,1,25,16777215,1620836910,0,60604bf1,49123025531437061",考研上岸,4
"11.09500,1,25,16777215,1620836906,0,1acd5952,49123023180005381",两个人用歌声拥抱了千万人,0
"11.09500,1,25,16777215,1620836847,0,1acd5952,49122992675356679",再来亿遍,0
"40.55800,1,25,16777215,1620836836,0,7355737a,49122986596237315",1179打卡,4
"131.51300,1,25,16777215,1620836832,0,e3f55318,49122984424636421",今年考研上岸 ！和乐儿在一起！,4
"62.67500,1,25,16777215,1620836748,0,e3f55318,49122940798631943",今年考研顺利上岸 和乐儿在一起,4
"59.09900,1,25,16777215,1620836637,0,cf12ffa4,49122882200010759",1180打卡,4
"40.33900,1,25,16777215,1620836634,0,92d792a,49122880792297477",1179w打卡,4
"145.69500,1,25,16777215,1620836591,0,256f9855,49122858481745927",上岸,4
"208.95900,1,25,16777215,1620836569,0,c3e7c21,49122846560485381",来得及,1
"64.25900,1,25,16777215,1620836537,0,acceeb86,49122829997178887",1179万打卡,4
"93.75900,1,25,16777215,1620836521,0,dea4addf,49122821397282819",高考上岸,0
"31.85900,1,25,16777215,1620836482,0,acceeb86,49122801015586823",玲花开口跪！,0
"15.59900,1,25,16777215,1620836431,0,dea4addf,49122774401155079",11791479！,4
"74.32800,1,25,16777215,1620836385,0,6f1be974,49122750416551943",打卡1179.3w,4
"26.79300,1,25,16777215,1620836329,0,77cbd51b,49122721116192771",每天都来,0
"55.99600,1,25,16777215,1620836160,0,13236e62,49122632197472263",泪,1
"2.61900,1,25,16777215,1620836105,0,13236e62,49122603426119687",1179.2打卡,4
"207.58000,1,25,16777215,1620836032,0,13236e62,49122565081792519",这一唱我没了,1
"200.50100,1,25,16777215,1620835977,0,917e47ca,49122536420540419",来得及！,1
"230.38400,1,25,16777215,1620835966,0,bdad6cda,49122530541174787",玲花好强,0
"14.04200,1,25,16777215,1620835938,0,4a34867,49122515651395589",今天的第三遍,0
"126.59000,1,25,16777215,1620835903,0,b5b227bc,49122497782087683",上岸！,0
"63.34200,1,25,16777215,1620835888,0,13236e62,49122489452724229",温暖我了,0
"37.46300,1,25,16777215,1620835862,0,13236e62,49122475882577927",眼泪自己流出来,1
"35.91100,1,25,16777215,1620835729,0,917e47ca,49122406235635717",1179万,4
"228.41900,1,25,16777215,1620835674,0,d7ba05eb,49122377327443971",这，他们怎么笑的出来啊,2
"243.41900,1,25,16777215,1620835500,0,ee165d54,49122286216151043",阿絮 回四季山庄,0
"214.92000,1,25,16777215,1620835394,0,ab67811b,49122230923689987",好,0
"127.34100,1,25,16777215,1620835299,0,4aae8735,49122181000462339",教资面试上岸吧求求了,4
"207.35600,1,25,16777215,1620835119,0,a27fa3b1,49122086568853509",来得及！,1
"139.57600,1,25,16777215,1620835048,0,a27fa3b1,49122049085407235",上岸！梦想的彼岸！,4
"216.30400,1,25,16777215,1620834990,0,e52342e,49122018792570885",来得及来得及来得及,1
"201.92300,1,25,16777215,1620834961,0,e52342e,49122003643269127",高考上岸,4
"202.13100,5,25,41194,1620834856,0,234e1a9,49121948800122883",来得及来得及,1
"197.35200,5,25,15138834,1620834839,0,234e1a9,49121939458883587",前方高能前方高能前方高能,0
"235.36400,1,25,16777215,1620834817,0,facb3173,49121927896760323",上岸了上岸了,0
"180.92500,1,25,16777215,1620834806,0,234e1a9,49121922522284037",一切都来得及,1
"173.58700,1,25,16777215,1620834791,0,234e1a9,49121914260029445",来得及,1
"23.90300,1,25,16777215,1620834791,0,2a7547df,49121914429898755",我又来了哈哈哈,0
"129.71700,1,18,15138834,1620834785,0,7f99815e,49121911318249475",好听,0
"240.40900,1,25,16777215,1620834785,0,7b62d577,49121911227023363",好难过，谢谢你们，有活下去的勇气,0
"118.45500,1,25,16777215,1620834774,0,7f99815e,49121905415815173",1178.4万打卡,4
"36.35600,1,25,16777215,1620834707,0,f0f9c1f5,49121870333607943",1178.4,4
"202.17600,1,25,16777215,1620834650,0,882509a5,49121840685645831",来得及,1
"196.37500,1,25,16777215,1620834644,0,882509a5,49121837634289669",来得及,1
"217.90300,1,25,16777215,1620834635,0,882509a5,49121832601649155",来得及,1
"223.96300,1,25,16777215,1620834552,0,da4ae2be,49121789172252679",真上头,0
"206.70900,1,25,16777215,1620834539,0,a9ff32aa,49121782188212227",你曾笑着哭泣,1
"234.14800,1,25,16777215,1620834515,0,69590ca4,49121769768353797",期中考试上400！,4
"169.35200,1,25,16777215,1620834504,0,a9ff32aa,49121763934601221",绝了呀,0
"69.43900,1,25,16777215,1620834446,0,2bd402aa,49121733603491847",Aka草原悍匪在线普度众生,0
"45.75700,1,25,16777215,1620834385,0,889a4b96,49121701465686021",考公上岸，宝宝健康,0
"113.18700,1,25,16646914,1620834364,0,4b900b83,49121690856194055",908人,4
"100.13700,1,25,16777215,1620834351,0,4b900b83,49121684016332807",908人 各位,4
"15.64500,5,25,41194,1620834321,0,5aa5bb8,49121668137222147",这瞬间曾毅背后的背景那个白雾散开仿佛天使的翅膀一样是来救赎的吧,0
"213.49900,1,25,16777215,1620834317,0,46be1442,49121665854996483",来得及,1
"156.83900,1,25,16777215,1620834294,0,bd8e31e9,49121653817868291",上岸,4
"237.85900,1,25,16777215,1620834103,0,ced00115,49121553608081411",666,0
"79.41900,1,25,16777215,1620834096,0,b145d4d1,49121550008844291",梵音？？？,3
"241.25400,5,25,16777215,1620834077,0,aa3a0a89,49121540417519621",草，我怎么哭了,1
"9.49900,1,25,41194,1620834029,0,3da10fc5,49121515247501315",已一键三连,0
"194.32300,5,25,15138834,1620833997,0,aa3a0a89,49121498400030725",我他妈一个爆哭！改得好好！,1
"14.45900,1,25,16777215,1620833876,0,ced00115,49121434529169415",永远的神,0
"162.34500,1,25,16777215,1620833866,0,e846c52b,49121429800615939",上岸！,0
"71.65100,5,25,15138834,1620833831,0,413fc032,49121411145400325",凤凰传奇yyds,0
"243.27300,1,25,16777215,1620833807,0,22f03f61,49121398719774727",上岸！,0
"85.84500,1,25,16777215,1620833790,0,e846c52b,49121389691535363",听哭了,1
"135.77200,1,25,16777215,1620833769,0,5a1de450,49121378882813959",前面说要给南康白起的 破防了呀,1
"223.84300,1,25,16777215,1620833764,0,4d102aed,49121375859769347",来得及,1
"234.17400,1,25,16777215,1620833745,0,b6fd0e74,49121365935521795",上岸 等我,4
"161.57500,1,25,16777215,1620833721,0,203f394f,49121353797206023",这个rap为什么不用看字幕！！！！呜呜呜呜,1
"120.04800,1,25,16777215,1620833713,0,823099e7,49121349246910469",段奕宏,4
"244.38300,1,25,16777215,1620833701,0,1415d85f,49121342864228359",考研上岸,4
"242.94400,1,25,16777215,1620833656,0,5f2eb1e0,49121319360397317",会计证一次必过！,4
"104.65900,1,25,16777215,1620833600,0,9772131,49121290271850501",CCTV厂牌，AkA草原悍匪,0
"8.36900,1,25,16777215,1620833548,0,4d102aed,49121262916075527",好听,0
"198.16500,1,25,14811775,1620833546,0,a044a984,49121261572849671",来得及来得及来得及来得及,1
"148.15800,1,25,16777215,1620833517,0,1727d576,49121246824103939",我在这里学会了游戏，学会了自救。,1
"69.78600,1,25,16777215,1620833512,0,92541b1d,49121243949432837",rap开口感觉老天爷打开我的天灵盖喊我醒醒,0
"36.54300,1,25,16777215,1620833495,0,22dc6edd,49121235060654085",告辞,1
"31.91200,1,25,16777215,1620833494,0,9fb3418b,49121234382225411",yo-yo,0
"237.73800,1,25,16777215,1620833384,0,25bd6a09,49121176798625797",再去涂一遍眼霜,1
"119.10600,1,25,16777215,1620833375,0,5e158be9,49121172021837827",个人认为这是B站音乐播放神话了吧不到一月一千多万,3
"40.83200,1,25,16777215,1620833332,0,7bcbfb93,49121149604855813",强烈推荐《团长版凤凰传奇》,0
"78.40700,1,25,16777215,1620833304,0,e2dd3234,49121135109341187",牛逼牛逼,0
"5.22300,1,25,16777215,1620833275,0,7bcbfb93,49121119485034499",强推《团长版山河图》,0
"150.45800,1,25,14811775,1620833219,0,a044a984,49121090122809349",上岸吧！孩子,1
"42.13000,1,25,16777215,1620833217,0,75d9c084,49121089402437635",字幕打错了，老师唱的是推你回去，字幕是催你回去,2
"219.72600,1,25,16777215,1620833207,0,863c4b88,49121083819819015",明天是个好天气,0
"130.40800,1,25,14811775,1620833199,0,a044a984,49121079611883525",光在召唤你，回来吧，孩子,1
"159.78300,1,25,16777215,1620833174,0,2bdd21ba,49121066811916295",体检过关,4
"222.12300,1,25,14811775,1620833152,0,a044a984,49121055350980613",来得及来得及来得及来得及,1
"200.11200,1,25,16777215,1620833130,0,a044a984,49121043817168901",来得及来得及来得及,1
"242.37900,1,25,16777215,1620833120,0,a2b1dfb1,49121038370865159",上岸,0
"67.36700,1,25,16777215,1620833011,0,916c6b0b,49120981164228613",梵音起！,0
"166.10800,1,25,16777215,1620832989,0,18d2bc1b,49120969530802183",好听啊啊啊啊,0
"13.85300,1,25,16777215,1620832938,0,28e67a34,49120942796832775",N刷,4
"54.09100,1,25,16777215,1620832880,0,bb272e29,49120912551706627",打卡,4
"144.33700,1,25,16777215,1620832840,0,b32e7685,49120891712831495",1177,4
"23.23200,1,25,16777215,1620832832,0,b640b45c,49120887408951299",龙文章哈哈哈,0
"6.25200,1,25,16777215,1620832815,0,b640b45c,49120878509686787",龙文章,0
"232.14100,1,25,16777215,1620832713,0,5a1de450,49120825086836739",谢谢你们qwq,1
"19.87100,1,25,16777215,1620832690,0,8cf27f0,49120813238976515",再来一遍,0
"85.04000,1,25,16777215,1620832574,0,8a0a8f59,49120752187736067",有光！光！佛光照在海面上,0
"97.77900,1,25,16777215,1620832567,0,2c065575,49120748636733443",很厉害，跟原版就是两个世界,0
"100.72300,1,25,16777215,1620832561,0,b8014f5c,49120745318514691",段奕宏既视感,0
"74.03200,1,25,16777215,1620832548,0,cbdb46a0,49120738305638405",贡献20+播放量,0
"28.38000,1,25,16777215,1620832500,0,ce7d3df3,49120713440755719",1177,4
"177.30100,1,25,16777215,1620832489,0,2aac4dbb,49120707828252677",1177万打卡里程碑,4
"136.51900,1,25,16777215,1620832481,0,4465d2e2,49120703363416069",前面南康白起的，我眼泪都要下来了。,1
"123.84700,5,25,15138834,1620832471,0,a58e4833,49120697993134085",这个节目唯一的价值就是出这首歌,0
"193.99100,1,25,16707842,1620832467,0,658cc6cb,49120695921147911",来得及来得及来得及来得及来得及来得及来得及来得及来得及来得及来得及来得及来得及来得及来得及来得及,1
"0.97800,5,25,15138834,1620832449,0,c20e1222,49120686594064389",再来亿遍,0
