"128.08200,5,25,15138834,1624126702,0,c49c43b5,50847824076079109",讲真在漫展碰到这样整活的我会很开心，毕竟去漫展就是想和宅们一起放飞自我嘛,0
"506.53100,5,25,15138834,1624086186,0,a30fa1a4,50826581735636995",靠靠靠靠靠靠这荣誉哈哈哈哈哈哈给钉耻辱柱上了,0
"241.64000,5,25,15138834,1624085100,0,2403a9f2,50826012681306119",你永远都不知道当你在为买谷奋斗的时候，有人在隔壁搞行为艺术,2
"465.41300,5,25,16707842,1624080847,0,2d2cbacf,50823782851411973",阿贝多这样做，一定有他的毛病吧,2
"53.78000,5,25,16776960,1624059908,0,46ac1d6f,50812804433182723",棍子杵到缝里头就是另一个故事了,0
"385.00900,5,25,16776960,1624021879,0,e8ec43e3,50792866326773763",谢谢你，莱纳,0
"290.70300,5,25,41194,1624019859,0,83946188,50791807449563139",兩   島   最   高   會   晤,0
"137.57700,5,25,16777215,1624006033,0,22f28b92,50784558473805831",保安：二次元的人是不是都有点大病,2
"160.25300,5,25,16777215,1624002892,0,1be407d2,50782912058490885",良好的自我管理意识,0
"494.07400,5,25,16707842,1623997072,0,80f27892,50779860370980867",参与者：1    获奖者：1,0
"186.56100,5,25,16776960,1623937881,0,a57b6925,50748827592818693",创哥儿这孩子大小就自由,0
"341.17700,5,25,16777215,1623936377,0,96768d,50748038849757189",b站：某声悠，整活配音up主,0
"77.21900,5,25,15138834,1623934481,0,7e7b2c73,50747045013618693",←非正常人  正常人→,2
"90.90000,5,25,16776960,1623930805,0,1725eaa2,50745117309403141",大爷：敢问是哪个名医我先记个电话,2
"362.77700,1,25,16777215,1623925886,0,9b99fa25,50742538530717703",为什么坐下就自动抱头了哈哈哈哈太专业了,0
"210.85900,1,25,15138834,1625552204,0,539d63f4,51595197789241351",正片开始,0
"178.77900,1,25,15138834,1625552165,0,539d63f4,51595177266511879",哈哈哈,0
"134.33900,1,25,15138834,1625552118,0,539d63f4,51595152529031173",哈哈哈,0
"67.01900,1,25,15138834,1625552049,0,539d63f4,51595116111986691",哈哈哈,0
"3.33900,1,25,15138834,1625551981,0,539d63f4,51595080537997317",莱娜你坐啊,2
"187.74500,1,25,16777215,1625551955,0,ccb43052,51595067013464069",天啊笑死我了,0
"23.89900,1,25,16777215,1625551741,0,f4a84df9,51594954972594181",哈哈哈哈哈哈,0
"516.11600,1,25,16777215,1625551378,0,105c7dd2,51594764580028483",越共探头,2
"393.53000,1,25,16777215,1625549462,0,779b50c2,51593759886934019",谢谢你，莱纳,0
"103.61900,1,25,16777215,1625549315,0,ce03d29d,51593682818170883",年！！！,0
"219.83800,1,25,16777215,1625548763,0,61bfe311,51593393514479621",哈哈哈哈哈哈哈哈哈哈哈,0
"46.73900,1,25,16777215,1625548559,0,61bfe311,51593286605864965",哈哈哈哈哈哈,0
"162.25900,1,25,16777215,1625547890,0,c1f1468b,51592935710392327",草哈哈哈哈哈哈哈哈哈哈哈哈哈哈哈哈哈哈,0
"323.98500,1,25,16777215,1625546146,0,68414276,51592021539815427",直接裂开,1
"449.14000,1,25,16777215,1625543785,0,bc51ce4f,51590783836356611",阿贝多,0
"340.28600,1,25,16777215,1625542354,0,53d72061,51590033085300739",这个是那个某声悠 吧哈哈哈哈,0
"492.42800,1,25,16777215,1625542209,0,9ac087e8,51589957142708229",这要来个死侍，尴尬的究竟会是谁呢,1
"107.88000,1,25,16777215,1625542149,0,7ee3886e,51589925982175235",尤拉,0
"308.68700,1,25,16777215,1625542048,0,48f0f70d,51589872949919747",笑死了哈哈哈哈哈,0
"242.66500,1,25,16777215,1625541947,0,2a4bc337,51589820084912135",你币有了,0
"216.28100,5,25,15138834,1625541696,0,b47668cf,51589688577228803",真.地鸣,1
"224.16200,1,25,16777215,1625541533,0,b47668cf,51589603038593031",社死,1
"223.20900,1,25,6830715,1625540642,0,bcb96eb5,51589135815671813",太 過 生 草,0
"536.03400,1,25,16777215,1625539803,0,adaf6d62,51588695741431815",帅哥你谁,0
"439.93600,1,25,16777215,1625539793,0,a53f59d8,51588690435637255",这个康纳笑死我了,0
"398.01600,5,25,16776960,1625538062,0,178cf012,51587782978043911",这还不够，你想干嘛？（笑,2
"339.26600,5,25,16776960,1625537983,0,178cf012,51587741878583301",旗鼓相当的对决,0
"449.05900,1,25,16777215,1625537852,0,8ffaa5f2,51587672807833605",hhhh！,0
"403.57900,1,25,16777215,1625537800,0,8ffaa5f2,51587645598859267",害怕！,3
"351.41900,1,25,16777215,1625537743,0,8ffaa5f2,51587615642615815",莱了！,0
"183.52900,1,25,16777215,1625537579,0,fa347299,51587529998073859",笑死我了,0
"154.37900,1,25,16777215,1625537540,0,8ffaa5f2,51587509251997701",草！,3
"53.49900,1,25,16777215,1625537434,0,8ffaa5f2,51587454016159749",hhh！,0
"385.48500,5,25,15138834,1625536879,0,c0459844,51587162961870851",东北味莱纳,0
"472.97900,1,25,16777215,1625536143,0,b6d68745,51586776813797383",三笠:毁灭吧，累了,1
"225.17900,1,25,16777215,1625535882,0,b6d68745,51586640160227331",哈哈哈哈哈哈哈哈,0
"183.13900,1,25,16777215,1625535837,0,b6d68745,51586616359649285",摊位:？？？？？？？？,3
"119.18700,1,25,16777215,1625535782,0,4a0eb0ae,51586587940618243",《社死》,1
"385.29900,1,25,16777215,1625534993,0,abef0ffa,51586173882073093",正道的光,0
"454.17400,1,25,16777215,1625534448,0,2c9b5da9,51585888381566981",可莉不会喜欢这样的阿贝多哥哥,0
"280.24100,1,25,16777215,1625534274,0,2c9b5da9,51585796882300933",这个姐姐好好看！,0
"63.94500,1,25,16777215,1625534020,0,2c9b5da9,51585663761907719",哈哈哈哈哈【我这个腿好的】,0
"251.33200,1,25,16777215,1625533971,0,37132c6d,51585638198673411",原来是你,3
"453.90500,1,25,16777215,1625533691,0,f3c269d2,51585491497123847",《很简单》,0
"524.03000,1,25,16777215,1625533426,0,c672a0d0,51585352285028357",让谏山创他妈小心谏山创,2
"224.70200,1,25,16777215,1625533248,0,2f8496f7,51585259075534851",哈哈哈哈,0
"366.91000,1,25,16777215,1625533234,0,c672a0d0,51585251587129349",绷不住了,1
"75.05900,1,25,16777215,1625533084,0,2f8496f7,51585173182480387",哈哈哈哈哈,0
"461.21200,1,25,16777215,1625532331,0,61c7ed82,51584778337517575",哈哈哈哈哈哈哈哈,0
"394.42000,1,25,16777215,1625532264,0,61c7ed82,51584743315603463",哈哈哈哈哈哈哈哈哈哈哈哈,0
"379.01400,1,25,16777215,1625532249,0,61c7ed82,51584735254151171",哈哈哈哈哈哈哈哈哈哈哈,0
"136.57500,1,25,16777215,1625531805,0,112db8bf,51584502801104899",塔塔开！！！！,0
"36.36200,1,25,15138834,1625531475,0,1f5da86e,51584329586311173",高能,0
"516.71100,1,25,16777215,1625530479,0,6e3842f4,51583807295848453",说得好！,0
"228.45700,1,25,16777215,1625530421,0,aea225d8,51583777226883075",666666,0
"166.90600,1,25,16777215,1625529878,0,195e9ea7,51583492163108867",自觉,3
"50.40600,1,25,16777215,1625529761,0,195e9ea7,51583431026933763",哈哈哈哈,0
"204.41500,5,25,15138834,1625529621,0,ddcffa9f,51583357739335685",全体起立,0
"531.56300,1,25,16777215,1625529492,0,857a321e,51583289931071495",帅哥你谁,0
"537.02500,1,25,16777215,1625528384,0,e9a3d5,51582709069250563",多好的帅哥非得要cos艾伦,0
"254.35900,1,25,16777215,1625525680,0,2147e354,51581291387158535",阿布拉莫维奇直呼内行,0
"205.47000,1,25,16777215,1625523547,0,3f0bb762,51580173077708807",新手膨胀期,1
"252.15800,1,25,16777215,1625522109,0,8ef8a9d9,51579419249606661",合理,0
"142.27600,1,25,16777215,1625514986,0,7f4eff4d,51575684872536071",伞兵,0
"97.75900,1,25,16777215,1625513896,0,1ae255ed,51575113129132035",日向翔阳？,2
"97.75900,1,25,16777215,1625513874,0,1ae255ed,51575101817618437",翔阳,0
"229.87900,1,25,16777215,1625511607,0,ef1d697d,51573913270353923",哈哈哈哈哈哈哈哈哈哈哈哈哈哈哈哈,0
"127.29900,1,25,16777215,1625511473,0,ef1d697d,51573842871582723",羞耻至极,2
"68.11900,1,25,16777215,1625511404,0,ef1d697d,51573806386380805",哈哈哈哈哈哈哈哈哈,0
"61.50500,5,25,16755202,1625509017,0,6f881bcc,51572554949197829",艾伦，你坐呀！！！！,0
"65.83600,1,25,16777215,1625508121,0,b560fc9,51572085173518341",好笑,0
"334.74700,5,25,15138834,1625504473,0,7de21be6,51570172944711687",禁止职业选手参赛,2
"233.42500,1,25,16777215,1625504078,0,bd9b2621,51569965724598275",我笑傻了,0
"285.53100,5,25,15138834,1625503784,0,8b887ca1,51569811532021767",猿装进口刀片,2
"526.95200,1,25,16777215,1625502110,0,389d8409,51568933938397191",帅哥你谁呀,0
"480.14500,1,25,16777215,1625502081,0,e3c6ab8c,51568918546874375",这就是学者的自信吗,2
"330.70800,1,25,16777215,1625501797,0,e860acf5,51568769939013635",不就是你自己干的吗,2
"392.82800,1,25,16777215,1625501096,0,d1758784,51568402473943045",东北莱纳,0
"327.36300,1,25,16777215,1625500843,0,eaaca637,51568269581615109",42姐,0
"293.54000,1,25,16777215,1625500792,0,eaaca637,51568242737020935",是驴,3
"307.98000,1,25,16777215,1625500523,0,70e83564,51568101709840387",原来是你,3
"329.22100,5,18,38979,1625499966,0,5a526b7a,51567809636859909",巴巴托斯不干蒸事的后果,2
"363.80100,1,25,16777215,1625499874,0,5b60682f,51567761655070723",哈哈哈哈,0
"324.44300,1,25,16777215,1625499832,0,5b60682f,51567739618197507",我裂开,1
"384.57800,1,25,16777215,1625499611,0,fb46fb84,51567623675052039",哈哈哈哈哈哈哈哈哈哈哈哈哈哈哈,0
"164.81100,1,25,16777215,1625499392,0,a7e82898,51567508841299973",惠惠！,0
"408.83000,1,25,16777215,1625498957,0,71b2884,51567280638132231",他的假发总是让我想起那个绿毛怪,1
"245.33200,1,25,16777215,1625498689,0,375eebac,51567140316119043",重开吧,1
"61.07500,1,25,16777215,1625498312,0,2c44bf91,51566942506450947",已经社恐了,3
"489.08100,1,25,16777215,1625498221,0,56eb5eab,51566895066775559",不社死别想走,2
"467.95800,1,25,16777215,1625498189,0,56eb5eab,51566878243946499",勇士,0
"428.30200,1,25,16777215,1625498124,0,56eb5eab,51566843837546565",你让一个肌肉男大庭广众之下说什么呢,2
"488.53100,5,25,16646914,1625498043,0,4091dc6d,51566801595138055",幻 想 乡 住 民 集 结 季,0
"295.34200,1,25,16777215,1625497954,0,56eb5eab,51566755047800835",大尾巴,0
"390.43700,1,25,16707842,1625497879,0,7c278bdf,51566715626061831",谢谢你，莱纳,0
"291.53300,1,25,16777215,1625497723,0,7c278bdf,51566633730179077",阿米娅草,0
"491.39900,1,25,16777215,1625497416,0,5c1374d6,51566473040625669",哈哈哈哈,0
"467.81900,1,25,16777215,1625497389,0,5c1374d6,51566458704494597",中门对狙,0
"350.31900,1,25,16777215,1625497267,0,5c1374d6,51566394786447363",专业,0
"225.61900,1,25,16777215,1625497139,0,5c1374d6,51566327573774343",草,0
"292.26600,1,25,15138834,1625496830,0,dc76c0a8,51566165684649991",两岛会晤,0
"28.91500,1,25,16777215,1625496818,0,454663b3,51566159282569219",这喘的肾虚昂（doge）,1
"225.53600,1,25,15138834,1625496731,0,dc76c0a8,51566113581957125",草,0
"169.04500,1,25,15138834,1625496662,0,dc76c0a8,51566077630480389",哈哈哈哈哈哈哈哈哈哈哈哈哈哈哈哈哈哈哈哈哈哈,0
"167.93600,1,25,16707842,1625496651,0,dc76c0a8,51566071979180037",哈哈哈哈哈哈哈哈哈哈哈哈哈哈哈哈哈哈哈哈哈,0
"535.33200,1,25,16777215,1625496156,0,c59b71ee,51565812419395587",炮哥？,3
"436.53700,1,25,16777215,1625495402,0,c5fa0b02,51565416915402757",哈哈哈哈哈,0
"386.08900,1,25,16777215,1625495263,0,8f9aa110,51565344154189829",睁不戳,1
"366.80400,1,25,16777215,1625495223,0,8f9aa110,51565322982916101",世界名画,0
"382.92900,5,25,16707842,1625495061,0,3740169,51565238075523075",坐之巨人站起来了,0
"316.57700,1,25,16777215,1625494996,0,c6d41f0c,51565203892994051",？？？？,3
"249.46200,5,25,16707842,1625494932,0,3740169,51565170450235399",莱纳：艾伦，亚路哒？姨妈，扣扣尼！,0
"244.10300,1,25,16777215,1625494923,0,c6d41f0c,51565165894696965",连夜逃离地球,1
"230.65300,1,25,16777215,1625494910,0,c6d41f0c,51565158838304773",哈哈哈哈,0
"195.62200,5,25,16707842,1625494841,0,3740169,51565122856419331",摊主：我荣誉马莱人，你哪个,0
"153.54700,1,25,16777215,1625494837,0,c6d41f0c,51565120820609095",这就是二次元吗,2
"83.55100,1,25,16777215,1625494767,0,c6d41f0c,51565084129361927",太尴尬了吧,1
"356.16600,1,25,16777215,1625494467,0,417d97e4,51564926564040711",开始笑了,0
"495.08100,1,25,16777215,1625494062,0,47dd5554,51564714569760771",哈哈哈哈哈哈哈哈,0
"434.92100,1,25,16777215,1625493999,0,47dd5554,51564681469362179",哈哈哈哈哈救命,0
"370.83600,1,25,16777215,1625493931,0,47dd5554,51564645798379525",世界名画,0
"273.30000,1,25,16777215,1625493830,0,47dd5554,51564592644489223",哈哈哈哈哈,0
"141.53900,1,25,16777215,1625493736,0,75fb957d,51564543386583043",魔怔了,1
"107.39300,1,25,16777215,1625493681,0,a48601f8,51564514856927235",小恩！,0
"472.14600,1,25,16777215,1625493274,0,a6afe1bc,51564301181255687",绷不住了,1
"273.23600,1,25,16777215,1625493105,0,a0acc539,51564212959313923",行为艺术,0
"49.52100,1,25,16777215,1625492805,0,febc032a,51564055220977667",哈哈哈哈,0
"390.55900,5,25,16777215,1625492765,0,bdd45f11,51564034183397381",设   问   句,2
"357.16500,1,25,16777215,1625492557,0,846883f5,51563925194932227",世界名画,0
"420.15800,1,25,16777215,1625492284,0,10091bc3,51563782049628165",赛3,0
"419.04000,1,25,16777215,1625492267,0,c1f8393a,51563773226909765",wow 头发好好的亚子 肌肉也好nb,0
"390.95600,1,25,16777215,1625492192,0,c1f8393a,51563733934145541",哈哈哈哈哈哈哈哈哈哈哈哈哈,0
"224.21000,1,25,16777215,1625492018,0,c1f8393a,51563642830716931",哈哈哈哈哈哈哈哈哈哈哈哈差点笑到过去了,0
"169.61700,1,25,16777215,1625491943,0,c1f8393a,51563603513311237",团兵！！,0
"190.77900,1,25,16777215,1625491876,0,88ab29f0,51563568491921413",塔塔开,0
"417.89300,1,25,16777215,1625491825,0,44be60ef,51563541586509829",肌肉好帅,0
"46.89900,1,25,16777215,1625491746,0,c1f8393a,51563500090163207",哈哈哈哈哈哈哈哈哈哈哈哈哈,0
"527.88700,1,25,16777215,1625491191,0,d7c44527,51563208971911173",帅哥你谁？,0
"519.72700,1,25,16777215,1625491176,0,d7c44527,51563201096056835",说得好!,0
"393.07800,1,25,16777215,1625490981,0,d7c44527,51563098951122949",这才是壁外男主,0
"583.00200,1,25,16777215,1625490939,0,56cb7281,51563077169577987",107人正在看,0
"424.88900,5,25,16777215,1625490872,0,f3fec1fd,51563042128265221",他 为 什 么 要 坐 下,1
"265.71800,1,25,16777215,1625490678,0,d7c44527,51562940189900805",呼叫莱纳,0
"245.95800,1,25,16777215,1625490646,0,d7c44527,51562923546902535",我还以为你要坐下拉二胡,1
"227.77800,1,25,16777215,1625490615,0,d7c44527,51562907209564165",救命我这替人尴尬的毛病又犯了,1
"422.73700,1,25,16777215,1625489784,0,4bbe876c,51562471315996679",这肌肉,2
"496.77300,1,25,16777215,1625489561,0,9422fab0,51562354682363907",蚌埠住了,0
"363.32900,1,25,16777215,1625488771,0,1d7e5269,51561940179746819",哈哈哈哈哈哈笑死我了,0
"232.14200,1,25,16777215,1625488587,0,70a7f88e,51561843817185285",医学奇迹,0
"125.21900,1,25,16777215,1625488567,0,1d7e5269,51561833352396805",哈哈哈哈哈哈,0
"312.46300,1,25,16777215,1625488458,0,f7c6a6cb,51561776339746821",踏踏开!,0
"420.78700,1,25,16777215,1625486863,0,ceae4e3c,51560939876515845",《逃离地球》,0
"261.62800,1,25,16777215,1625486297,0,2a87dccc,51560643446702087",原来那个是你啊,3
"97.28600,5,25,6830715,1625485875,0,6b3c13e,51560422190874629",                黑色服10号，日向翔阳↓,0
"518.53700,1,25,16777215,1625485850,0,dafb3160,51560408864522243",说得好！,0
"377.96000,1,25,16777215,1625485692,0,dafb3160,51560325903286277",世界名画,0
"59.29900,1,25,16777215,1625485181,0,d39255b4,51560058443530247",？？？？？？？？,3
"230.85400,1,25,16777215,1625484930,0,af4e93c5,51559926554165255",hhhhhhhhhhhhhh,0
"4.53900,1,25,16777215,1625484397,0,152ae327,51559647074582535",再来亿遍,0
"336.98900,1,25,16777215,1625483782,0,30f9cfc7,51559324573499397",这个是个棘刺吗！,2
"55.48700,1,25,16777215,1625483678,0,6e9a876f,51559270110461959",这就是二次元吗,2
"448.49400,1,25,16777215,1625483299,0,cc279ca5,51559071390629895",后面有个cos小乔 音你心动皮肤？,2
"70.17500,1,25,16777215,1625482570,0,98e7c293,51558688970244101",2333,0
"167.05900,1,25,16777215,1625482021,0,df944abc,51558401689780229",好自觉啊,3
"90.93900,1,25,16777215,1625481941,0,df944abc,51558359541219331",哈哈哈哈哈尴尬,0
"46.53900,1,25,16777215,1625481892,0,df944abc,51558333874176005",哈哈哈哈哈,0
"529.25400,1,25,16777215,1625481704,0,2bca0d5d,51558235086782471",对哦，你不是音乐区up嘛,2
"59.65700,4,25,16646914,1625480700,0,42ca4356,51557708964823045",艾伦，你做坐啊,2
"233.45900,1,25,16777215,1625480182,0,ae1b1805,51557437264101381",哈哈哈,0
"451.24700,1,25,16777215,1625479849,0,a1b6d8fc,51557262752743429",阿贝多快跑呀,0
"63.41900,1,25,16777215,1625479342,0,d7d11315,51556996975951875",哈哈哈哈哈哈哈哈哈,0
"491.16600,1,25,16707842,1625478480,0,b545edd4,51556545132494851",扣扣？,3
"448.78100,1,25,16777215,1625478367,0,7ff2d64,51556485870649349",阿贝多！,0
"476.64100,1,25,16777215,1625477794,0,be29a91b,51556185206685703",艾伦之后说出这句话，是真正的小丑,1
"520.31800,1,25,16777215,1625477747,0,d304b93c,51556160425689091",说得好,0
"519.23000,1,25,16777215,1625477506,0,17635133,51556034365882375",好好好,0
"336.86600,1,25,16777215,1625477346,0,4cedc078,51555950361313283",职业选手来了来了,0
"18.49900,1,25,16777215,1625477334,0,3945054c,51555943894745093",原来是你,3
"519.46600,1,25,16777215,1625476985,0,4cedc078,51555761220222979",说得好！！！！,0
"393.32600,1,25,16777215,1625476853,0,4cedc078,51555691920359429",他站起来了！！,0
"46.65400,1,25,16777215,1625476833,0,922abeda,51555681649033223",笑拉了,0
"46.65400,1,25,16777215,1625476826,0,922abeda,51555677917675527",哈哈哈哈哈哈哈哈哈哈哈哈哈,0
"192.18600,1,25,16777215,1625476615,0,4cedc078,51555567343763463",哈哈哈哈哈哈哈,0
"10.11900,1,25,16777215,1625476410,0,4cedc078,51555459907715079",原来是你,3
"227.27500,1,25,16777215,1625476377,0,c3b4483c,51555442616696839",哈哈哈,0
"455.58200,4,25,16776960,1625476367,0,e6e0a736,51555437338689543",《很简单》,0
"165.61100,1,25,16777215,1625476297,0,c3b4483c,51555400382676999",哈哈哈哈哈哈,0
"223.59900,1,25,16777215,1625476284,0,7ae7f768,51555393840087043",哈哈哈哈哈哈哈哈,0
"141.98000,1,25,16777215,1625476115,0,7ae7f768,51555304791867397",哈哈哈哈哈哈哈,0
"490.48600,1,25,16777215,1625476060,0,c9333f8f,51555276308348935",前方高能,0
"70.29800,1,25,16777215,1625476012,0,7ae7f768,51555251129942023",哈哈哈哈哈哈,0
"472.65900,1,25,16777215,1625474035,0,71c4d5c8,51554214344130565",卧槽！,3
"309.13900,1,25,16777215,1625473865,0,71c4d5c8,51554125110837253",塔塔开！塔塔开！,0
"226.93900,1,25,16777215,1625473771,0,71c4d5c8,51554076112977925",哈哈哈哈哈哈哈哈哈伞兵！,0
"155.93700,1,25,15138834,1625473694,0,1c71b279,51554035747520517",前方高能,0
"215.30800,5,25,8700107,1625473444,0,17b39612,51553904821796867",没有社恐真好,2
"338.08300,1,25,16777215,1625473192,0,6ea218e1,51553772242468871",黄狗人,2
"233.53400,1,25,16707842,1625472756,0,a5e7d1,51553543833780231",好的，已经开始尴尬了,1
"13.01500,1,25,16777215,1625472545,0,61e59f32,51553433048055813",再看一遍,0
"531.11300,1,25,16777215,1625472311,0,97d9026,51553310355750919",帅哥你谁,0
"385.87400,1,25,16777215,1625471698,0,c3a05ade,51552989004955651",谢谢你，莱纳,0
"49.21000,1,25,16777215,1625471349,0,fbc5e5cd,51552806452592647",乞讨哈哈哈,0
"218.60100,1,25,16777215,1625471224,0,2fea8852,51552740814356485",社死,1
"391.99000,1,25,16777215,1625471047,0,6933c113,51552647784169479",啊！啊！,3
"176.90500,5,25,15138834,1625470749,0,57340b35,51552491644387333",gin桑!!!!!!!!!!!madei!!!!gin桑!!!!!!!,3
"104.57900,1,25,16777215,1625470689,0,3ca94a44,51552460004130821", 冲你这个精神你毕竟有了,0
"447.72600,5,25,16777215,1625470509,0,9c09afef,51552365930086405",“我也不知道为什么，但我就是想这么做”,1
"314.97800,1,25,16777215,1625470416,0,b287146e,51552316847816711",温迪老婆！！！！,0
"269.05900,1,25,16777215,1625470157,0,e8d8535f,51552181280571397",牛逼牛逼,0
"226.57900,1,25,16777215,1625470110,0,e8d8535f,51552156890169347",牛逼,0
"29.99900,1,25,16777215,1625469456,0,29b34834,51551813655592965",哈哈哈哈哈哈哈,0
"533.83900,1,25,16777215,1625468993,0,1f7903d,51551571090604035",救命 up好像杀阡陌（哈哈哈哈哈哈）,0
"502.15500,5,25,15138834,1625468627,0,272cd7c5,51551378951634947",离     了     个     大     谱,1
"502.15500,1,25,16777215,1625468583,0,272cd7c5,51551356145106951",离        了            个           大              谱,1
"529.12900,1,25,16777215,1625467939,0,e765b41b,51551018505732101",帅哥你谁,0
"177.10700,1,25,16777215,1625467818,0,e94cb1fe,51550955197956103",银桑唉,1
"143.41700,1,25,16777215,1625467646,0,8b7e5d03,51550864593649671",你免费了,2
"275.21400,1,25,16777215,1625467220,0,4f10c35d,51550641379606535",笑死我了哈哈哈哈哈哈哈哈哈hh或,0
"466.94700,1,25,16777215,1625466614,0,67c89c3f,51550323752304647",不愧是老师,0
"53.03300,1,25,16777215,1625466461,0,12a10b2d,51550243590766599",已经开始尴尬了,1
"347.10400,1,25,16777215,1625465992,0,e283480d,51549997725384709",牛逼,0
"88.72600,1,25,16777215,1625465488,0,6744108,51549733493669893",哈哈哈,0
"337.52900,1,25,16777215,1625465429,0,111ab949,51549702688604163",鸡肉味嘎嘣脆!(这是我该死的初中同学向我推巨人第一季时候说的话),0
"219.11200,1,25,16777215,1625465295,0,e51bac12,51549632355368965",绝活,0
"4.47200,5,25,16646914,1625465239,0,eda0d357,51549602855256067",生 活 必 需 品,0
"313.57900,1,25,16777215,1625464565,0,8cbb3481,51549249680703495",塔塔开,0
"131.05900,1,25,16777215,1625464375,0,8cbb3481,51549150108975109",塔塔开,0
"66.85900,1,25,16777215,1625464307,0,8cbb3481,51549114177945605",太草了,2
"12.41900,5,25,15138834,1625464285,0,e0057c81,51549102790934535",交出心脏,2
"45.77900,1,25,16777215,1625464282,0,8cbb3481,51549100917129221",哈哈哈哈哈哈哈,0
"534.67000,1,25,16777215,1625464087,0,dbc8dc8c,51548998717669379",？？？？？？？？？？？,3
"377.61600,5,25,16777215,1625463775,0,573418be,51548835444424709",年你在做什么,1
"343.51000,5,25,16777215,1625463703,0,573418be,51548797783769091",专业,0
"291.64700,5,25,15138834,1625463577,0,573418be,51548731712995331",交流病情,2
"241.93000,1,25,16777215,1625463204,0,69b164a3,51548535928127491",还不如骂谏山创,2
"292.30700,1,25,15138834,1625463058,0,85015ee1,51548459241570309",罗德岛和帕拉蒂岛正式会谈,0
"291.49600,1,25,15138834,1625462997,0,85015ee1,51548427231166471",满地都是龙门币啊啊啊,3
"331.81700,1,25,16777215,1625461780,0,cffc7ee5,51547789538623491",妈妈:孝死我了,0
"69.66100,1,25,16777215,1625461504,0,45c192dd,51547644586098693",哈哈哈哈哈哈,0
"48.23000,1,25,16777215,1625461073,0,e58e2ee7,51547418566590469",哈哈哈,0
"188.09700,1,25,16777215,1625459942,0,284965b8,51546825867919363",企业：勿cue,0
"17.97900,1,25,16777215,1625459499,0,1957d76d,51546593684881411",哈哈哈哈哈哈哈哈哈哈哈哈哈,0
"266.31500,1,25,16777215,1625459047,0,9ea234f2,51546356249526279",百草园,0
"435.18300,1,25,16777215,1625458125,0,ccf18791,51545872875388931",超级赛亚人4,0
"185.73100,1,25,16777215,1625457918,0,ccf18791,51545764538613765",对,2
"396.62700,1,25,16777215,1625457912,0,f3096fd7,51545761245560835",谢谢你，贝尔托特（doge）,0
"149.69600,1,25,16777215,1625457882,0,ccf18791,51545745632788483",卧槽太凶残了,2
"386.42900,1,25,16707842,1625457068,0,1c87a3b9,51545318751731715",谢谢你，莱娜，阿里嘎多,0
"366.65500,1,25,16777215,1625456984,0,79397070,51545274738802695",哈哈哈哈哈哈哈,0
"194.47200,1,25,16777215,1625456155,0,8d3642a7,51544840009678853",哈哈哈哈哈,0
"156.71200,1,25,16777215,1625456067,0,8d3642a7,51544794100924421",哈哈哈哈哈,0
"340.67000,1,25,16777215,1625454827,0,2210d473,51544143752593415",这个辫子看成程小时了,0
"209.81000,1,25,16777215,1625453955,0,8505e4ab,51543686766919683",地鸣,1
"11.23900,1,25,16777215,1625453750,0,8505e4ab,51543579092844551",塔塔开，一字摸塔塔开！,0
"479.79300,1,25,16777215,1625453034,0,59f4c3b,51543204117348359",你在玩啥,2
"501.11800,1,25,16777215,1625452777,0,cf9a29d9,51543069271523331",太笋了,0
"347.86000,1,25,16777215,1625452614,0,cf9a29d9,51542983836696581",草！,3
"167.23000,1,25,16777215,1625452418,0,cf9a29d9,51542880687751175",哈哈哈哈哈哈哈哈哈,0
"293.62900,1,25,16777215,1625450934,0,c39497b,51542103061692421",原来艾伦是你！,3
"89.64200,1,25,16777215,1625449530,0,668e10d4,51541366693953539",没必要做地铁也装这么像,2
"317.32900,1,25,16777215,1625449384,0,d73d413e,51541290067165191",戦い,0
"7.03700,1,25,16777215,1625449180,0,eb75c20b,51541183527649287",整活骑士,0
"26.71900,4,25,16777215,1625448881,0,d150f90e,51541026296299523",熟悉的地铁站,0
"402.19000,5,25,15138834,1625448789,0,c02ae6c5,51540978539954183",你前面还不够解放天性吗,2
"472.97400,1,25,16777215,1625448327,0,b282127a,51540735906807811",后面那个是蕾塞,0
"388.43300,1,25,16777215,1625446562,0,85ff2375,51539810919645189",两级反转,0
"524.24700,1,25,16777215,1625446331,0,2e5c4cf4,51539689467281413",哈哈哈哈哈哈,0
"218.00100,1,25,16777215,1625445983,0,78b798d0,51539506954240007",我靠隔着屏幕都尬,1
"328.31900,1,25,16777215,1625444017,0,f3302776,51538476179390467",好羞耻,2
"392.15500,1,25,16777215,1625443107,0,508eb911,51537999312715781",大型翻车现场。,2
"358.75500,5,25,15138834,1625442906,0,8508590e,51537894172524551",莱纳，你坐啊！,2
"358.38200,1,25,16777215,1625442885,0,8508590e,51537883201273859",莱纳，你坐啊！,2
"267.90200,1,25,16777215,1625441866,0,df35effa,51537348478369797",好尴尬救命！！,1
"252.64200,1,25,16777215,1625441843,0,df35effa,51537336477417475",别,1
"305.21300,1,25,16777215,1625441324,0,6eaf4960,51537064679178247",连我都羞耻了，up是真牛，脸不红心不跳,2
"224.43000,1,25,16777215,1625438180,0,282771eb,51535415893557251",卧槽我看的好尴尬呀,1
"114.11900,1,25,16777215,1625438051,0,282771eb,51535348356349955",完了我看视频我都尴尬。,1
"227.40000,1,25,16777215,1625435700,0,4a48e10c,51534115977035779",????????????,3
"493.16100,1,25,16777215,1625433656,0,1a55912,51533044208631815",不要啊,3
"346.27400,1,25,16777215,1625430719,0,b607be9b,51531504427728901",哈哈哈哈哈哈,0
"144.58500,1,25,16777215,1625430517,0,b607be9b,51531398685655045",哈哈哈哈哈哈哈哈哈哈哈哈,0
"387.77400,1,25,16777215,1625428142,0,cfc177f1,51530153290891269",哈哈哈哈哈哈哈哈哈,0
"161.42700,1,25,16777215,1625427897,0,cfc177f1,51530024620130371",哈哈哈哈哈哈哈哈哈哈哈哈,0
"53.69400,1,25,16777215,1625427758,0,cfc177f1,51529951933890563",笑死,0
"192.10600,5,25,15138834,1625427451,0,47c84b0a,51529791266881541",尊重爱情不要地鸣,2
"101.23800,1,25,16777215,1625426819,0,39616d86,51529459877019653",笑拉了,0
"72.03800,1,25,16777215,1625426787,0,39616d86,51529442778939395",我已经开始替你尴尬了，哈哈哈哈,0
"58.51800,1,25,16777215,1625426761,0,39616d86,51529429482471431",哈哈哈哈救命啊,0
"291.32300,1,25,16777215,1625426615,0,70fe0f8c,51529352786477063",调香师，你坐啊,2
"476.81900,1,25,16777215,1625424099,0,ce762b32,51528033374830597",哈哈哈哈哈哈哈哈哈哈,0
"207.14300,5,25,15138834,1625423676,0,5a685def,51527811967483909",泡温泉的算了吧别吃,2
"0.53900,5,25,15138834,1625422300,0,fdff6560,51527090255167495",你又回来啦！,0
"158.41100,1,25,16777215,1625420992,0,c1945633,51526404611768325",草,0
"67.11900,1,25,16777215,1625420863,0,c1945633,51526336930381829",哈哈哈哈哈哈哈哈哈哈,0
"278.59000,5,25,16646914,1625420853,0,1e3738d0,51526331579498501",做个人！！！,0
"226.06300,1,25,16777215,1625420506,0,e378ecae,51526150083575813",哈哈哈哈哈哈哈哈哈哈哈哈哈哈哈,0
"224.61900,1,25,16777215,1625419660,0,dfd222a6,51525706314678277",哈哈,0
"47.33900,1,25,16777215,1625419480,0,dfd222a6,51525612135776263",哈哈哈,0
"403.71900,1,25,16777215,1625419079,0,cbb60b18,51525401784614915",奇行种,0
"177.42300,1,25,16777215,1625418196,0,8b6e7f26,51524938617585667",银桑,0
"472.62500,1,25,16777215,1625416988,0,b79dbca0,51524305200611333",哈哈哈哈哈,0
"346.01400,1,25,16777215,1625416861,0,b79dbca0,51524238790098949",哈哈哈哈哈哈哈,0
"286.67500,1,25,16777215,1625416648,0,3c8137a9,51524127063277571",？,3
"391.27100,5,25,15138834,1625416480,0,69116262,51524039123402759",感谢莱纳,0
"387.00500,1,25,16777215,1625416461,0,69116262,51524028940681219",大快人心啊，谢谢莱宝,0
"61.77900,1,25,16777215,1625416424,0,3c8137a9,51524009494839299",哈哈哈哈哈哈哈哈哈哈哈哈哈哈哈哈哈,0
"40.61700,1,25,16777215,1625416386,0,3c8137a9,51523989896429575",h,0
"17.12800,1,25,16777215,1625416359,0,3c8137a9,51523975634223111",哈哈哈哈,0
"245.99200,1,25,16777215,1625416135,0,da2bda8d,51523857957257219",开始整活,0
"342.17500,1,25,16777215,1625415778,0,61c4019c,51523671108878339",草,0
"540.01200,1,25,16777215,1625415044,0,b1c0cf89,51523286321332231",帅哥你谁,0
"273.94400,1,25,16777215,1625414968,0,98824fd4,51523246410432519",够中二！！！！！,2
"268.59100,1,25,16777215,1625414963,0,98824fd4,51523243610210307",喜欢！！！！,0
"263.10000,1,25,16777215,1625414957,0,98824fd4,51523240731344901",流弊！！！,2
"175.98100,1,25,16777215,1625414863,0,98824fd4,51523191466622979",哈哈哈哈啊哈哈哈,0
"370.06800,1,25,16777215,1625414838,0,b1c0cf89,51523178067918855",世界名画,0
"64.12800,1,25,16777215,1625414750,0,98824fd4,51523132050636805",惊爆！始祖巨人沦为奇行种！,3
"33.01900,1,25,16777215,1625414712,0,944d5ab7,51523112076836867",吴建豪！！！是不是你,0
"175.03700,1,25,16777215,1625414594,0,b1c0cf89,51523050380722179",专业,0
"318.01800,1,25,16777215,1625413026,0,e768b482,51522228228456455",传销现场,0
"226.55700,1,25,16777215,1625412925,0,e768b482,51522175036817413",医学奇迹,0
"292.07300,1,25,16777215,1625412637,0,d55d9c6b,51522024346484741",断崖,1
"540.99000,1,25,16777215,1625412601,0,359cede1,51522005194768387",帅哥你谁,0
"243.92600,5,25,15138834,1625412394,0,21df8acb,51521896855371783",荧妹啊！,0
"329.76400,1,25,16777215,1625412003,0,32f4fb02,51521691954708483",大型社死现场,0
"146.63200,1,25,16777215,1625411801,0,32f4fb02,51521586027036675",换个地球生活吧,1
"163.84600,1,25,16777215,1625410490,0,f8fa84ae,51520898506162181",哈哈哈哈哈哈哈哈,0
"510.20800,1,25,16777215,1625410233,0,fedff8a9,51520763944501251",草哈哈哈哈哈哈哈哈哈,0
"389.29000,1,25,16777215,1625410177,0,fedff8a9,51520734264557571",大快人心哈哈哈哈哈哈哈哈哈,0
"386.38900,1,25,16777215,1625410068,0,fedff8a9,51520677209440261",哈哈哈哈哈哈哈哈哈,0
"390.67700,1,25,16777215,1625410040,0,fedff8a9,51520662775267335",干得漂亮哈哈哈哈哈哈哈哈,0
"387.34900,1,25,16777215,1625410029,0,fedff8a9,51520656767975429",大快人心哈哈哈哈哈哈哈哈哈哈,0
"387.34900,1,25,16777215,1625410021,0,fedff8a9,51520652831621127",哈哈哈哈哈哈哈哈哈,0
"350.82700,1,25,16777215,1625409998,0,fedff8a9,51520640849543175",做个人吧你们哈哈哈哈哈哈哈,0
"345.47200,1,25,16777215,1625409956,0,fedff8a9,51520618813718533",哈哈哈哈哈哈哈哈哈哈哈,0
"341.63200,1,25,16777215,1625409948,0,fedff8a9,51520614581141509",哈哈哈哈哈哈哈哈哈哈哈,0
"277.46200,1,25,16777215,1625409897,0,fedff8a9,51520587697750019",哈哈哈哈哈哈哈哈哈哈哈哈,0
"268.33100,1,25,16777215,1625409883,0,fedff8a9,51520580135419907",草草草,3
"17.21400,1,25,16777215,1625409705,0,706e49ad,51520487017152517",草,0
"451.47100,5,25,15138834,1625409537,0,ad7c4a88,51520398864416775",此时一名手拿护摩之杖的胡堂主路过,3
"524.80500,1,25,16777215,1625409466,0,56923792,51520361836576775",帅哥你谁？？？,0
"527.50200,1,25,16777215,1625409411,0,c6b48337,51520333089865733",帅哥你谁,0
"336.69000,1,25,16777215,1625409249,0,56923792,51520248071847939",棘刺：？？？？,3
"325.42400,1,25,16777215,1625409228,0,56923792,51520237042925571",莱瓦汀！！,0
"291.70500,1,25,16777215,1625409181,0,56923792,51520212447526919",罗德岛yyds,0
"68.75900,1,25,16777215,1625408889,0,c6b48337,51520059330789383",哈哈哈哈哈哈哈哈哈哈哈笑傻了,0
"179.42500,1,25,16777215,1625408752,0,88a5ad6c,51519987344998403",银桑,0
"274.64600,1,25,16777215,1625408630,0,ad602844,51519923450544133",大爷哈哈哈哈哈哈哈哈哈哈哈哈哈,0
"390.75400,5,25,16707842,1625408584,0,a96ad6f1,51519899260944387",莱 宝 从 此 站 起 来 了 ！,0
"191.87200,1,25,16777215,1625408534,0,ad602844,51519873366360071",香香！,0
"178.38900,1,25,41194,1625408511,0,ad602844,51519861058174979",阿银！,0
"231.45200,1,25,16777215,1625408373,0,46eeb87c,51519788743655429",哈哈哈哈哈,0
"394.66500,1,25,16777215,1625408103,0,fdbcd4ce,51519647257722883",哈哈哈哈哈哈哈哈,0
"565.51000,5,25,15138834,1625408032,0,7988bb85,51519609824083973",心臓を捧げる。,1
"308.14200,5,25,15138834,1625407665,0,7988bb85,51519417428213767",ttkttkttk,0
"262.07000,5,25,15138834,1625407554,0,7988bb85,51519359510642695",草啊,3
"166.80200,5,25,16707842,1625407187,0,565b499e,51519166970068997",团兵站起来了！！！,0
"164.54200,1,25,16777215,1625407167,0,565b499e,51519156601225219",！！！！团兵人站起来了！,0
"187.66600,1,25,16777215,1625407008,0,5b046d2a,51519073064845317",横幅下面是团兵的摊！,0
"213.24800,1,25,16777215,1625406998,0,3e8bd34d,51519067957231619",塔塔开,0
"56.65500,1,25,16777215,1625406810,0,3e8bd34d,51518969381126149",为了cos艾伦自断一条腿,1
"207.99700,1,25,16777215,1625405793,0,c17d4648,51518436094771207",前方高能,0
"517.95700,1,25,16777215,1625405625,0,4b8b489,51518347872305157",哈哈哈哈哈哈哈,0
"477.96500,1,25,16777215,1625405526,0,4b8b489,51518296150245383",小老弟应该是真缺钱。。。,1
"502.11100,1,25,16777215,1625405382,0,d61eb4d1,51518220442533893",后面好像真是咲夜欸,0
"346.14400,1,25,16777215,1625405210,0,4b8b489,51518130259755013",全是人才,0
"129.07900,1,25,16777215,1625404948,0,4b8b489,51517993097101319",这活整的太优秀了,0
"364.47800,1,25,16777215,1625404881,0,f447ae33,51517957641076743",世界名画,0
"45.66000,1,25,16777215,1625404820,0,4b8b489,51517925971460103",擦，上海话,3
"28.79200,1,25,16777215,1625404777,0,4b8b489,51517903121940485",坐公交多好，谁敢不让座,2
"470.27900,1,25,15138834,1625404411,0,9111bc9b,51517711421276165",敬勇士,0
"118.58400,1,25,16777215,1625403869,0,1d9bc33e,51517427460079623",浓度过高,1
"537.10600,5,25,15138834,1625403198,0,4484eee5,51517075253362693",bgm:巨人第三季ed晓的镇魂曲,0
"52.03700,1,25,16777215,1625402749,0,f6523930,51516840307851271",有个美瞳你就不会那么尴尬,1
"231.38500,1,25,16777215,1625402635,0,52e79930,51516780053528581",社死现场,0
"223.90200,5,25,15138834,1625402240,0,a1b8166f,51516573335158791",独立宣言（终于知道为啥群友发了一堆这里的表情包，还有独立宣言的视频）,0
"238.45900,1,25,16777215,1625402198,0,6cd2419e,51516551430930437",哈哈哈,0
"234.36500,1,25,16777215,1625402132,0,a4358cc,51516516428414983",文艺复兴,0
"122.14200,1,25,16777215,1625402072,0,c303964e,51516485162500101",确实好好笑啊哈哈哈哈哈,0
"253.20500,1,25,16777215,1625400949,0,de7c3bda,51515896549081091",旧活硬整,0
"61.35400,1,25,16777215,1625400679,0,de7c3bda,51515754816208899",笑死我了哈哈哈哈哈哈哈哈,0
"240.32300,1,25,38979,1625400608,0,64b1964e,51515717664636931",左下巴巴托斯,0
"365.52300,5,25,16777215,1625399772,0,cc39eeb1,51515279295905797",《我 是 1》,0
"518.92800,1,25,16777215,1625399153,0,e321055f,51514954841325571",高手,0
"448.03700,1,25,16777215,1625399056,0,e321055f,51514904005312515",阿贝多老师,0
"219.93900,1,25,16777215,1625398535,0,b26a137c,51514630538264583",嘶。我自己都开始尴尬了,1
"521.70200,1,25,16777215,1625398148,0,8e037e63,51514427760967687",好,0
"473.09800,1,25,16777215,1625397612,0,cc366f79,51514146606809091",阿贝多你怎么了！,2
"285.48000,1,25,16777215,1625397391,0,977d2079,51514031123988485",哈哈哈哈哈哈哈哈哈哈笑死我了,0
"397.61400,1,25,16777215,1625397366,0,cc854bf5,51514017609940999",谢谢你，我心情好了,0
"395.30500,1,25,16777215,1625397292,0,403e7255,51513978881310787",谢谢你，莱纳,0
"530.83700,1,25,16777215,1625397284,0,5ab0f83,51513974972743685",帅哥你谁,0
"477.44000,1,25,16777215,1625397191,0,5ab0f83,51513926121684999",哈哈哈哈哈哈哈哈哈,0
"431.30200,1,25,16777215,1625397140,0,5ab0f83,51513899296489479",哈哈哈哈哈,0
"394.64700,1,25,16777215,1625397099,0,5ab0f83,51513877684289541",谢谢你，莱纳,0
"374.23600,1,25,16777215,1625397070,0,5ab0f83,51513862485704711",世界名画,0
"336.43100,1,25,16777215,1625396987,0,5ab0f83,51513819159592965",牛逼牛逼啊啊啊啊啊大佬！！！！！！！！！！！！！！！吹爆了啊啊啊！！！！,0
"0.00000,1,25,16777215,1625396773,0,97264b22,51513707141267459",3：35,0
"521.74000,1,25,16777215,1625396691,0,d0f2d4ca,51513663976636421",说的好！,0
"509.26600,1,25,16777215,1625396679,0,d0f2d4ca,51513657423036419",草,0
"471.98700,1,25,16777215,1625396641,0,d0f2d4ca,51513637888589831",哈哈哈哈哈哈哈哈哈哈h,0
"363.70100,1,25,16777215,1625396327,0,d0f2d4ca,51513472981663747",哈哈哈哈哈哈哈哈,0
"265.22100,1,25,16777215,1625396226,0,d0f2d4ca,51513420001837061",行为艺术,0
"223.08100,1,25,16777215,1625396177,0,d0f2d4ca,51513394643599363",草,0
"114.85000,1,25,16777215,1625396063,0,d0f2d4ca,51513334867951619",草,0
"46.79900,1,25,16777215,1625396010,0,d0f2d4ca,51513307143077895",呼呼呼呼,0
"171.65500,1,25,16707842,1625395892,0,dcbcf245,51513245219946499",这个莱纳太懂了,0
"278.13800,1,25,16777215,1625395796,0,5ab0f83,51513194606231557",虎子行为艺术,0
"284.36200,1,25,16777215,1625394872,0,c1fdf551,51512710026231815",大草吞枪这位太nb了,2
"525.63400,1,25,16777215,1625394469,0,c1a914c9,51512499056410627",你谁啊,2
"168.78900,1,25,16777215,1625394045,0,925a41f,51512276786085891",哈哈哈哈哈哈哈,0
"9.05900,1,25,16777215,1625393733,0,7c88b425,51512113010049031",3:05,0
"469.41200,1,25,16777215,1625393674,0,36cc24c1,51512082197118979",草,0
"6.77900,1,25,16777215,1625393583,0,9ff6a3fd,51512034597011463",塔塔开,0
"153.05100,1,25,16777215,1625393467,0,437bdda2,51511973843566597",前方高能,0
"42.44900,1,25,16777215,1625393333,0,437bdda2,51511903487262723",哈哈哈哈哈哈哈不能乞讨,0
"514.89900,5,25,15138834,1625393171,0,fa74a52a,51511818404233221",说得好,0
"344.26100,1,25,15138834,1625392509,0,f487c93a,51511471581429765",专业,0
"471.35700,1,25,16777215,1625392480,0,4183b08d,51511455944540163",哈哈哈,0
"307.73000,1,25,16777215,1625392328,0,4183b08d,51511376666951685",换个宇宙继续生活,0
"542.56900,1,25,16777215,1625392293,0,e693eaa1,51511358422777859",帅哥你谁,0
"66.44600,1,25,16777215,1625391810,0,8cf61ba5,51511104801079299",面,2
"32.04000,1,25,16777215,1625391538,0,e693eaa1,51510962163286021",又是你！游乐娃子,0
"530.32700,1,25,16777215,1625390812,0,97afbcfb,51510581893005319",帅哥你谁,0
"291.03800,1,25,16777215,1625390718,0,1b2f6514,51510532633001989",不懂就问，所以旁边的是马尔科吗（doge）,2
"526.39900,5,25,16707842,1625389884,0,393e99f4,51510095329099783",哈哈哈哈哈哈哈哈不行了都是神经病吧哈哈哈哈哈哈哈,0
"223.61900,1,25,16777215,1625389839,0,dd824440,51510071373332487",我竟你是个男人,3
"397.12600,1,25,16777215,1625389608,0,e86983a9,51509950318379013",谢谢你莱纳,0
"236.48700,1,25,16777215,1625389538,0,21c56edc,51509913715736583",整货,2
"50.58400,1,25,38979,1625389525,0,d9301fae,51509906929876997",哈哈哈哈哈,0
"541.93400,1,25,14811775,1625389324,0,23931d1f,51509801362915331",滑稽美少年：？？？,3
"547.51400,5,25,16707842,1625389058,0,23931d1f,51509662042292229",滑稽美少年：啥？,0
"224.85100,1,25,16777215,1625388634,0,cdfda442,51509439948128263",兰州？,2
"344.51700,1,25,16777215,1625388079,0,e93af179,51509148575596547",哈哈哈哈哈哈哈,0
"537.78300,1,25,16777215,1625387842,0,277ae0f6,51509024730906631",帅哥你谁？,0
"383.37100,1,25,16777215,1625387714,0,277ae0f6,51508957472620547",嗯？？？！嗯嗯嗯嗯？？！！！！,3
"453.29800,1,25,16777215,1625387690,0,ca47460f,51508944598728711",可恶啊,2
"362.69100,1,25,16777215,1625387657,0,277ae0f6,51508927506939907",巨人金句出现了,0
"395.00700,1,25,16777215,1625387631,0,ca47460f,51508914040078343",正道的光,0
"329.15700,1,25,16777215,1625387606,0,277ae0f6,51508900874158083",42姐就要来不起了,1
"273.25700,1,25,16777215,1625387510,0,ca47460f,51508850189664261",来了气氛来了,0
"224.39400,1,25,16777215,1625387461,0,ca47460f,51508824586584071",当场社死,3
"217.20500,1,25,16777215,1625387441,0,277ae0f6,51508814078803975",巨型社死现场好吗！！！！！！,2
"217.20500,1,25,16777215,1625387419,0,277ae0f6,51508802831253507",我来不起了，不敢看了，替人尴尬的毛病又犯了,1
"175.81500,1,25,16777215,1625387349,0,277ae0f6,51508766209736709",一对上眼就憋不住了,1
"161.23700,1,25,16777215,1625387306,0,277ae0f6,51508743300972551",嚯哈哈哈哈哈莱纳好自觉,0
"114.81000,1,25,16777215,1625387201,0,277ae0f6,51508688277471235",哈哈哈哈哈哈哈哈哈救命,0
"92.87900,1,25,16777215,1625387171,0,277ae0f6,51508672825655301",一路尴尬,1
"168.07900,1,25,16777215,1625386943,0,73bf3b38,51508553330458627",哈哈哈哈哈,0
"396.99400,1,25,16777215,1625386489,0,34562ab6,51508315289026567",尴尬死了,1
"82.03300,1,25,16777215,1625386310,0,34562ab6,51508221477126149",你坐啊,2
"314.73800,1,25,16777215,1625386116,0,2e27b1ee,51508119759486981",尴尬的我起了鸡皮疙瘩哈哈哈哈,0
"127.49000,1,25,16777215,1625386091,0,35623784,51508106496049157",好尬,1
"42.34500,5,25,15138834,1625385959,0,ae834e47,51508037168398339",载入史册的一刻,0
"530.47300,5,25,15138834,1625385846,0,ae834e47,51507978144579591",帅哥你谁,0
"264.93700,5,25,15138834,1625385404,0,ae834e47,51507746156052485",为了你的尴尬，我献出我的硬币,0
"272.02800,1,25,16777215,1625385332,0,7e6fc06a,51507708514795527",原来是你,3
"395.13900,1,25,16777215,1625383953,0,6db5b093,51506985386901511",谢谢你莱纳,0
"395.73400,1,25,16777215,1625383447,0,e6c7a4ba,51506720483049477",好！！！,0
"336.29600,1,25,16777215,1625382837,0,316e5aba,51506400700923909",前方高能,0
"105.49000,1,25,16777215,1625382509,0,5689f814,51506228721876999",我已经开始尴尬了,1
"159.22200,5,25,15772458,1625382501,0,c83ff2df,51506224448405507",《条件反射》,0
"330.92100,1,25,16777215,1625380946,0,30cdcff6,51505408854982659",帝君来参加漫展，一定有他的深意,0
"46.65800,1,25,16777215,1625380427,0,8c53d70a,51505137016373251",阿哈哈哈哈哈哈哈哈哈哈哈哈,0
"192.15800,5,25,15138834,1625380299,0,de4d8a13,51505069806845957",哈哈哈哈哈哈哈哈哈哈哈,0
"141.88100,1,25,16777215,1625379718,0,e11ae51,51504765062348807",哈哈哈哈哈哈哈,0
"448.42200,4,25,15772458,1625379281,0,f732812,51504536339087367",阿贝多老师快跑啊！！！,3
"539.43900,1,25,16777215,1625379171,0,6863fdd9,51504478405787653",up主涂个润唇膏吧,0
"535.28900,1,25,16777215,1625378519,0,53dd584c,51504136363966469",草你居然这么帅,0
"9.83000,1,25,16777215,1625377429,0,51b7f640,51503565102907395",444万,0
"65.55000,1,25,16777215,1625376966,0,fe7838ab,51503322392690693",哈哈哈哈,0
"41.90300,1,25,16777215,1625376931,0,fe7838ab,51503303753728007",哈哈哈哈哈,0
"121.38700,1,25,16777215,1625376896,0,a0274f16,51503285620703239",哈哈哈哈哈哈哈哈哈,0
"10.79100,1,25,15772458,1625376824,0,c70ad7e7,51503247837364227",经典永流传,0
"191.82600,1,25,16777215,1625376651,0,263b981e,51503157036974085",旁边的香香,0
"204.92300,5,25,16707842,1625375826,0,2aa62bdc,51502724812898309",我是伞兵,0
"257.59000,1,25,16777215,1625375745,0,3ed7f531,51502682115407875",真的越看越像柯达,0
"46.45900,1,25,16777215,1625375282,0,a521aa0d,51502439688830981",笑死我了,0
"464.94700,1,25,16777215,1625375248,0,bb0d9252,51502421866708999",说来就来,0
"366.63000,1,25,16777215,1625375139,0,1d5a0cb9,51502364753395719",哈哈哈哈哈,0
"336.79000,1,25,16777215,1625375107,0,1d5a0cb9,51502347766464519",？？？？,3
"0.09900,5,25,15138834,1625374673,0,1f9c3612,51502119990591491",444.4万播放狂喜,0
"44.81900,1,25,16777215,1625374583,0,ef634a6e,51502072884363269",哈哈哈哈哈哈哈哈哈,0
"529.75600,1,25,16777215,1625374321,0,4b53fe2f,51501935420768261",帅哥你谁,0
"490.08200,5,25,15138834,1625374271,0,14535b1f,51501909279244291",KOKO=QQ,0
"377.24100,1,25,16777215,1625374095,0,9c2f7160,51501817295536133",哈哈哈哈哈哈哈哈哈哈哈哈哈哈,0
"308.19400,1,25,16777215,1625374026,0,9c2f7160,51501781057798147",哈哈哈哈哈哈哈哈哈哈,0
"191.63600,1,25,16777215,1625373550,0,7782d45,51501531627782151",香香,0
"69.69800,1,25,16777215,1625373467,0,ebd06444,51501487878569987",艾伦你坐啊,2
"277.60200,1,25,16777215,1625373454,0,c028310b,51501480837382149",好家伙东北虎,0
"450.57900,1,25,16777215,1625373324,0,cdf3761b,51501412813111299",阿贝多老师,0
"131.13300,1,25,16777215,1625373002,0,bce22128,51501243923693571",塔塔开，塔塔开！,0
"62.54000,1,25,16777215,1625372947,0,bca6fd6e,51501215303860231",绝活,0
"311.31800,1,25,16777215,1625372199,0,4cd3db91,51500823005888519",塔塔开！塔塔开！塔塔开！,0
"144.45900,1,25,16777215,1625372058,0,ce4da3d1,51500749245382661",好活当赏,0
"62.52600,1,25,16777215,1625371591,0,1d0142eb,51500504321097733",哈哈哈哈哈哈哈哈哈哈哈哈哈哈哈,0
"391.17900,1,25,16777215,1625371431,0,c8351c1e,51500420589682695",莱纳终于硬气了一回,2
"370.09100,5,25,15138834,1625370402,0,24b94222,51499880941092871",荣誉马莱人瞧不起艾尔迪亚人,2
"207.55800,1,25,16707842,1625369557,0,124cc7e5,51499437667647495", ◤◢◤◢◤◢◤◢◤◢◤◢WARNING WARNING WARNING 前方高能 WARNING WARNING WARNING◤◢◤◢◤◢◤◢◤◢,0
"473.89400,5,25,6830715,1625369528,0,4e76eb13,51499422545608707",雷赛卧槽,2
"517.96500,1,25,16777215,1625368905,0,8283a954,51499096129667079",哈哈哈哈哈哈,0
"476.80500,1,25,16777215,1625368862,0,8283a954,51499073381859331",《天才炼金术士》,0
"376.62500,1,25,16777215,1625368756,0,8283a954,51499017712435203",草,0
"364.30500,1,25,16777215,1625368741,0,8283a954,51499010211446789",hhhhhhhhhhhh,0
"176.21900,1,25,16777215,1625368550,0,8283a954,51498910146887687",银桑,0
"2.31900,1,25,16777215,1625368371,0,8283a954,51498816107446279",原来是你,3
"155.57900,1,25,16777215,1625367922,0,c85bbd81,51498580916043783",莱纳,0
"224.21100,1,25,16777215,1625367836,0,ac9bf4cf,51498535625424901",社死了哈哈哈,0
"290.73400,5,25,41194,1625367736,0,1ac08d74,51498483318784003",艾伦，罗德岛需要像你这样自由的干员,0
"537.42200,1,25,16777215,1625367595,0,9e7f971d,51498409069117445",j,0
"511.89400,1,25,16777215,1625367510,0,5565887f,51498364701245447",哈哈哈哈哈,0
"232.65000,1,25,16777215,1625367231,0,5565887f,51498218285957125",哈哈哈哈,0
"161.03500,1,25,16777215,1625367159,0,5565887f,51498180772626435",哈哈哈哈哈哈,0
"277.03900,1,25,16777215,1625366981,0,cb0fe2bc,51498087238074373",大爷笑死了,0
"158.99900,1,25,16777215,1625366848,0,cb0fe2bc,51498017824964613",惠惠子,0
"175.20700,1,25,16777215,1625366240,0,a9046d51,51497699019063301",哈哈哈哈哈哈哈哈哈哈,0
"116.49800,1,25,16777215,1625366178,0,a9046d51,51497666359066631",哈哈哈哈哈哈哈哈哈哈,0
"45.30900,1,25,16777215,1625366119,0,a9046d51,51497635628449799",哈哈哈哈哈哈哈哈哈哈,0
"61.29900,1,25,16777215,1625365476,0,5565887f,51497298132205573",哈哈哈哈,0
"129.05900,1,25,16777215,1625365092,0,44857ce3,51497097165799427",兵长呢？给他来两脚，让他清醒一下,2
"79.87600,1,25,16777215,1625364748,0,700e69c,51496916447395845",一车厢coser,0
"66.64200,1,25,16777215,1625364725,0,700e69c,51496904562835461",笑死,0
"389.69800,1,25,16777215,1625364509,0,7b987d97,51496791539974151",大快人心,0
"335.01900,1,25,16777215,1625364501,0,2110f13b,51496787030573059",孝死我了,0
"59.97900,1,25,16777215,1625364405,0,87ed8953,51496736695255043",已经开始尴尬了,1
"167.98600,1,25,16777215,1625364206,0,7b987d97,51496632223531015",莱纳我跟你是一样的,0
"36.19500,1,25,16777215,1625363989,0,d8275c2b,51496518788579333",整活王,0
"173.80100,4,25,16777215,1625362726,0,e16e20c3,51495856526327813",bgm：立体机动装置,0
"292.36500,5,25,15138834,1625362373,0,3e6e0f93,51495671440605187",梦 幻 联 动,0
"292.36500,5,25,15138834,1625362360,0,3e6e0f93,51495664551985155",恶魔VS恶魔,3
"292.36500,5,25,15138834,1625362340,0,3e6e0f93,51495653913133061",两    岛     会     晤,0
"259.65400,1,25,16777215,1625362099,0,e3a41a52,51495527700234243",原来是你,3
"342.05100,5,25,41194,1625361173,0,75b20daa,51495042543517701",巅峰对决,0
"102.87500,1,25,16777215,1625359542,0,761664ff,51494187271454723",浓度开始飙升,1
"211.00500,1,25,16707842,1625358312,0,99235a95,51493542235734019",宣 战 布 告,0
"510.96900,5,25,15138834,1625357809,0,b7fa43cc,51493278530404357",哈哈哈哈哈,0
"449.95100,5,25,15138834,1625357772,0,b7fa43cc,51493258966073351",哈哈哈哈,0
"277.73700,5,25,15138834,1625357664,0,b7fa43cc,51493202617171973",虎子,0
"534.81400,1,25,16777215,1625357340,0,1b499c84,51493032557019139",草帅哥你谁,0
"58.09800,1,25,16777215,1625355261,0,229f436,51491942833324039",塔塔开！,0
"345.57900,1,25,16777215,1625355177,0,8041094e,51491898495336453",专业,0
"390.98900,1,25,16777215,1625345532,0,bc63117d,51486841900630023",我不到啊,3
"469.93000,1,25,16777215,1625339556,0,12ec2de,51483708895002629",牛逼哈哈哈,0
"221.98800,1,25,16777215,1625339275,0,12ec2de,51483561213558789",牛逼,0
"192.58500,1,25,16777215,1625336186,0,909c0d47,51481941962129415",哈哈哈哈哈哈哈xswl,0
"184.74500,1,25,16777215,1625336159,0,909c0d47,51481927673708549",哈哈哈哈哈哈哈,0
"232.05400,1,25,16777215,1625334482,0,f68f588,51481048707497989",哈哈哈哈哈哈哈,0
"373.70400,1,25,16777215,1625332449,0,72d6eeb0,51479982573617157",人才哈哈哈哈哈哈哈哈,0
"489.38700,1,25,16777215,1625332183,0,da0c1249,51479843074736131",哈哈哈哈哈哈哈,0
"211.13900,1,25,16777215,1625332173,0,943d2e30,51479838109728771",前方刘能,0
"430.04700,1,25,16777215,1625332106,0,da0c1249,51479802985054215",路人直接跑路,3
"394.91900,1,25,16777215,1625332036,0,da0c1249,51479766114500611",谢谢你，莱纳,0
"469.75300,1,25,16777215,1625331678,0,6509208a,51479578485981189",彩笔？,2
"40.68900,5,25,16646914,1625331597,0,10eec32,51479535792160775",草，笑麻了,0
"336.51500,5,25,16776960,1625331127,0,e7e64e12,51479289519407111",某声悠？,2
"53.45800,1,25,16777215,1625330525,0,836c14f9,51478973848748037",老铁请用日语不然他听不懂,2
"117.99300,1,25,16777215,1625330304,0,38640146,51478858135764997",蚌埠住了 币我给了 溜溜球,0
"399.23900,1,25,16777215,1625329795,0,7514c4bd,51478591009456131",哈哈哈,0
"512.13100,1,25,16777215,1625329713,0,712899ec,51478548204486661",裂开,1
"537.43600,1,25,16777215,1625329478,0,ade59ac9,51478425213861895",原来是你,3
"105.25900,1,25,16777215,1625329317,0,8795f0db,51478340562845699",福瑞控是吧？,2
"226.32700,1,25,16777215,1625329166,0,7524ba53,51478261634433027",勇士,0
"160.11300,1,25,16777215,1625329166,0,6b41f0a4,51478261618704387",阿斯玛：我也坐吧,0
"178.49200,1,25,16777215,1625329095,0,2bfacd03,51478224010477573",团兵街前面是银魂，这个阿银估计是那溜过来的,3
"13.21100,1,25,16777215,1625328950,0,7524ba53,51478147942580229",这标题精神正常吗,2
"332.07300,1,25,16777215,1625328202,0,54a19ea0,51477755813429253",戦う、戦う、戦う ,0
"324.39000,1,25,16777215,1625328172,0,54a19ea0,51477740264095747",戦う、戦う、戦う ,0
"530.66400,5,25,16707842,1625328078,0,eb100d0f,51477691194933251",帅哥你谁？,0
"355.94700,1,25,16777215,1625327876,0,c1271c32,51477584929095683",这不是刚开始的那个,2
"46.40600,1,25,16777215,1625327848,0,95d0cccc,51477570426241029",哈哈哈哈哈哈哈哈笑死我啦,0
"186.57700,1,25,16777215,1625327683,0,c1271c32,51477484092260357",lo服妹表情瞩目,0
"165.37900,1,25,16777215,1625327511,0,dd6bf877,51477393661493255",哈哈哈哈哈哈哈哈哈哈哈,0
"449.92600,1,25,16777215,1625327509,0,197fb2eb,51477392722493445",阿贝多老师快跑啊！！！！！,3
"452.37400,1,25,16777215,1625327212,0,98349a0f,51477236764114947", 反复社死,2
"122.16800,1,25,16777215,1625327027,0,85638ae0,51477139842138117",鞋。。。,0
"139.48900,1,25,16777215,1625327022,0,4d8eae94,51477137318739971",塔塔开！！哈哈哈哈,0
"389.28400,1,25,15138834,1625327004,0,bcb74e12,51477127819689991",好像哪里不对,1
"350.03000,1,25,15138834,1625326949,0,bcb74e12,51477098857496583",遇到对手了,0
"258.12500,1,25,15138834,1625326830,0,bcb74e12,51477036825313283",莱纳，你来辣,2
"522.45000,1,25,16777215,1625326801,0,2632b98,51477021219880963",帅哥你谁?,0
"465.59800,1,25,16777215,1625326705,0,2632b98,51476971101093895",ohhhhhhhhh,0
"142.73400,1,25,15138834,1625326680,0,bcb74e12,51476958185259013",保安：怎么办？好想把他赶出去啊,2
"431.23800,1,25,16777215,1625326665,0,2632b98,51476949884207109",啊哈哈哈哈哈哈,0
"465.23700,1,25,16777215,1625326276,0,7e7b68db,51476746286399493",我已经尬死了 打扰了 告辞,1
"372.86500,1,25,16777215,1625326254,0,77d28caf,51476734889951237",世界名画,0
"219.08100,1,25,16777215,1625326074,0,77d28caf,51476640180994115",救命哈哈哈哈哈哈,0
"33.21300,1,25,15138834,1625325764,0,5eeeaa50,51476477958422531",因为已经没有什么好失去的了,1
"313.47000,1,25,16777215,1625324867,0,e0563efc,51476007618609155",戦い,0
"229.71300,1,25,16777215,1625324265,0,47e01d57,51475691698913283",你好字由,0
"446.20100,5,25,11890,1625324213,0,cf597c10,51475664765714439",刚才瞄到一只MIKU酱！,3
"286.96700,1,25,16777215,1625323510,0,2d9c4bbc,51475296143015943",哈哈哈哈哈哈哈哈哈哈哈哈哈哈哈哈哈哈哈哈哈,0
"63.63600,1,25,16777215,1625323461,0,8c3de460,51475270441369605",哈哈哈哈哈哈哈哈哈,0
"70.35000,1,25,16777215,1625323460,0,65c4ae3f,51475269795446791",哈哈哈,0
"48.02000,1,25,16777215,1625323441,0,8c3de460,51475259804090373",哈哈哈哈哈哈哈哈,0
"167.55700,1,25,16777215,1625323374,0,2d9c4bbc,51475224699863043",笑死了哈哈哈哈哈哈哈,0
"498.25500,5,25,38979,1625323156,0,72e88f74,51475110681378823",dio的女儿↑,0
"141.43900,1,25,16777215,1625323090,0,19140e5,51475075710320643",传 销 大 师,0
"116.05800,1,25,16777215,1625322990,0,35773f64,51475023608676355",那个黑裙子的好好看,0
"508.52400,1,25,16777215,1625322877,0,d9063721,51474964385103877",阿哲......,0
"468.65900,1,25,16777215,1625322838,0,d9063721,51474943491702791",哈哈哈哈哈哈,0
"423.89000,1,25,16777215,1625322680,0,d9063721,51474861030113285",身材可以啊,0
"377.14500,1,25,16777215,1625322619,0,d9063721,51474828971999239",666666,0
"522.53800,1,25,16777215,1625322444,0,954c2864,51474737267736579",说得好,0
"280.87200,1,25,16777215,1625322373,0,8733e84e,51474699759648771",哈哈哈哈哈哈哈哈哈哈哈哈哈哈,0
"225.74700,1,25,16777215,1625322350,0,541453ba,51474687779667975",Up换一个宇宙生活吧,0
"165.17200,1,25,16777215,1625322234,0,8733e84e,51474627148906503",哈哈哈哈哈哈哈哈哈哈哈哈,0
"194.11000,1,25,16777215,1625321362,0,26ad546a,51474169871204357",哈哈哈哈哈我列表疯狂转这个横幅,0
"535.94300,1,25,16777215,1625321350,0,7a4d54b5,51474163609632771",帅哥你谁,0
"261.15100,1,25,16777215,1625321097,0,7a4d54b5,51474031062810629",原来是你！哈哈哈哈哈哈哈,0
"320.50300,1,25,16777215,1625320306,0,6e51947a,51473616052158467",42姐草,0
"225.17900,1,25,16777215,1625319952,0,d89b1ce3,51473430441623555",草,0
"231.49100,1,25,16777215,1625319936,0,b89b1ad8,51473422342946821",哈哈哈哈哈哈哈哈哈哈哈哈哈,0
"346.53700,1,25,16777215,1625319917,0,ec465139,51473412429709315",专业对口,0
"270.07800,1,25,16777215,1625319836,0,ec465139,51473369726451717",行为艺术,0
"160.16100,1,25,16777215,1625319832,0,b89b1ad8,51473367446323207",哈哈哈哈哈哈哈哈哈哈哈哈哈,0
"226.21700,1,25,16777215,1625319786,0,ec465139,51473343532498949",牛逼,0
"370.39900,1,25,16777215,1625319635,0,954c2864,51473264233414661",世界名画,0
"276.11400,5,25,41194,1625319539,0,1df2d5bd,51473214035984391",东 北 虎,0
"257.47900,1,25,16777215,1625319488,0,954c2864,51473187207643143",原来是你,3
"177.10600,1,25,41194,1625319409,0,1df2d5bd,51473145712345091",银酱!,0
"521.67900,1,25,16777215,1625319044,0,d7219b6d,51472954578960389",说得好,0
"304.78600,1,25,16777215,1625318987,0,9529a480,51472924546170883",好活,0
"310.92600,1,25,16777215,1625318960,0,d2549af0,51472910358413319",塔塔开！！！！！！,0
"555.27900,1,25,16777215,1625318413,0,4a8b5fb,51472623508389895",比游乐王子的时候帅了好多,0
"465.83900,1,25,16777215,1625318394,0,86559eaa,51472613551112197",我一个人在房间笑的直打滚哈哈哈哈哈哈,0
"475.80100,1,25,16777215,1625318333,0,4a8b5fb,51472581842698243",哈哈哈哈哈,0
"333.67900,1,25,16777215,1625318218,0,86559eaa,51472521375514629",哈哈哈哈哈哈哈哈哈哈哈哈哈哈哈哈哈哈哈哈哈哈哈哈哈哈,0
"402.32900,1,25,16777215,1625316908,0,3a4c0e1e,51471834732298247",舒服了,0
"421.28700,1,25,16707842,1625316657,0,aa5dce5,51471702824583173",好大的赛亚人啊,3
"355.16700,1,25,16707842,1625316575,0,aa5dce5,51471660249776131",莱纳，你坐啊,2
"312.04700,1,25,15138834,1625316525,0,aa5dce5,51471634133942275",塔塔开,0
"438.71900,1,25,16777215,1625316485,0,4955298c,51471612867248133",夺笋啊,0
"277.98700,1,25,15138834,1625316484,0,aa5dce5,51471612625551365",东北虎子,0
"225.96700,1,25,15138834,1625316338,0,aa5dce5,51471536048570373",快逃离这个地球吧,1
"221.90700,1,25,15138834,1625316327,0,aa5dce5,51471529866166279",哈哈哈哈哈哈哈哈,0
"164.29400,1,25,15138834,1625316253,0,aa5dce5,51471491344629765",莱纳太自觉了,0
"134.63400,1,25,15138834,1625316214,0,aa5dce5,51471470777860099",塔塔开!,0
"116.11400,1,25,16777215,1625316182,0,aa5dce5,51471454138531845",哈哈哈哈哈哈,0
"387.57900,1,25,15138834,1625316123,0,f30e3126,51471422974328835",莱纳站起来了！,0
"45.31400,1,25,16777215,1625316107,0,aa5dce5,51471414759784451",哈哈哈哈哈哈哈哈,0
"25.57400,1,25,16777215,1625316085,0,aa5dce5,51471403193466885",已经开始笑了,0
"18.11400,1,25,16777215,1625316074,0,aa5dce5,51471397148426309",哈哈哈哈哈哈哈哈,0
"402.25700,5,25,15138834,1625315872,0,f6709510,51471291289960453",“”解放天性,0
"228.29900,5,25,15772458,1625315865,0,98202c3f,51471287778279431",哈哈哈哈脚趾扣出的芭比城堡被我踩塌了,0
"274.60000,1,25,16777215,1625315853,0,359a10f0,51471281461133317",大爷,0
"165.42200,1,25,16777215,1625315803,0,481372ca,51471255142924291",哈哈哈哈哈哈,0
"226.19800,1,25,16777215,1625315562,0,fbaeaa7b,51471129205800963",哈哈哈哈哈哈哈哈哈哈,0
"67.53900,1,25,16777215,1625315448,0,4f35646c,51471069460561925",hhhhhh哈哈哈哈哈哈,0
"467.48800,1,25,16777215,1625315389,0,6b7f5ddc,51471038525997063",哈哈哈哈哈是个狠人,0
"392.41500,1,25,16777215,1625315306,0,6b7f5ddc,51470994927255619",哈哈哈哈哈哈哈哈,0
"162.05500,1,25,16777215,1625315071,0,6b7f5ddc,51470871645126663",草，哈哈哈哈哈哈哈哈哈,0
"61.58500,1,25,16777215,1625314961,0,6b7f5ddc,51470813654155269",艾伦，你坐啊,2
"496.62500,1,25,16777215,1625313484,0,5b6ff11,51470039686578179",我们颁奖就用着bgm,0
"270.41900,1,25,16777215,1625312795,0,a6195f40,51469678390804485",召唤莱纳,3
"405.31000,1,25,16707842,1625312396,0,a3fb305d,51469468955574279",解放天性,0
"83.76100,1,25,16777215,1625312216,0,a1c691c2,51469374858461187",哈哈哈哈哈哈,0
"60.36600,1,25,16777215,1625312151,0,a1c691c2,51469340703719429",笑死我了,0
"330.77300,5,25,15772458,1625311425,0,3e6e0f93,51468960260423687",默默站着后面的钟离大爷,3
"530.71100,1,25,16777215,1625311197,0,1a0f0db5,51468840407138311",帅哥你谁？,0
"518.10900,1,25,16777215,1625311166,0,589131d2,51468824026808327",哈哈哈哈哈哈哈哈说得好,0
"60.56600,1,25,16777215,1625310876,0,36cbc55a,51468671971229699",哈哈哈哈哈奶奶人好好,0
"273.43900,1,25,16777215,1625310541,0,b64ca872,51468496328982535",原来是你,3
"192.54100,5,25,15138834,1625310157,0,3e6e0f93,51468294980370435",尊重爱情，不要地鸣,2
"243.18300,1,25,16777215,1625310076,0,295bc0af,51468252871655429",反地鸣？,2
"508.43900,1,25,16777215,1625310051,0,c034a166,51468239569420295",双重社死,2
"65.57700,5,25,15138834,1625309987,0,3e6e0f93,51468205843021827",艾伦，你坐啊,2
"98.27000,5,25,15772458,1625309773,0,6ed6f7b3,51468093812637703",啊啊啊日向！！,0
"347.48200,1,25,16777215,1625309078,0,1b631ae0,51467729609687045",哈哈哈哈哈,0
"354.84900,1,25,16777215,1625308802,0,a170b648,51467584854818819",草,0
"262.39300,1,25,16777215,1625308745,0,bf36e959,51467554928984069",漫展乞讨。,1
"286.84500,1,25,16777215,1625308567,0,a170b648,51467461597855747",草,0
"165.22300,1,25,16777215,1625308031,0,91ed6c17,51467180333072391",哈哈哈哈哈哈哈,0
"224.04100,1,25,16777215,1625307790,0,827e2e53,51467054102347781",笑死我了但是确实（,0
"482.21500,1,25,16777215,1625307716,0,75685a52,51467015361658885",牛逼,0
"544.29700,1,25,16777215,1625307691,0,395f2e1d,51467002274381829",杜飞你谁？,2
"105.64300,5,25,15138834,1625307644,0,837ee79d,51466977546862595",迎面走过去一个旗袍年,0
"387.93900,1,25,16777215,1625307424,0,62cace4a,51466862188822533",哈哈哈哈哈哈哈哈哈,0
"263.57900,1,25,16777215,1625307296,0,62cace4a,51466795481038917",哈哈哈哈哈哈,0
"163.25900,1,25,16777215,1625307194,0,62cace4a,51466741666545669",哈哈哈哈哈,0
"248.07900,1,25,16777215,1625307181,0,12f723eb,51466734746992645",原来就是你这个b哈哈哈哈哈哈哈,0
"93.26800,1,25,14811775,1625306920,0,2862a6f1,51466597935087619",小圆！！！！！！！！！！！！！！！！,0
"91.98900,1,25,16777215,1625306905,0,2862a6f1,51466590150983683",看到后面的杏子酱和麻美学姐了！！！！,0
"221.44200,5,25,15138834,1625306677,0,fcb7da70,51466470650019843",地   鸣   宣   言,0
"345.30900,1,25,38979,1625306048,0,f232c907,51466140703522821",桃奈悠悠？,3
"345.30900,1,25,16777215,1625306037,0,f232c907,51466135105699843",卧槽这不是桃奈悠悠吗,3
"423.69800,1,25,16776960,1625305821,0,17cd9f32,51466021715312645",这个假毛爱了,0
"226.40900,5,25,16707842,1625305242,0,f531a18b,51465718555738115",和世界对立 向 世界宣战,2
"113.27800,1,25,16707842,1625305086,0,f531a18b,51465636579639301",好家伙给我都尬住了,0
"264.55700,1,25,16777215,1625304491,0,871436f,51465324797100035",太尬了,1
"223.63700,1,25,16777215,1625304446,0,871436f,51465300850769927",哈哈哈,0
"109.27600,1,25,16777215,1625304329,0,871436f,51465239752867843",优菈,0
"280.00300,4,25,16707842,1625303573,0,bf950040,51464843154685957",小姐姐cos点应该是aga的比良坂小天使,0
"587.02500,5,25,38979,1625303443,0,d51d60b,51464775253098499",↓↓↓巴巴托斯干点正事吧↓↓↓,0
"457.79000,1,25,16777215,1625303214,0,d51d60b,51464655105163267",帽子戏法,0
"64.60300,1,25,16777215,1625302982,0,6f70eab2,51464533677965319",艾伦，你坐啊,2
"68.41800,1,25,16777215,1625302741,0,69d50c3d,51464406938157059",艾伦可没有穿过aj,2
"2.01900,1,25,16777215,1625302555,0,c6e7e4b5,51464309589934083",塔塔开,0
"237.90200,1,25,16777215,1625302204,0,6c5e51ad,51464125423288327",蚌埠住了,0
"215.59000,1,25,16777215,1625302175,0,6c5e51ad,51464110059028549",大型社死现场,0
"407.13900,1,25,16777215,1625301884,0,f083fbf7,51463957722955781",谢谢你 莱纳,0
"383.20900,1,25,16777215,1625301787,0,25fd8a9f,51463907089317893",这还是个东北的莱纳,2
"43.46700,5,25,16777215,1625301421,0,db73f01b,51463714859646983",草，我刚刚喝下去的一口水卡在喉咙不上不下,1
"509.86500,1,25,16777215,1625301037,0,f18d0c54,51463513571328007",阿贝多老师要移民了（doge）,0
"40.64300,1,25,16777215,1625299709,0,263af971,51462817512947719",节目效果拉满哈哈哈哈哈,0
"398.13700,1,25,16777215,1625299111,0,e131823d,51462503946780677",好活,0
"313.08600,1,25,16777215,1625299099,0,817befc9,51462497608663045",塔塔开,0
"344.77800,1,25,16777215,1625299032,0,e131823d,51462462386995205",过于专业,2
"254.39800,1,25,16777215,1625299025,0,817befc9,51462458822361091",dy刷到了救命,3
"314.24100,1,25,16777215,1625298988,0,e131823d,51462439368130565",塔塔开,0
"224.44600,1,25,16777215,1625298987,0,817befc9,51462438810288133",你币有了,0
"191.25100,1,25,16777215,1625298941,0,817befc9,51462414726594565",香香！,0
"278.53900,1,25,16777215,1625298936,0,e131823d,51462412197429255",哈哈哈哈哈哈哈哈哈哈,0
"171.15400,1,25,16777215,1625298833,0,c7e575f1,51462358355148805",银桑,0
"166.95800,1,25,16777215,1625298772,0,e131823d,51462325991899141",哈哈哈哈哈哈哈哈哈哈笑拉了,0
"66.92000,1,25,16777215,1625298760,0,817befc9,51462319847768071",哈哈哈哈哈哈哈哈哈哈哈哈哈哈,0
"140.07800,1,25,16777215,1625298737,0,e131823d,51462307702636551",社死了已经,1
"40.59500,1,25,16777215,1625298725,0,817befc9,51462301638721543",笑死我了,0
"47.61900,1,25,16777215,1625298706,0,10819a89,51462291562954755",哈哈哈哈哈哈哈哈哈哈哈哈哈哈哈哈哈哈哈哈,0
"74.73900,1,25,16777215,1625298658,0,e131823d,51462266290700293",哈哈哈哈哈哈哈哈哈哈,0
"352.80300,5,25,15772458,1625298372,0,5c72172a,51462116528881667",诱捕成功,0
"262.96100,5,25,15772458,1625298253,0,5c72172a,51462054263390213",莱 纳 诱 捕 器,2
"12.90000,5,25,16646914,1625298061,0,9e15ef79,51461953619492871",所以为什么是复联的bgm,2
"80.29000,1,25,16777215,1625297832,0,1315f66d,51461833153839107",惊现艾伦转圈圈,3
"329.96800,1,25,16777215,1625295936,0,63df702c,51460839525842951",说出了我的心声,1
"329.23500,1,25,16777215,1625295917,0,63df702c,51460829504602117",因为妈妈好吃！,0
"125.33100,1,25,16777215,1625295465,0,f7903b18,51460592224960517",恍恍惚惚红红火火,0
"275.27800,1,25,16777215,1625295013,0,6ac8d617,51460355351642117",东北虎笑死,0
"223.80100,5,25,16777215,1625294941,0,6ac8d617,51460317795319811",灭  世  宣  言,0
"68.28600,1,25,16777215,1625294822,0,cfaebf1,51460255463243781",哈哈哈哈哈哈哈哈哈哈哈,0
"61.72100,1,25,16777215,1625294813,0,cfaebf1,51460250600996867",哈哈哈哈哈哈哈哈哈哈哈哈哈哈,0
"319.91000,1,25,38979,1625294682,0,c6a0ad1e,51460181612560453",男妈妈，害怕,3
"175.82500,1,25,16777215,1625294524,0,c6a0ad1e,51460098983723015",银桑！,0
"168.70100,5,25,16646914,1625294409,0,f8840d08,51460038873055235",团兵！！,0
"225.01800,1,25,16777215,1625294229,0,e2f3bec2,51459944413134851",医学奇迹,0
"166.02200,1,25,16777215,1625294167,0,e86983a9,51459911840169989",莱纳好自觉啊,0
"47.41900,1,25,16777215,1625294019,0,e86983a9,51459834498252805",哈哈哈哈,0
"450.09100,1,25,16777215,1625293808,0,286fe9a2,51459723836260355",好像华晨宇这个人,0
"368.10300,1,25,16777215,1625293710,0,86469d81,51459672059150403",名场面,0
"268.30600,1,25,16777215,1625293591,0,86469d81,51459609609109509",行为艺术,0
"148.02400,1,25,16777215,1625293531,0,13e8ff8b,51459578160742403",后面的何健 草,0
"183.59100,1,25,16777215,1625293439,0,16d8058f,51459530175283205",尬死了,0
"10.10600,1,25,16777215,1625292199,0,d42f9c76,51458879927091205",讲道理！！！,2
"146.16000,1,25,16777215,1625292126,0,62fc6872,51458841564413959",只要你不尴尬，尴尬就是别人的,1
"73.20500,1,25,16777215,1625291982,0,62fc6872,51458766356873221",哈哈哈哈,0
"41.53800,1,25,16777215,1625291946,0,62fc6872,51458747483553795",哈哈哈哈哈,0
"268.50600,5,25,15138834,1625291298,0,3f803b3b,51458407490650119",行为艺术,0
"235.73400,5,25,15138834,1625291267,0,3f803b3b,51458391410212869",我的画被头发挡住了,3
"230.61300,5,25,15138834,1625291259,0,3f803b3b,51458387020349445",这才是真正的神呀,0
"97.68200,5,25,16707842,1625290983,0,2476044c,51458242641920007",日向翔阳！,0
"539.80100,1,25,16777215,1625290601,0,b9b0efae,51458042068729861",小魔王,0
"210.26900,1,25,15138834,1625290395,0,7d6b84e8,51457934178648067",前方超高能冥场面,0
"493.60000,1,25,16777215,1625289867,0,b3beebc8,51457657203064839",哈哈哈哈哈哈哈哈哈哈哈哈嗝,0
"136.69900,1,25,16777215,1625289440,0,221ef7e4,51457433394479109",尴尬癌犯了,1
"44.20100,1,25,16777215,1625289106,0,6a189410,51457258612064263",笑死我了~,0
"337.49100,5,25,16707842,1625288952,0,e4d83897,51457177587023877",黄狗人,2
"316.80100,1,25,16765698,1625288484,0,f67b7a09,51456932351311875",不要男妈妈，不要男妈妈,2
"288.28800,1,25,16765698,1625288452,0,f67b7a09,51456915587203075",断崖入职考试,0
"129.82900,1,25,16777215,1625288285,0,f67b7a09,51456827902656515",第一步先找两把椅子,0
"35.60200,1,25,16777215,1625288165,0,f67b7a09,51456765122314247",这才是真“脚折扮演”,0
"21.52600,1,25,16777215,1625288126,0,f67b7a09,51456744504688643",假发质量不错,2
"325.71500,1,25,16777215,1625287879,0,bd712da9,51456615320649735",你竟然问你42奶奶！,2
"5.09900,1,25,16777215,1625287719,0,f37c5f83,51456531364315139",再来一遍,0
"150.16200,1,25,16777215,1625287555,0,1302f628,51456445129424899",好尬啊,1
"269.69900,1,25,16777215,1625286632,0,2b59a6e2,51455961091538951",草,0
"162.03800,1,25,16777215,1625286552,0,2b59a6e2,51455919270658055",哈哈哈哈哈哈,0
"185.68000,1,25,16777215,1625286533,0,5c474b64,51455909544067079",神他妈打小就自由哈哈哈哈,0
"102.23600,1,25,16777215,1625286262,0,5c474b64,51455767470931971",有个西施,0
"91.05600,1,25,16777215,1625286149,0,46593f01,51455707999371269",巴）（麻美学姐和杏子在后面,0
"307.04100,1,25,16777215,1625286114,0,a2d7512b,51455689578512387",塔塔开,0
"447.71700,1,25,16777215,1625285107,0,4d65aabd,51455162050936837",康娜,0
"88.32700,1,25,15138834,1625285092,0,3fb7325a,51455153803362309",九头蛇万岁,0
"355.41500,1,25,16777215,1625283668,0,393e7d2f,51454407457374215",泪目,1
"441.90200,5,25,16707842,1625283614,0,bc281b40,51454378839113733",草，在现场,3
"511.30900,1,25,16777215,1625283142,0,1172e4e2,51454131586465795",社死了,0
"453.10900,1,25,16777215,1625283084,0,1172e4e2,51454101061369861",下套了,0
"432.95800,1,25,16777215,1625283064,0,1172e4e2,51454090515316739",？？？？,3
"392.35900,1,25,16777215,1625283022,0,1172e4e2,51454068635729923",反客为主,2
"385.01000,1,25,16777215,1625283015,0,1172e4e2,51454064778018819",好活！,0
"378.32300,1,25,16777215,1625283008,0,1172e4e2,51454061256376325",好活,0
"365.42500,1,25,16777215,1625282995,0,1172e4e2,51454054496731141",哈哈哈哈哈哈哈哈哈哈,0
"349.87100,1,25,16777215,1625282979,0,1172e4e2,51454046347198471",专业,0
"331.95300,1,25,16777215,1625282962,0,1172e4e2,51454036959297539",哈哈哈哈哈哈哈,0
"311.76200,1,25,16777215,1625282941,0,1172e4e2,51454026363961349",大佐,0
"294.10600,1,25,16777215,1625282924,0,1172e4e2,51454017114996739",哈哈哈哈哈,0
"123.50200,1,25,16777215,1625282916,0,6f652c87,51454012963684357",哈哈哈哈哈哈哈哈哈哈,0
"276.97800,1,25,16777215,1625282907,0,1172e4e2,51454008134991875",自带音响,0
"252.05700,1,25,16777215,1625282882,0,1172e4e2,51453995066064903",哈哈哈哈哈哈,0
"179.35800,5,25,41194,1625282869,0,a96906b4,51453988345741319",Gin桑！,0
"225.30600,1,25,16777215,1625282855,0,1172e4e2,51453981043458119",尴尬死了,1
"25.21200,1,25,16777215,1625282821,0,cb99273,51453963478237189",原来是你？？？！,3
"146.82700,5,25,15138834,1625282814,0,a96906b4,51453959647264773",前方转角遇到爱,0
"165.77300,1,25,16777215,1625282795,0,1172e4e2,51453949823680517",哈哈哈哈哈哈哈哈,0
"156.77100,5,25,16707842,1625282790,0,a96906b4,51453946982039557",危,3
"147.89500,1,25,16777215,1625282777,0,1172e4e2,51453940459896839",哈哈哈哈哈哈哈哈哈,0
"118.74200,1,25,16777215,1625282748,0,1172e4e2,51453925180571651",哈哈哈哈哈哈哈哈哈哈或,0
"79.17400,5,25,16777215,1625282703,0,1172e4e2,51453901310787591",两   极   分    化,2
"68.52600,1,25,16777215,1625282651,0,1172e4e2,51453874325684229",哈哈哈哈,0
"56.13500,1,25,16777215,1625282639,0,1172e4e2,51453867833425923",我想笑了,0
"69.43800,1,25,16777215,1625281872,0,f1bca5d9,51453465760104453",哈哈哈哈哈,0
"483.48300,1,25,16777215,1625281003,0,6d6a2f44,51453010012274693",红红火火恍恍惚惚,0
"14.63500,1,25,16777215,1625280836,0,380ed8f2,51452922532200451",讲道理,2
"539.13400,1,25,16777215,1625279237,0,aa5de48c,51452084183629829",帅哥你s ei,0
"77.97100,1,25,16777215,1625278651,0,df3f1b0e,51451776834469895",草,0
"386.27100,1,25,16777215,1625277973,0,1f2c09d6,51451421610999813",世界线变动！！！！,1
"265.87000,1,25,16777215,1625277820,0,1f2c09d6,51451341374488581",铠甲巨人诱捕器,0
"126.06900,1,25,16777215,1625277757,0,b1e98cfe,51451308357976133",说日语啊,2
"372.13800,1,25,16777215,1625277567,0,6a256c82,51451208692924421",不行了太离谱了这活,2
"346.39800,1,25,16777215,1625277532,0,6a256c82,51451190207578117",牛批,0
"269.97800,1,25,16777215,1625277451,0,6a256c82,51451148057968647",太牛了,0
"224.50600,1,25,16777215,1625277377,0,6a256c82,51451109037834247",芜湖,2
"184.28600,1,25,16777215,1625277332,0,6a256c82,51451085570179075",太好笑了,0
"167.88600,1,25,16777215,1625277313,0,6a256c82,51451075254812679",卧槽离谱命运的相遇,3
"60.83600,1,25,16777215,1625277095,0,1f2c09d6,51450961052303363",小伙子你来坐吧,0
"240.16500,5,25,16707842,1625276133,0,22f84cc0,51450456582914051",《好康的》,0
"5.10500,5,25,15138834,1625275931,0,22f84cc0,51450350700855301",灭人器,2
"227.32600,1,25,38979,1625274021,0,ba891e50,51449349530976259",连夜逃离地球,1
"502.47800,5,25,41194,1625273710,0,7f4e50a2,51449186350530565",《荣誉马莱人》,0
"508.97100,1,25,16777215,1625273651,0,ff134fff,51449155825434629",神踏马名誉马莱人哈哈哈哈哈哈哈哈,0
"467.19100,1,25,16777215,1625273576,0,ff134fff,51449116281536519",哈哈哈哈哈哈哈哈哈哈,0
"392.01900,5,25,11890,1625273570,0,7f4e50a2,51449113335037959",谢谢你莱纳,0
"280.43400,1,25,16777215,1625273556,0,cb7a025d,51449105848205319",白白！！！,0
"372.13900,1,25,16777215,1625273539,0,7f4e50a2,51449097019195395",世界名画,0
"341.90700,1,25,6830715,1625273492,0,7f4e50a2,51449072069902343",牛逼牛逼牛逼牛逼牛逼牛逼,0
"68.47000,1,25,16777215,1625273416,0,35d68f2f,51449032298987527",草,0
"376.13900,1,25,16777215,1625273386,0,8c39ca72,51449016633786373",笑死我了,0
"235.40900,1,25,16777215,1625273237,0,8c39ca72,51448938711482373",救命哈哈哈哈,0
"225.88300,1,25,16777215,1625273220,0,ff134fff,51448929504460807",把腿都喊好了！,0
"48.33900,1,25,6830715,1625273177,0,7f4e50a2,51448907311874051",哈哈哈哈哈哈,0
"194.34300,1,25,16777215,1625273174,0,ff134fff,51448905467953157",尊重爱情！不要地鸣！！！！！,2
"98.45700,1,25,16777215,1625273013,0,ff134fff,51448821145141251",有小太阳的地方就有我！！！,0
"65.69900,1,25,16777215,1625272921,0,ff134fff,51448773011308549",哈哈哈哈哈哈哈哈哈,0
"38.66200,1,25,38979,1625272781,0,e992eebc,51448699681243141",《地铁禁止乞讨》,2
"335.40100,1,25,16777215,1625268598,0,bb427a17,51446506471292931",双厨狂喜,0
"141.45100,1,25,16777215,1625255491,0,426e9234,51439634514182151",cp28真的是我有史以来排的最长的队伍,0
"71.31100,5,25,16777215,1625255408,0,c3a7de95,51439590798000135",《扮演法》,0
"163.56900,1,25,16777215,1625252408,0,7965f601,51438017932951555",哈哈哈哈哈哈哈哈哈哈哈哈哈哈哈哈哈哈哈哈哈哈哈哈哈哈哈哈哈哈哈哈哈哈哈哈哈哈哈哈哈哈哈哈哈哈哈哈哈哈哈,0
"15.98300,5,25,15138834,1625250037,0,68e8e0d1,51436774997098503",讲道理,2
"68.01000,1,25,16777215,1625249443,0,efc5bef9,51436463820636167",医学奇迹,0
"73.77900,1,25,16777215,1625247997,0,c376269d,51435705433849863",尬死我了,0
"467.85800,1,25,16777215,1625247684,0,22736e30,51435541411397635",哈哈哈哈哈哈哈哈,0
"335.13800,1,25,16777215,1625247514,0,22736e30,51435452384149507",？？哈哈哈哈哈哈哈,0
"541.46700,1,25,16777215,1625246942,0,7122bf96,51435152308436997",帅哥你谁啊,0
"532.83900,1,25,16777215,1625246290,0,ee8e1218,51434810367803397",帅哥你谁,0
"341.24500,1,25,16777215,1625245877,0,1469cd75,51434593831616517",wow,3
"341.50100,1,25,16777215,1625245865,0,1469cd75,51434587600977927",wow,3
"226.35300,1,25,16777215,1625243725,0,a272f604,51433465680756743",哈哈哈哈,0
"413.43800,1,25,16777215,1625242738,0,3a069ffb,51432948148207619",声音好像万合天宜的柯达,0
"390.81900,1,25,16777215,1625242334,0,f08fbbc8,51432736413450245",对刚流莱纳,0
"480.69900,1,25,16777215,1625242208,0,be27369f,51432670223663111",病友交流会,0
"373.52000,1,25,16777215,1625241485,0,57da709,51432291236839429",哈哈哈哈,0
"365.83000,1,25,16777215,1625240177,0,fdc8c547,51431605586624515",哈哈哈哈哈哈哈哈哈,0
"161.92600,1,25,16777215,1625239248,0,51fea3e0,51431118678786051",塔塔开,0
"518.51900,1,25,13369971,1625238186,0,34e5c0fd,51430561831452677",让，谏山创他妈，小心，谏山创,2
"329.47500,1,25,16777215,1625238033,0,e3bfb0e5,51430481727062019",我不到啊,3
"200.09600,1,25,16777215,1625237765,0,e3bfb0e5,51430340851400709",蚌埠住了,0
"392.53200,1,25,16777215,1625237277,0,c45ba68b,51430085262049285",莱纳他站起来了,0
"67.79900,1,25,16777215,1625237027,0,1eb117d1,51429954053210117",666666,0
"179.91900,1,25,16777215,1625236539,0,c619397e,51429697891860485",看到一个皮克,0
"419.58300,1,25,38979,1625236226,0,88462c9a,51429534150950919",这赛亚人有肌肉的,0
"515.62600,1,25,16777215,1625236105,0,884d7865,51429470525980677",“让谏山创他妈小心谏山创”,2
"219.27100,1,25,16777215,1625236035,0,bd74b28b,51429434148257797",哈哈哈哈哈哈哈,0
"347.54300,1,25,16777215,1625235843,0,e3cd67a5,51429333236973571",专业整活,0
"139.43100,1,25,16777215,1625235476,0,e3cd67a5,51429140803354629",保安只是来赚个钱放过他吧哈哈,0
"58.05900,1,25,16777215,1625235205,0,5bed1fa0,51428998989217799",看看有多少人会让座,2
"4.34900,1,25,16777215,1625234517,0,f1ea2ff7,51428637830807557",重温一遍,0
"326.08900,1,25,16777215,1625234409,0,25aea601,51428581578899461",痛苦面具,1
"425.81300,5,25,16646914,1625234205,0,1a6f438e,51428474717470723",亚达，宋娜耨亚达,0
"579.43300,1,25,16777215,1625233768,0,fbb96e4,51428245162164231",扣扣尼潜影蛇手,0
"271.59300,1,25,16777215,1625233508,0,8cbb9835,51428108982026247",在线等一个莱纳,0
"140.70700,1,25,16777215,1625232401,0,1cb3746,51427528621424647",思思给！,0
"74.34700,1,25,16777215,1625232325,0,1cb3746,51427488719962115",哈哈哈哈哈哈哈,0
"47.18700,1,25,16777215,1625232295,0,1cb3746,51427473095655431",哈哈哈哈哈哈哈,0
"336.74700,1,25,16777215,1625232205,0,15d1a96f,51427426060730371",棘刺cos！,0
"325.56700,1,25,16777215,1625232185,0,15d1a96f,51427415436558343",问奶奶奶奶也不知道,2
"474.96200,1,25,16777215,1625231781,0,4ab02301,51427203485270019",这就是（地鸣）,0
"128.87900,1,25,16777215,1625230280,0,b5f55896,51426416755998723",好尬,1
"68.83100,1,25,16777215,1625229279,0,c5aa8ce8,51425891594010627",笑死我了,0
"285.67300,1,25,16777215,1625229249,0,b1d304fc,51425876073512965",卧槽笑死了腹肌要笑出来了都,0
"226.24300,1,25,16777215,1625229213,0,588f19cb,51425857029799943",哈哈哈哈哈哈,0
"504.02100,1,25,16777215,1625228920,0,fb994e2e,51425703822884869",握草华晨宇？？？,3
"226.48000,1,25,16777215,1625228696,0,865c9a94,51425586385518595",你赞有了,0
"509.36000,1,25,16777215,1625226911,0,68c00f8c,51424650509418503",三笠可还行。。哈哈哈,0
"357.56500,5,25,16707842,1625226698,0,936d437d,51424538644709381",救命笑死我了放过莱宝,0
"236.94600,5,25,15138834,1625226570,0,936d437d,51424471696277511",进度条为什么这么漫长,1
"182.75900,5,25,15138834,1625226500,0,936d437d,51424434810519557",摊位横幅上面莱纳站起来笑死我了,0
"117.22300,5,25,15138834,1625226395,0,936d437d,51424379817951235",救命我脚趾开始扣了,1
"105.85400,1,25,16777215,1625226177,0,f844ea32,51424265279373315",哈哈哈哈哈哈哈哈哈哈哈哈哈哈哈,0
"334.60300,1,25,16777215,1625226016,0,3d6b2156,51424181055651843",某声悠哈哈哈哈哈哈哈,0
"148.64700,1,25,16777215,1625225705,0,f62adb13,51424018206556163",是鹤见！！！！！！！,0
"326.52600,5,25,15138834,1625225643,0,11c23a5f,51423985573822469",准备对艾伦莱瓦汀了嗷,0
"224.14800,5,25,15138834,1625225487,0,11c23a5f,51423903676366851",草,0
"218.00400,5,25,15138834,1625225476,0,11c23a5f,51423898102661125",我是伞兵,0
"177.64100,5,25,15138834,1625225423,0,11c23a5f,51423870440177669",草,0
"139.92400,5,25,15138834,1625225392,0,11c23a5f,51423853708050439",草,0
"45.54500,5,25,15138834,1625225310,0,11c23a5f,51423810829156357",乞讨,1
"219.01100,1,25,16777215,1625225090,0,d20c9478,51423695672442885",救命啊啊啊啊,3
"175.47800,1,25,16777215,1625223820,0,6b2e934c,51423029886451717",看到团兵啦！,0
"122.23200,1,25,16777215,1625222937,0,23913245,51422566992576517",哈哈哈哈哈哈哈哈哈哈哈哈,0
"386.34200,1,25,16777215,1625222556,0,69ced69f,51422367196381191",谢谢你，莱纳,0
"48.87400,1,25,16777215,1625222506,0,230c42c9,51422340637523975",哈哈哈哈,0
"316.86500,1,25,16777215,1625222458,0,69ced69f,51422315495292935",哈哈哈蝶妈,0
"60.41700,1,25,16777215,1625222183,0,69ced69f,51422171668938755",反客为主,2
"550.33900,1,25,16777215,1625221684,0,3977e56,51421909830074373",杜飞，你的心死了。,1
"538.19900,1,25,14811775,1625221152,0,68ddfd26,51421630954471429",谁敢信你以前是唱歌的,2
"344.23300,1,25,16777215,1625221099,0,134dd2de,51421603021455431",好担心相机,1
"345.38500,1,25,16777215,1625221060,0,134dd2de,51421582951186437",高手过招！！！！！卧槽牛皮！爽了,0
"323.79600,1,25,16777215,1625221010,0,134dd2de,51421556676493319",漂亮,0
"167.70600,1,25,16777215,1625220464,0,679ad5fd,51421270320873479",看到莱纳一条街了,0
"64.32900,1,25,16777215,1625218952,0,cd09d9bc,51420477355720711",？？？,3
"67.97100,1,25,16777215,1625217525,0,4de3a860,51419729617747971",哈哈哈,0
"271.15300,1,25,16777215,1625216646,0,7dd9e80b,51419268767023107",行为艺术,0
"227.30500,1,25,16777215,1625216599,0,7dd9e80b,51419244085641219",哈哈哈哈哈哈哈哈,0
"472.01000,1,25,16777215,1625216538,0,aa624975,51419211833540611",社死,1
"248.68000,1,25,16777215,1625216364,0,be6bfe8a,51419120750034951",行为艺术哈哈哈哈哈,0
"163.34700,1,25,16777215,1625216297,0,be6bfe8a,51419085762199557",哈哈哈哈哈哈哈自觉,0
"65.89700,1,25,16777215,1625216291,0,7dd9e80b,51419082203332613",哈哈哈哈哈哈哈哈,0
"448.95900,1,25,16777215,1625215366,0,26f6725e,51418597478105091",阿贝多！,0
"343.55300,1,25,16777215,1625215205,0,926b659f,51418513005871107",?????????????,3
"42.89900,1,25,16777215,1625214160,0,e118c2ed,51417965338296325",哈哈哈哈哈哈哈哈,0
"92.13500,1,25,16777215,1625213785,0,f1fba24d,51417768465006599",哈哈哈哈哈哈哈哈,0
"527.90800,1,25,16777215,1625213710,0,f0fd6a52,51417729201602563",帅哥你谁,0
"228.97700,1,25,16777215,1625213063,0,7ae2720b,51417390057521155",勇士,0
"225.71500,1,25,16777215,1625212888,0,ab1474d8,51417298330714117",Nb,2
"75.06400,1,25,16777215,1625212822,0,7ae2720b,51417263883943941",太尴尬啦,1
"62.40800,1,25,16777215,1625212802,0,7ae2720b,51417253050580995",残疾人士,0
"54.11800,1,25,16777215,1625212780,0,7ae2720b,51417241707610117",太尬了,1
"43.67800,1,25,16777215,1625212761,0,7ae2720b,51417231441526791",哈哈哈哈哈哈哈哈哈,0
"338.17900,1,25,16777215,1625211938,0,c9fd8d8a,51416800224608263",专业对口,0
"313.59900,1,25,16776960,1625209937,0,809c7557,51415751229702149",我都替你感到尴尬,1
"1.73200,1,25,16776960,1625208701,0,79b63e7d,51415103140003843",再来亿遍，五院再见,0
"91.57900,1,25,16777215,1625208694,0,c2955391,51415099349925895",哈哈哈,0
"68.88100,1,25,16777215,1625208669,0,c2955391,51415086196588551",哈哈哈,0
"163.93900,1,25,16777215,1625208241,0,fe4f45d4,51414861655572483",社死现场,0
"75.73700,1,25,16776960,1625208151,0,79b63e7d,51414814812536839",笑死了差点就没机会三连,0
"239.05900,1,25,16777215,1625208090,0,784fdc5b,51414782451384325",进度条告诉我事情没那么简单,1
"220.39900,1,25,16777215,1625207825,0,16335912,51414643618349059",在这个星球上生活不会感到孤独吗,1
"290.04900,1,25,16777215,1625206867,0,c07e993b,51414141391339527",两岛会晤,0
"45.82800,1,25,16777215,1625206484,0,20e19cd6,51413940803469317",哈哈哈哈哈哈哈哈哈哈哈草,0
"553.52300,1,25,16646914,1625205709,0,8c58a08d,51413534443569157",帅哥你谁,0
"476.56700,1,25,16646914,1625205627,0,8c58a08d,51413491148390405",阿贝多geigei是好人,0
"243.07200,1,25,16646914,1625205302,0,8c58a08d,51413321189949445",好像是的,3
"532.74700,1,25,16777215,1625204573,0,34df164b,51412938643734533",帅哥你谁,0
"224.90700,1,25,16777215,1625204255,0,34df164b,51412772282433543",医学奇迹！！！,0
"64.53900,1,25,16777215,1625204077,0,34df164b,51412678904119303",笑麻了哈哈哈哈哈哈哈哈哈,0
"29.81900,1,25,16777215,1625204037,0,34df164b,51412657948852231",哈哈哈哈哈哈哈哈哈哈哈哈哈哈哈,0
"383.92700,1,25,16646914,1625203924,0,c28f066f,51412598539681797",谢谢莱纳,0
"192.19900,1,25,16646914,1625203789,0,c28f066f,51412527670624259",哈哈哈哈哈哈哈哈哈哈哈哈哈哈哈哈哈哈哈哈哈哈哈哈哈哈哈哈哈哈哈哈哈哈哈哈哈哈,0
"535.33900,1,25,16777215,1625202154,0,b7dcdc08,51411670465511429",握草帅哥你谁啊,0
"90.68500,1,25,16777215,1625202083,0,21f90963,51411633183916035",哈哈哈哈哈哈哈哈哈哈哈哈,0
"330.14700,1,25,16777215,1625201303,0,8d46e580,51411224537595909",太孝了,1
"100.32800,1,25,16777215,1625201216,0,a051a8d1,51411178508255235",腿好的,0
"160.54700,5,25,16707842,1625197569,0,f8de3a6e,51409266639110149",旁边阿斯玛那个嫌弃的眼神要把我笑死,0
"530.57900,1,25,16777215,1625197253,0,59bb4269,51409101063192583",帅哥你谁,0
"509.49100,1,25,16707842,1625196618,0,4a12b8b3,51408767846711303",还真有个三笠,0
"227.90500,1,25,16707842,1625196263,0,4a12b8b3,51408581893292039",大型社死现场,0
"513.73900,1,25,16777215,1625195651,0,efb50e1f,51408261012783109",。。。,3
"503.31900,1,25,16777215,1625195532,0,efb50e1f,51408198791331843",。。。,3
"42.30900,1,25,16777215,1625193365,0,efb50e1f,51407062525018115",。。。,3
"214.20300,1,25,16777215,1625193356,0,fbe511c6,51407057859903491",空降3:32,0
"260.30500,1,25,16777215,1625193315,0,fbe511c6,51407036462137347",空降3分42,0
"320.44600,1,25,16777215,1625192752,0,b39e9ea2,51406741377646595",？？？,3
"559.93300,1,25,16777215,1625192412,0,76d2c313,51406562996518915",你是拉宏桑的亲哥哥吗,2
"541.85100,1,25,16777215,1625191815,0,e1290a5b,51406249861840901",帅哥你谁？,0
"557.94800,1,25,16777215,1625191652,0,199586f7,51406164261863429",海的那边也是小丑,0
"412.62200,1,25,16777215,1625190788,0,afde9453,51405711583215619",以后漫展红人,0
"402.05000,1,25,16777215,1625190778,0,afde9453,51405706007937029",还不够！？,2
"372.32000,1,25,16777215,1625190747,0,afde9453,51405690178633731",尬死了,0
"328.17400,1,25,16777215,1625190703,0,afde9453,51405666766553093",嘎嘎王,0
"232.12000,1,25,16777215,1625190606,0,afde9453,51405616056369159",换个星球吧,1
"146.18800,1,25,16777215,1625190519,0,afde9453,51405570631008261",我尬死了,1
"390.34800,1,25,16777215,1625183409,0,37dfa653,51401842854723589",二周目莱纳,0
"191.88900,5,25,15138834,1625182201,0,7e807aeb,51401209332367365",气急败坏,1
"387.10200,1,25,16777215,1625171860,0,48e16989,51395787701616643",哈哈哈哈哈哈哈哈哈哈哈,0
"345.84200,1,25,16777215,1625171815,0,48e16989,51395764380237827",哈哈哈哈哈哈哈哈哈哈,0
"223.92200,1,25,16777215,1625171690,0,48e16989,51395698671747077",哈哈哈哈哈哈哈哈哈,0
"165.65900,1,25,16777215,1625171613,0,48e16989,51395658113875971",哈哈哈哈哈哈哈哈哈,0
"450.66000,1,25,15138834,1625163047,0,a43f9449,51391167202852867",胡桃胡桃胡桃胡桃胡桃胡桃胡桃胡桃胡桃胡桃胡桃,0
"239.42300,1,25,16777215,1625162247,0,569a5f77,51390747923447811",我替你尴尬,1
"533.30100,1,25,16777215,1625158919,0,6044d9ca,51389003076730885",帅哥你谁,0
"434.20900,1,25,16777215,1625155985,0,c9db8676,51387464914829315",哈哈哈哈哈,0
"346.82200,1,25,16777215,1625155887,0,c9db8676,51387413177040901",职业选手禁止参赛,2
"305.73700,1,25,16777215,1625155825,0,c9db8676,51387380811694087",塔塔开！塔塔开！,0
"288.39500,1,25,16777215,1625155799,0,c9db8676,51387367216381957",哈哈哈哈哈哈哈哈哈或,0
"261.79500,1,25,16777215,1625155769,0,c9db8676,51387351338844163",塔塔开！,0
"225.36800,1,25,16777215,1625155726,0,c9db8676,51387329068138503",ohhhhhhhh,0
"224.97900,1,25,16777215,1625155554,0,4a82e7c6,51387238907904005",太自由了,0
"136.34000,1,25,16777215,1625155425,0,c9db8676,51387171321413637",救命，尴尬癌发作了,1
"59.03100,1,25,16777215,1625155337,0,c9db8676,51387124714831875",DNA动了,0
"49.59300,1,25,16777215,1625155322,0,c9db8676,51387117164560391",哈哈哈哈哈哈,0
"59.00000,1,25,16777215,1625152489,0,9d90be17,51385631981436931",哈哈哈哈哈,0
"254.65900,1,25,14811775,1625152304,0,242cce5f,51385534708711431",大型社死现场来了,0
"225.61900,1,25,15138834,1625152244,0,242cce5f,51385503118786565",大型社死现场,0
"28.89900,1,25,16777215,1625152024,0,242cce5f,51385387985141763",路人表示一脸懵壁,1
"227.83600,1,25,16777215,1625152018,0,1a9f05d,51385384594571269",干得漂亮！！！！！,0
"213.47800,5,25,16777215,1625151805,0,34e5c0fd,51385273227411459",无奈的眼神，哈哈,0
"20.02900,1,25,16777215,1625151303,0,8d6afb70,51385009940987911",四刷,0
"471.59900,1,25,16777215,1625149186,0,82f31d06,51383900153315331",？？？？？？？哈哈哈哈哈,0
"385.40500,1,25,15138834,1625148031,0,46be7d65,51383294654152709",进击的菜纳,0
"56.71100,1,25,16777215,1625147893,0,d8b938ca,51383222136733703",草,0
"532.35500,1,25,16777215,1625146027,0,998407ec,51382243940106245",帅哥你谁,0
"517.29900,1,25,16777215,1625146003,0,998407ec,51382231250239493",哈哈哈哈哈哈哈,0
"310.84500,1,25,16777215,1625144768,0,f447ae33,51381583608807431",塔塔开,0
"47.65900,1,25,16777215,1625144702,0,a2bf56d,51381549124812807",哈哈哈哈哈哈哈哈哈哈哈哈好,0
"241.70300,5,25,15138834,1625144380,0,6fc0d28a,51381380331339781",进度条怎么才过一半儿啊,2
"527.39600,1,25,16777215,1625144085,0,66f3fc68,51381225865609223",帅哥你谁？,0
"322.93900,1,25,16777215,1625143926,0,af5ac0f2,51381142360162309",肉装可可萝,0
"287.19800,1,25,16777215,1625143872,0,af5ac0f2,51381114184925191",吉吉国王,0
"472.22000,1,25,16777215,1625143667,0,e8e2c762,51381006404419591",太社会性死亡了吧hhh,0
"255.31300,1,25,16777215,1625142218,0,5d3589eb,51380246889889797",原来是你。,3
"323.41200,1,25,16777215,1625141343,0,e4644319,51379788190318599",论妈抛弃了法杖后的战斗方式,0
"394.77100,1,25,16777215,1625140583,0,516bd367,51379389809033221",大快人心,0
"19.82200,1,25,16777215,1625140482,0,4c110e98,51379336657240071",？,3
"384.46600,5,25,16707842,1625134665,0,3f35f58d,51376286642733059",东 北 莱 纳,0
"336.40200,5,25,16707842,1625134315,0,3f35f58d,51376103497400327",职业选手禁止参赛,2
"530.04300,1,25,16777215,1625132893,0,38e9e5a8,51375357964582915",帅哥你谁,0
"347.68300,1,25,16777215,1625132700,0,38e9e5a8,51375256565710853",高手过招,0
"226.81900,1,25,16777215,1625132544,0,38e9e5a8,51375174596427779",操了哈哈哈哈哈哈,0
"92.53900,1,25,16777215,1625132401,0,38e9e5a8,51375099905310727",大爷裂开,1
"47.29900,1,25,16777215,1625132341,0,38e9e5a8,51375068252471301",哈哈哈哈哈哈哈哈,0
"318.43800,1,25,16777215,1625132100,0,53a37676,51374942179557383",你妈？,2
"337.08500,1,25,16777215,1625130656,0,5952d7b5,51374185115549699",鸡翅专业hhhh,0
"136.75400,1,25,16777215,1625130403,0,6eee5af5,51374052287709191",保安：？？？？？？！！,3
"376.87100,1,25,16777215,1625130200,0,99e38653,51373945856720899",笑死我了,0
"528.65900,1,25,16777215,1625130067,0,dec0ac7d,51373875994820611",帅哥你谁,0
"518.85900,1,25,15138834,1625130049,0,dec0ac7d,51373866818207751",好！,0
"370.12000,1,25,15138834,1625129897,0,dec0ac7d,51373786996408325",名场面,0
"347.06000,1,25,15138834,1625129867,0,dec0ac7d,51373771197513735",遇到对手了！,0
"324.42000,1,25,15138834,1625129834,0,dec0ac7d,51373754148192263",哈哈哈哈哈哈哈,0
"312.33900,1,25,15138834,1625129819,0,dec0ac7d,51373746351505411",塔塔开！,0
"291.33900,1,25,16777215,1625129793,0,dec0ac7d,51373732780310531",救命！,1
"286.78000,1,25,16777215,1625129784,0,dec0ac7d,51373727993561091",哈哈哈哈哈哈哈哈,0
"259.26000,1,25,16777215,1625129754,0,dec0ac7d,51373712031612935",行为艺术,0
"162.65900,1,25,16777215,1625129653,0,dec0ac7d,51373659068563461",哈哈哈哈哈哈哈哈,0
"91.90000,1,25,16777215,1625129578,0,dec0ac7d,51373620050526215",哈哈哈哈哈,0
"43.41900,1,25,16777215,1625129527,0,dec0ac7d,51373592928583685",哈哈哈哈哈哈哈哈哈笑死我了靠靠靠靠靠,0
"471.70900,1,25,16777215,1625129363,0,1cc81281,51373507000401927",蚌埠住了哈哈哈,0
"263.11900,1,25,16777215,1625128061,0,c7a431e3,51372824611782659",原来是你，竟然是你,3
"312.91100,1,25,16646914,1625126924,0,239c9364,51372228483219463",塔塔开！,0
"185.77900,1,25,16646914,1625126727,0,239c9364,51372125070032901",卧槽，看到兵长和团长的立牌了，好帅,0
"494.05900,1,25,16777215,1625124734,0,d5ca5ea5,51371080035074053",现场社死,2
"507.71100,1,25,16777215,1625124296,0,8d3bc2ed,51370850453553159",塔塔开,0
"512.77200,1,25,16777215,1625124283,0,8d3bc2ed,51370843792474115",名誉,0
"444.87300,1,25,16777215,1625122319,0,ff9c53f1,51369813862776837",卧槽,2
"137.87300,1,25,16777215,1625121983,0,ff9c53f1,51369637972017159",我在屏幕前已经社死了,1
"134.43300,1,25,16777215,1625121965,0,ff9c53f1,51369628144762887",救命,3
"114.03300,1,25,16777215,1625121941,0,ff9c53f1,51369615879045125",卧槽,2
"476.17000,1,25,16777215,1625121531,0,7f6ff700,51369400832360455",病友相见恨晚,0
"14.49900,1,25,15138834,1625121395,0,577ed1d1,51369329620418567",社死挑战，每天亿遍,0
"506.50500,1,25,16777215,1625120263,0,16afee3c,51368736043040775",后面是咲夜？,2
"133.08600,1,25,16777215,1625119799,0,16afee3c,51368492596723715",保安：？,3
"220.73600,1,25,16777215,1625117343,0,bbf1b9ca,51367205213306885",没用的消音增加了,2
"386.84700,1,25,16777215,1625116983,0,47bce518,51367016246280195",好！,0
"224.67300,1,25,16777215,1625116525,0,f726529b,51366776259739651",医学奇迹(doge),0
"60.00100,1,25,16777215,1625116163,0,cc06927f,51366586439172103",沒斷腿啊,1
"49.71700,1,25,16777215,1625115891,0,f69cbd83,51366444108087299",哈哈哈哈哈哈哈哈,0
"450.44600,1,25,16777215,1625115237,0,16a47005,51366101184413699",阿贝多,0
"280.71200,5,25,16707842,1625115143,0,985ed6bb,51366051838951427",美女,0
"268.20800,5,25,15138834,1625115120,0,985ed6bb,51366039866310661",好活,0
"177.29900,5,25,16646914,1625114326,0,89e00a18,51365623352524807",危险发言,2
"229.82300,1,25,16777215,1625114252,0,1655191e,51365584407363591",没有提前预定好撤离路线啊。,1
"302.51800,1,25,16777215,1625113534,0,4581481f,51365207876829191",大佐级日语,0
"119.70200,1,25,16777215,1625113304,0,4581481f,51365087475662853",大佐级的日语,2
"378.03000,1,25,16777215,1625112946,0,c373b9aa,51364899659972613",世界名画,0
"404.98700,1,25,16777215,1625112560,0,3544f0da,51364697503432707",解气,0
"118.45700,1,25,16777215,1625112107,0,6e7d803d,51364460004638727",现在是看的第3遍,0
"312.62700,1,25,16777215,1625111695,0,a36ca0a9,51364243877396485",塔塔开,0
"15.12300,1,25,16777215,1625111682,0,f1d55b93,51364237245153285",差了点胡子,1
"341.50200,5,25,15138834,1625111632,0,ddce353f,51364211082657859",职业选手禁止参赛,2
"220.55000,1,25,16777215,1625111592,0,a36ca0a9,51364190185062403",WC,0
"139.57400,1,25,16777215,1625111503,0,a36ca0a9,51364143425912835",哈哈哈哈哈,0
"365.75400,1,25,16777215,1625111360,0,64aa47cf,51364068548673603",嘎死我,0
"18.81200,1,25,16777215,1625110992,0,64aa47cf,51363875598630919",草,0
"17.95000,1,25,16777215,1625110344,0,7d9edaa1,51363535813345283",经典老番,0
"64.93900,1,25,15138834,1625110052,0,b8b2bfa5,51363382502096903",哈哈哈哈哈哈,0
"372.26200,1,25,16777215,1625109755,0,1f02d178,51363226642284547",世界名画,0
"330.58300,1,25,16777215,1625109713,0,1f02d178,51363204784717827",整活,0
"90.68800,1,25,16777215,1625109458,0,1f02d178,51363070932942853",哈哈哈 这个星球不能待了,0
"43.52700,1,25,16777215,1625109379,0,1f02d178,51363029827715079",哈哈哈,0
"36.76100,1,25,16777215,1625109372,0,1f02d178,51363026284052485",100%,0
"499.57900,1,25,16777215,1625108195,0,93ed270e,51362408892989445",哈哈哈哈哈哈哈哈哈,0
"162.52100,4,25,15138834,1625107719,0,e51b72b7,51362159238053895",忍者,0
"529.13000,5,25,14811775,1625104552,0,6a2b241,51360499045498887",门 失 士,1
"226.38600,1,25,16777215,1625103888,0,476a7b29,51360151034658819",伦厨沉默,1
"185.44600,1,25,16777215,1625103808,0,476a7b29,51360109131464707",这个中式日语好草哈哈哈哈,0
"314.50900,5,25,14811775,1625103684,0,cf78d220,51360043783684099",野 生 尴 尬 人,1
"295.84900,1,25,16777215,1625103409,0,42156a40,51359899881832455",铃兰，你坐啊,2
"5.01200,1,25,16777215,1625103075,0,42156a40,51359724827312133",10刷,0
"229.24600,1,25,16777215,1625102912,0,2261c46,51359639208984583",你很勇,0
"502.01300,1,25,16777215,1625102419,0,e21002c9,51359380482293765",可利他哥。,0
"158.16200,1,25,16777215,1625102067,0,e21002c9,51359196043018245",只要你不尴尬，尴尬的就是别人。,0
"85.94100,1,25,16777215,1625101427,0,58976522,51358860583108611",《摔个跟头》,0
"18.49900,1,25,16777215,1625101248,0,94ccecf5,51358766861385735",还得是你,0
"451.87000,1,25,16777215,1625100880,0,eab36753,51358573581565955",阿贝多哥哥快跑！,3
"277.09500,1,25,16777215,1625099939,0,deea81b0,51358080639172615",!!!!!!!!!!!!!!!!!!!!!!!!!!!!,3
"30.38300,1,25,16777215,1625099670,0,46be180d,51357939261767685",因为已经没什么可以扯的了,2
"153.23800,1,25,16777215,1625099201,0,2e1cf306,51357693536894979",诶诶诶，是白老板啊,3
"192.10200,4,25,16777215,1625098154,0,45aad684,51357144463704071",尊重爱情不要地鸣,2
"141.59500,1,25,15138834,1625081126,0,6e7d803d,51348217081102343",早知道不睡前看了,1
"230.22300,1,25,16777215,1625077025,0,acbf7d1f,51346067017957383",独立宣言,0
"369.14700,1,25,16777215,1625074279,0,bbd889ae,51344627392839683",笑死了,0
"511.10600,1,25,16777215,1625072998,0,b8563a49,51343955419201539",名誉马来人,0
"356.54200,1,25,16777215,1625072412,0,930f278e,51343648370982917",这位更是重量级,0
"534.85000,1,25,16777215,1625072128,0,3dc1bf21,51343499185356807",帅哥你谁,0
"355.01700,1,25,16777215,1625071807,0,5071a4cd,51343331094429701",哈哈哈哈哈哈哈哈哈哈哈哈哈哈哈哈,0
"339.22500,1,25,16777215,1625071771,0,5071a4cd,51343312111534083",味儿对了哈哈哈哈哈哈哈哈哈哈哈哈哈哈哈哈哈哈,0
"92.39200,1,25,16777215,1625071661,0,3dc1bf21,51343254408921095",哈哈哈哈哈哈哈哈,0
"473.37600,1,25,15138834,1625071632,0,1f00f316,51343239257522181",可莉表示很淦,1
"107.57400,1,25,16777215,1625070476,0,38cba7d0,51342633310093315",尤拉～～,0
"388.13700,1,25,16777215,1625070312,0,14694d1,51342547187400709",话说莱纳不撞门巨人进不去啊,1
"500.26700,1,25,16777215,1625069676,0,5b9b749b,51342213780602887",pad长瞩目,0
"486.29500,1,25,41194,1625069588,0,8fc84702,51342167894917127",后面是咲夜吗？,2
"442.58300,1,25,41194,1625069521,0,8fc84702,51342132418445317",绝对领域,0
"223.27500,1,25,16777215,1625068897,0,a426c519,51341805239664645",牛牛牛,0
"333.47300,1,25,16777215,1625068548,0,202a9745,51341622424633349",卧槽好活,0
"475.65900,1,25,16777215,1625067303,0,58356f5,51340969882681349",人设崩塌,1
"57.04200,1,25,16777215,1625066659,0,ff69a1b2,51340632088117251",前方爆笑高能,0
"374.86500,1,25,16777215,1625063603,0,cae70108,51339029694119941",哈哈哈哈哈哈哈哈哈哈哈,0
"391.01400,1,25,16777215,1625063360,0,a46e5937,51338902716809221",《还不够》,0
"85.56600,1,25,16777215,1625063115,0,3a1493,51338774119448581",这拐是给脑子拄的,2
"497.98100,1,25,16777215,1625062879,0,4c7277e9,51338650464550917",后面的应该就是咲夜，旁边还写了幻想乡,0
"392.76900,1,25,16777215,1625062609,0,3c4e78a1,51338508719620103",笑死,0
"48.82500,1,25,16777215,1625062515,0,3c4e78a1,51338459396177927",hhhhh,0
"227.81400,1,25,16777215,1625061846,0,7e7b781,51338108710420487",医学奇迹,0
"285.99500,5,25,15138834,1625061735,0,6f8f1aa9,51338050723119109",吉     克     耶     格     尔,0
"293.76300,1,25,16777215,1625061667,0,218d8e65,51338014644240387",和恶灵下盘棋吗,2
"254.88300,1,25,16777215,1625061569,0,218d8e65,51337963482120195",行为艺术,0
"461.18400,1,25,16777215,1625061313,0,986a0e4b,51337829395988487",遇到对手了,0
"471.41300,5,25,14811775,1625061047,0,221a83c6,51337689769181187",蕾塞！后面蕾塞！,0
"227.04900,1,25,16777215,1625060999,0,703501d8,51337664601260035",草,0
"176.78700,5,25,15138834,1625060862,0,e5bd878f,51337592604459015",不，你会获得10年包吃包住,2
"47.37400,1,25,16777215,1625060725,0,bc70c209,51337520910696453",脚本怪,2
"55.29100,1,25,16777215,1625059968,0,d158ecd6,51337124072914947",设立立个临习垃垃垃垃垃垃撒点,2
"191.61400,1,25,16777215,1625059404,0,7216fef7,51336828185739269",空降03:12,0
"231.79400,1,25,16777215,1625059025,0,3e88381,51336629648359429",我听成郭艾伦就是个。。。,0
"317.13900,1,25,16777215,1625058740,0,d0caa9cc,51336480101498883",看到了个温迪,0
"7.42400,1,25,16777215,1625056551,0,7369999e,51335332479107075",经典老番,0
"473.11800,5,25,16777215,1625056499,0,ab825d31,51335305457827847",蕾塞：啥玩意儿？,2
"322.05500,5,25,16777215,1625056264,0,ab825d31,51335182161543175",woc我要吐了,1
"228.51100,1,25,16777215,1625055937,0,730e67a0,51335010502836229",自由,0
"113.90100,1,25,16777215,1625055815,0,730e67a0,51334946619392003",救命哈哈哈哈哈哈,0
"15.16600,1,25,16777215,1625055698,0,730e67a0,51334885611143171",笑死我了救命,0
"460.09900,1,25,16777215,1625053944,0,fab55976,51333965634076675",梅开三度,0
"421.11900,1,25,16777215,1625053888,0,fab55976,51333936205266949",前方高能,0
"418.09900,1,25,16777215,1625053880,0,fab55976,51333932144132101",前方高能,0
"440.80800,1,25,16777215,1625053403,0,fab55976,51333682046173187",笑死我啊啊啊啊哈哈哈哈,0
"170.05500,1,25,16777215,1625053116,0,fab55976,51333531653636101",哈哈哈哈哈,0
"153.95700,1,25,16777215,1625053100,0,fab55976,51333523258736645",你要把我笑死,0
"335.56500,1,25,16777215,1625052027,0,dbeb1b11,51332960966148103",职业选手,0
"226.15600,1,25,16777215,1625050654,0,ff3d644b,51332241099849731",只能用逆天来形容了,0
"77.20400,1,25,16777215,1625050497,0,ff3d644b,51332158778245125",打疫苗了不用带口罩，出示一下特殊绿码就可以了,2
"233.05900,1,25,16777215,1625049507,0,b5f59e8b,51331639554342919",哈哈哈哈哈哈哈哈,0
"507.58200,1,25,38979,1625049348,0,7cdb07d0,51331556410130437",懂了，这位老哥是阿明,0
"240.76400,1,25,16777215,1625049211,0,3d566fb9,51331484425912327",好尬呀,1
"52.26500,1,25,16777215,1625049023,0,3d566fb9,51331385645334533",哈哈哈哈哈,0
"64.28100,1,25,16777215,1625048053,0,4e945749,51330877244309507",哈哈哈哈哈哈哈哈,0
"40.89700,1,25,16777215,1625048013,0,4e945749,51330856002256903",哈哈哈哈哈哈哈哈,0
"14.68600,1,25,16777215,1625047928,0,9a44e204,51330811865071623",三刷！,0
"268.67000,1,25,16777215,1625047690,0,4329b39,51330686931959813",99我 99我 99我 99我~,0
"71.04500,1,25,16777215,1625047451,0,4329b39,51330561802764293",哈哈哈哈哈哈哈哈啊哈哈哈,0
"233.25400,1,25,16777215,1625047448,0,8cbe830a,51330560074711043",nb,2
"67.04900,1,25,16777215,1625047212,0,1ca6949e,51330436244176901",哈哈哈哈哈哈哈哈哈,0
"39.68100,1,25,16777215,1625046449,0,8ca042c3,51330036414808067",23333,0
"32.78100,1,25,16777215,1625046440,0,8ca042c3,51330031691497479",23333,0
"244.43900,1,25,16777215,1625042114,0,a9415aa7,51327763604832261",呵呵哈哈哈或或笑死了,0
"252.75700,1,25,16777215,1625041918,0,e4e48ce7,51327660832849927",行为艺术,0
"385.46200,1,25,16777215,1625041869,0,7e619805,51327634982830083",正 确 剧 情,0
"367.46700,1,25,16777215,1625041823,0,7e619805,51327610806861831",世界名画,0
"385.55600,1,25,16777215,1625041720,0,640ddcc8,51327556967727107",尴尬,1
"41.17600,1,25,16777215,1625040777,0,6a3bb9d1,51327062753411075",哈哈哈哈哈哈哈哈哈哈哈哈哈哈,0
"20.73200,1,25,16777215,1625040634,0,46961635,51326987364466691",426萬合影,0
"178.90700,1,25,13369971,1625038407,0,44327c0f,51325819707457543",银酱! ！！,0
"57.60900,1,25,16777215,1625038190,0,44327c0f,51325706309730311",好家伙，bgm是给你这么用的？,0
"362.33400,1,25,16777215,1625036901,0,ab7de2ce,51325030337347589",自动抱头真的太草了,2
"516.69100,1,25,16777215,1625035984,0,da72ff5d,51324549461966851",好活！！,0
"203.55200,1,25,16777215,1625035713,0,da72ff5d,51324407688200195",传统艺能又开始了,0
"545.38300,1,25,11890,1625035590,0,c9909f8e,51324343239573507",帅哥你谁啊？,0
"64.29100,1,25,16777215,1625035544,0,da72ff5d,51324318812995587",请这位乘客不要在地铁内跳舞,2
"39.65000,1,25,16777215,1625035493,0,da72ff5d,51324292308140039",载入史册的一刻,0
"477.39400,1,25,16777215,1625035475,0,c9909f8e,51324282657570819",不愧是阿贝多，真的绝了,0
"337.83500,1,25,16777215,1625034225,0,a3fab4d3,51323627303862279",卧槽？,3
"60.52000,1,25,16777215,1625033873,0,a3fab4d3,51323442801672199",笑噎了,0
"43.53900,1,25,16777215,1625033841,0,a3fab4d3,51323426199568453",乞讨哈哈哈哈,0
"290.32000,1,25,16777215,1625033746,0,e3b29e95,51323376364421123",两岛最高统帅会晤,0
"356.53500,1,25,16777215,1625033619,0,3e4e75de,51323309406552069",路人，太巧了,0
"428.40300,1,25,15138834,1625033607,0,33094ac5,51323303419707397",jk不错,0
