"43.30600,1,25,16777215,1625551660,0,a7ccaef1,51594912438681607",金珉锡啊,0
"33.93700,1,25,16777215,1625551614,0,a7ccaef1,51594888361279491",金珉锡,0
"40.21900,1,25,16777215,1625551524,0,a4f77460,51594840968790021",爷青回,0
"16.35100,1,25,16777215,1625551513,0,dde59a41,51594835397181445",爷青回,0
"129.73900,1,25,16777215,1625551452,0,60ba2a77,51594803252035589",朴灿烈朴灿烈朴灿烈朴灿烈,0
"107.85900,1,25,16777215,1625551425,0,60ba2a77,51594789048025093",终于有灿烈的近景了呜呜,0
"44.59900,1,25,16777215,1625551323,0,2498d35d,51594735658729539",66666666,0
"9.53900,1,25,16777215,1625551304,0,36f48718,51594725507465221",也得青春,0
"4.13900,1,25,16777215,1625551286,0,36f48718,51594716082864131",鹿鹿鹿鹿鹿鹿鹿鹿,0
"27.62500,1,25,16777215,1625551277,0,a357d13e,51594711363747845",青蔥歲月！,0
"23.78500,1,25,16777215,1625551232,0,a357d13e,51594687731990531",要哭了！,1
"203.57100,1,25,16777215,1625551200,0,d8c1cc68,51594671358476295",kai啊，绝绝子,0
"29.21900,1,25,16777215,1625551094,0,7c3c51b8,51594615469899783",丝滑啊,0
"8.41900,1,25,16777215,1625551040,0,44c0ce7a,51594587391131655",爷青回,0
"17.01900,1,25,16777215,1625550721,0,d8c1cc68,51594419884261379",爷青回,0
"93.49900,1,25,16707842,1625550620,0,70fe7b84,51594367103139845",恭迎少爷！！,0
"161.94000,1,25,16777215,1625550619,0,161cf5f5,51594366657495043",鹿晗钓谁,2
"105.87600,1,25,16777215,1625550514,0,161cf5f5,51594311570030597",鹿晗,0
"82.92100,1,25,16777215,1625550446,0,161cf5f5,51594275651584007",鹿晗！,0
"102.21700,5,25,16707842,1625550329,0,e8996a,51594214261653507",灿烈宝贝啊啊啊啊,0
"88.07800,5,25,16707842,1625550295,0,e8996a,51594196426948615",队长太嫩了www狠狠的爱了,0
"42.21900,5,25,16707842,1625550225,0,e8996a,51594159846326279",贤贤贤贤贤贤贤贤贤贤贤贤贤贤贤贤贤贤贤贤贤贤贤贤贤贤贤贤贤贤贤,0
"99.11900,1,25,16777215,1625550110,0,169228b6,51594099993608195",顶颜！！！,0
"0.23300,1,25,15138834,1625550035,0,b489bfd0,51594060335939591",看前提醒12人团舞别搞什么冷热知识,2
"137.46800,1,25,16777215,1625550009,0,5f22e635,51594046786764807",如果是这个时候的51凡 我没意见,2
"85.49600,1,25,16777215,1625549957,0,5f22e635,51594019546857475",这个时候的滔滔好好看,0
"83.26200,1,25,16777215,1625549920,0,9f9ca1af,51594000163405827",吴亦凡啊啊啊啊,0
"113.59900,1,25,16777215,1625549887,0,46391acb,51593982733975555",啊啊啊啊啊灿烈,0
"78.05700,1,25,16777215,1625549886,0,434b2f34,51593982101684229",吴亦凡回国后颜值暴跌,1
"199.43400,1,25,16777215,1625549859,0,e4bb6f3,51593968089038855",12个人哭哭哭,1
"95.67900,1,25,16777215,1625549846,0,be279d5e,51593961261760519",爷青回了爷青回！,0
"10.39900,1,25,16777215,1625549836,0,4364695b,51593955849535491",DNA动了,0
"92.53700,1,25,16777215,1625549737,0,e4bb6f3,51593904007413765",恭迎少爷,0
"93.82400,1,25,16777215,1625549615,0,1e6a2c56,51593840205234181",鹿晗！！,0
"95.81600,1,25,16777215,1625549472,0,38d00cd0,51593765157601283",鹿晗,0
"92.13200,1,25,16777215,1625549461,0,38d00cd0,51593759533563907",恭迎少爷,0
"180.41500,1,25,16777215,1625549421,0,2705e6e1,51593738599792645",艺兴,0
"128.23100,1,25,16777215,1625549413,0,2be3fd44,51593734224084995",朴灿烈,0
"25.17900,1,25,14811775,1625549319,0,eb0f905b,51593685028569095",想不到我曾经热爱的鲜活的少年成了时代的眼泪,1
"176.77900,1,25,16777215,1625549279,0,2713708a,51593664226918405",太帅了,0
"21.32000,1,25,16777215,1625549117,0,669811aa,51593578970873861",我的青春,0
"100.73900,1,25,16777215,1625549089,0,7bbfa2b9,51593564445474823",鹿晗真的好帅！,0
"183.39900,1,25,16777215,1625549077,0,856d81ad,51593558258876423",艺兴长的就很湖南!,0
"151.77000,1,25,16777215,1625549065,0,7887ddea,51593551973711879",鹿鹿子！,0
"154.09900,1,25,16777215,1625549037,0,856d81ad,51593536989036547",好像那种奶奶的学校低年级校草wwwwwwww,0
"162.07800,1,25,16777215,1625549003,0,6e903b87,51593519533391875",倩倩！！！！,0
"193.85100,1,25,16777215,1625548992,0,b325fc88,51593513530818627",在团时期确实是他们颜值巅峰了,0
"115.77900,1,25,16777215,1625548979,0,856d81ad,51593506877079555",Kris真的帅,0
"5.35900,1,25,16777215,1625548952,0,9c323fde,51593492376322051",爷青回,0
"16.74500,1,25,16777215,1625548791,0,b325fc88,51593408327712773",梦回高中,0
"72.33900,1,25,16777215,1625548756,0,6e596130,51593389783121925",朴灿烈老婆路过！,0
"65.18000,1,25,16777215,1625548749,0,6eec52d2,51593386221109253",吴世勋红发永远的神,0
"24.29100,1,25,16777215,1625548721,0,97c9d936,51593371453489155",呜呜，爷青回,1
"180.96500,1,25,16777215,1625548477,0,e41dd6f0,51593243390902275",艺兴,0
"175.46200,1,25,14811775,1625548271,0,68dc37fa,51593135466217477",吴亦凡麻烦清醒一点吧，，现在是真的有点恶心他了,2
"166.33400,1,25,15138834,1625548239,0,68dc37fa,51593118940135429",吴亦凡回国一落千丈，事业粉脱粉,0
"33.84500,1,25,16777215,1625548209,0,c2a7df43,51593102846590981",完颜,0
"158.52400,1,25,15138834,1625548201,0,68dc37fa,51593099003035655",吴亦凡为啥回国就不机密了？？,2
"7.73900,1,25,16777215,1625548090,0,5df453b5,51593040614129671",爷青回！,0
"119.63900,1,25,16777215,1625548052,0,ef73af60,51593020828549123",张艺兴！,0
"4.91900,5,25,15138834,1625548005,0,fa636859,51592996271947845",黄子韬,0
"2.47900,5,25,15138834,1625547999,0,fa636859,51592992741392391",黄子韬,0
"81.79900,1,25,16777215,1625547997,0,afff9549,51592992107528199",吴亦凡！！！！！！,0
"1.71900,1,25,16777215,1625547985,0,fa636859,51592985700204551",黄子韬,0
"54.20800,1,25,16777215,1625547964,0,3288581,51592974656602115",很能打,0
"39.93400,1,25,16777215,1625547950,0,3288581,51592967179206663",爱了爱了,0
"9.19300,1,25,16777215,1625547942,0,f6f486ff,51592962983854083",爷青回,0
"31.23800,1,25,16777215,1625547941,0,3288581,51592962611609603",yyds,0
"59.73900,1,25,16777215,1625547931,0,e8996a,51592957056778243",爷青回,0
"13.89600,1,25,16777215,1625547924,0,3288581,51592953527795719",爷青回,0
"82.13900,1,25,16777215,1625547849,0,fa636859,51592914293751813",戴眼镜的黄子韬 不要太嫩,2
"6.82600,1,25,16777215,1625547834,0,d4689f10,51592906213949447",只要黄子韬不说话就爱他！！！,0
"151.59300,1,25,16707842,1625547790,0,da514799,51592883511754755",鹿晗！！！,0
"14.65900,5,25,16646914,1625547765,0,16abfadc,51592870086311943",我爱勋勋子！！,0
"95.48700,5,25,16707842,1625547703,0,da514799,51592837855707141",恭迎少爷,0
"92.92600,1,25,16707842,1625547686,0,da514799,51592828846866439",鹿晗！！！,0
"21.51900,5,25,14811775,1625547600,0,1b5b50a1,51592783911714819",啵！,0
"5.01900,5,25,16707842,1625547574,0,1b5b50a1,51592770175369223",爷青回！,0
"116.28500,1,25,16777215,1625547543,0,1a28972d,51592753850089541",吴亦凡啊啊啊啊啊啊,0
"133.45500,5,25,15138834,1625547489,0,f7a333c7,51592725687435269",全员好腰！！,0
"17.61900,1,25,16777215,1625547475,0,5b139e93,51592718126153731",听说韩很短，所以都是娘,2
"16.29900,1,25,16777215,1625547466,0,b616e31,51592713675997187",爷青回！！,0
"150.16300,1,25,15138834,1625547420,0,a17b19f8,51592689538301955",韬韬韬韬韬韬韬,0
"0.00000,1,25,16777215,1625547404,0,fb639e7a,51592680794750983",！,2
"0.46900,1,25,16777215,1625547295,0,f7a333c7,51592623891677189",yysdj,0
"14.10500,1,25,16777215,1625547277,0,a17b19f8,51592614570360839",啊啊啊啊啊爷青回呜呜呜呜呜,3
"93.79500,1,25,38979,1625547112,0,2eb0f2de,51592527718907907",鹿晗真的是神颜,0
"129.00700,1,25,16777215,1625547099,0,a11fe22d,51592521020080135",啊啊啊啊啊啊啊啊灿烈啊,0
"116.46700,1,25,16777215,1625547080,0,a11fe22d,51592511369510915",啊啊啊啊啊我的灿烈啊,0
"197.82200,1,25,16777215,1625547062,0,f27cddd,51592501736243207",鹿晗真的太会了！！！,0
"165.72000,1,25,16777215,1625547032,0,57f06825,51592485772722183",我的青春全在这啊,1
"101.18800,1,25,16777215,1625547017,0,a11fe22d,51592478002774023",我的灿烈呢呜呜呜,1
"156.91900,1,25,16777215,1625546992,0,f27cddd,51592464851009543",音色绝了！太好听了吧！！！,0
"156.19900,1,25,16777215,1625546975,0,f27cddd,51592456116371459",我淦这也太嫩了！！！！,1
"155.47900,1,25,16777215,1625546961,0,f27cddd,51592448542507013",救命救命鹿晗太好看了！,1
"16.70800,1,25,16777215,1625546923,0,a11fe22d,51592428579717125",啊啊啊啊啊啊yyds,3
"200.73900,1,25,16707842,1625546759,0,75a6c856,51592342728605699",我鹿宝啊啊啊啊啊啊啊,3
"198.73900,1,25,16707842,1625546752,0,75a6c856,51592339005636615",鹿鹿鹿鹿鹿鹿鹿晗啊啊啊啊啊啊啊啊,0
"100.59900,1,25,16707842,1625546728,0,f5d2552a,51592326371344387",鹿晗鹿晗鹿晗,0
"96.65900,1,25,16777215,1625546709,0,f5d2552a,51592316814622725",爷青回，鹿晗好帅,0
"157.29900,1,25,16707842,1625546704,0,75a6c856,51592313867599877",我鹿啊啊啊啊啊啊啊啊,3
"154.23900,1,25,16707842,1625546695,0,75a6c856,51592309276409863",少爷啊啊啊啊啊啊啊啊,3
"152.89900,1,25,16707842,1625546689,0,75a6c856,51592305876402183",鹿宝啊啊啊啊啊啊啊,3
"152.17900,1,25,16707842,1625546684,0,75a6c856,51592303473590277",鹿哥啊啊啊啊啊啊,3
"150.93900,1,25,16707842,1625546679,0,75a6c856,51592300951764995",鹿晗好帅啊啊啊啊啊啊啊,0
"150.09900,1,25,16707842,1625546672,0,75a6c856,51592297122365447",鹿晗啊啊啊啊啊啊啊啊,3
"152.46800,1,25,16707842,1625546634,0,da514799,51592277410709507",鹿晗啊啊啊,0
"96.03900,1,25,16707842,1625546630,0,8ea740de,51592275281051653",鹿晗鹿晗啊啊啊啊啊,0
"95.61900,1,25,16707842,1625546598,0,75a6c856,51592258340257795",恭迎少爷！,0
"93.45900,1,25,16707842,1625546588,0,75a6c856,51592253259382789",恭迎少爷！！！,0
"91.37900,1,25,16707842,1625546582,0,75a6c856,51592249826344963",恭迎少爷！！！恭迎少爷！！！,0
"196.25500,1,25,16777215,1625546570,0,8a4ad8ba,51592243692175365",怎么没人说秀敏宝贝,2
"78.45900,1,25,16707842,1625546557,0,75a6c856,51592236763709443",恭迎少爷！！！,0
"171.28500,1,25,16777215,1625546545,0,8a4ad8ba,51592230562430981",鹿晗神颜,0
"116.98100,1,25,16777215,1625546491,0,8a4ad8ba,51592202102505479",都特别帅！！！！！,0
"102.42400,1,25,16777215,1625546476,0,8a4ad8ba,51592194544369669",这个团真的爱了这么久，巅峰无人能及啊,0
"160.45900,1,25,15138834,1625546448,0,6e436276,51592179576471557",开鹿开鹿开鹿！！！,0
"22.24900,1,25,16777215,1625546396,0,8a4ad8ba,51592152437751811",做的真好！！,0
"34.20500,5,25,9033215,1625546308,0,23479791,51592106441965571",好嫩啊，珉珉！！！！,0
"34.20500,5,25,9033215,1625546279,0,23479791,51592091176796167",xium啊啊啊啊啊啊啊啊啊啊啊啊啊啊啊啊啊啊！！！！！,3
"59.95900,1,25,16777215,1625546259,0,a03bcc48,51592080555245575",世勋竟然还有红发时期,3
"42.13900,1,25,16777215,1625546230,0,a03bcc48,51592065266483207",哈哈哈哈哈,0
"135.71900,1,25,16777215,1625546230,0,7c7b5c9b,51592065678573639",灿烈！！！！！！,0
"120.91400,1,25,16777215,1625546205,0,7c7b5c9b,51592052478574597",灿烈啊啊啊,0
"12.18000,1,25,16777215,1625546200,0,41125560,51592049571921923",啊啊啊啊啊啊啊啊当年的梦,0
"99.01900,1,25,16707842,1625546121,0,372469e7,51592008117518343",鹿晗永远的神！！！！,0
"74.64300,1,25,16777215,1625546057,0,b0df5b7d,51591974550503429",吴亦凡！！！,0
"142.71800,4,25,15138834,1625545995,0,a5cf8546,51591942447824899",太帅了吧吴亦凡,0
"114.92100,1,25,16777215,1625545967,0,8053342e,51591927475208197",吴亦凡啊啊啊,0
"120.61700,4,25,15138834,1625545967,0,a5cf8546,51591927358816261",天神吴亦凡 太帅了,0
"111.23000,4,25,16707842,1625545907,0,a5cf8546,51591895934566405",前方美颜暴击,0
"112.83000,4,25,16777215,1625545889,0,a5cf8546,51591886521499651",神颜吴亦凡,0
"112.63800,4,25,16707842,1625545864,0,a5cf8546,51591873495564295",天神吴亦凡天神吴亦凡,0
"5.97900,1,25,16777215,1625545847,0,8bf5c9ff,51591864874172421",爷青回,0
"113.21400,4,25,16707842,1625545838,0,a5cf8546,51591860093714435",吴亦凡yyds吴亦凡yyds吴亦凡yyds,0
"97.38600,1,25,16777215,1625545743,0,245b4602,51591810128019463",鹿鹿宝贝！,0
"1.05100,1,25,16777215,1625545602,0,37bd3088,51591736271044615",12个人YYDS,0
"20.63700,1,25,16777215,1625545513,0,ee1bcbd0,51591689595781123",时代的眼泪,1
"34.18400,1,25,16777215,1625545338,0,d69299e2,51591597753106435",秀敏！,0
"127.89100,1,25,16777215,1625545275,0,a70aa139,51591564922191875",吴世勋啊啊啊,3
"151.78400,1,25,16777215,1625545264,0,53bc868c,51591559226851333",鹿晗好帅,0
"70.57900,1,25,16777215,1625545250,0,87fe4fa2,51591551526109187",金钟仁大帅哥,0
"8.66000,1,25,16777215,1625545183,0,87fe4fa2,51591516389376003",金钟仁！！！,0
"96.40300,1,25,16777215,1625545146,0,53bc868c,51591497256009733",鹿真的好帅,0
"93.41600,1,25,16777215,1625545138,0,53bc868c,51591492880826375",鹿晗啊啊啊啊啊啊,3
"92.90400,1,25,16777215,1625545134,0,53bc868c,51591490665709575",鹿晗好帅,0
"94.46100,1,25,16707842,1625544934,0,1f826546,51591386121633797",鹿晗啊啊啊！,3
"205.41900,1,25,16707842,1625544899,0,f4034b16,51591367651491845",鹿晗,0
"117.81900,1,25,16777215,1625544896,0,a65c6428,51591366139969541",麻德都好帅,0
"14.53900,1,25,16777215,1625544785,0,a65c6428,51591307755782147",为了我的青春投币,0
"122.82900,1,25,52480,1625544706,0,4d75dac4,51591266449227779",wyf英年跳舞视频,0
"152.33900,1,25,16707842,1625544704,0,f4034b16,51591265438924807",鹿哥真的好帅啊,0
"1.71900,1,25,16777215,1625544665,0,b39577df,51591245139017731",爷青回！,0
"105.61900,1,25,16777215,1625544651,0,a65c6428,51591237394759683",好高清,0
"92.13900,1,25,16707842,1625544621,0,f4034b16,51591221902049285",鹿晗啊啊啊,0
"178.67800,5,25,6830715,1625544567,0,380e37d7,51591193405947909",艺兴艺兴艺兴艺兴,0
"139.32600,1,25,16777215,1625544523,0,cedcff53,51591170506620931",为啥lay镜头这么少,1
"145.31800,5,25,6830715,1625544498,0,380e37d7,51591157634826247",张艺兴张艺兴张艺兴,0
"95.22000,1,25,16777215,1625544464,0,a903cad7,51591139705749507",你们挡住我鹿的脸啦！,2
"78.77900,1,25,16777215,1625544427,0,410aaddc,51591119952150535",当年的老吴太帅了呜呜呜呜呜呜呜呜,0
"29.05400,1,25,16777215,1625544371,0,668a95a4,51591090693734405",丝滑,0
"124.47800,1,25,16777215,1625544307,0,c4d72e3c,51591057287151623",吴亦凡这时候真的颜值巅峰,0
"72.21900,5,25,15138834,1625544301,0,eba55bc7,51591053899202567",嘟嘟嘟嘟,0
"95.80600,1,25,16777215,1625544267,0,c4d72e3c,51591036117975045",鹿晗真的是唇红齿白,0
"14.48400,1,25,16777215,1625544223,0,84ed3f83,51591013400051717",啊啊啊啊啊啊啊啊啊啊啊,3
"99.29500,1,25,16777215,1625544180,0,9c56e465,51590990566785031",颜值巅峰时期,0
"89.00700,1,25,16777215,1625544169,0,9c56e465,51590985161900037",太帅了,0
"95.47800,1,25,16777215,1625544120,0,7bc4a128,51590959133622277",淦！爷的青春是鹿晗,0
"18.83400,5,25,13369971,1625544077,0,857ae6e4,51590936874975235",边伯贤太可爱了吧,0
"45.29800,1,25,16777215,1625544057,0,7bc4a128,51590926065729539",我居然还会唱,0
"11.37900,1,25,16777215,1625544012,0,47effd94,51590902729670661",爷青回,0
"178.04300,1,25,6830715,1625543760,0,8042e8df,51590770330697735",lay！lay！lay！lay！lay！lay！lay！lay！lay！lay！lay！,0
"98.47900,1,25,16777215,1625543718,0,a8f5f8db,51590748441673735",初恋鹿晗啊啊啊啊啊啊啊,0
"149.45900,1,25,6830715,1625543635,0,8042e8df,51590704842932231",我爱你！张艺兴！张艺兴！张艺兴！张艺兴！,0
"146.89700,1,25,16777215,1625543590,0,8042e8df,51590681398345797",张艺兴！张艺兴！我爱你！,0
"17.25000,1,25,16777215,1625543561,0,ff4fb6ab,51590666070261767",我老公！,3
"27.05900,1,25,16777215,1625543553,0,410aaddc,51590661682495491",爷青回,0
"130.55800,1,25,16777215,1625543550,0,8042e8df,51590660335075335",灿烈！灿烈！,0
"20.27900,1,25,16777215,1625543536,0,ff4fb6ab,51590652996091911",我老公！,3
"150.64800,1,25,16707842,1625543187,0,1b5518f,51590470040551429",鹿晗鹿晗鹿晗鹿晗,0
"98.47900,1,25,16707842,1625543161,0,1b5518f,51590456369217541",鹿晗鹿晗,0
"22.87100,1,25,16777215,1625543151,0,19521f3d,51590451044548615",时代的泪,1
"93.11100,1,25,16777215,1625543142,0,1b5518f,51590446427144197",鹿晗鹿晗鹿晗鹿晗鹿晗鹿晗鹿晗鹿晗,0
"2.11000,5,25,41194,1625543018,0,bbfb1929,51590381304807427",黄子韬太帅了,0
"95.25100,5,25,16707842,1625542986,0,7d7e2f38,51590364724199431",鹿晗,0
"179.53900,1,25,16777215,1625542883,0,3bd48d3f,51590310387515397",张艺兴！！！！！,0
"146.21800,1,25,16777215,1625542869,0,aaee48d9,51590303344754695",这腋毛……,1
"158.43800,1,25,16707842,1625542793,0,858e5e86,51590263454826499",钓开子名场面,0
"167.72800,5,25,16777215,1625542790,0,1b43697,51590262138339331",泥嚎~张lay哥~,1
"177.85900,1,25,16777215,1625542764,0,c6a83ce,51590248344846341",Lay lay lay,0
"152.46900,1,25,16707842,1625542762,0,858e5e86,51590247443595267",啊啊啊啊啊鹿鹿,3
"147.25900,1,25,16777215,1625542716,0,c6a83ce,51590222837186563",艺兴艺兴,0
"153.89900,1,25,16707842,1625542699,0,c842ba3c,51590214239387651",少爷来了啊啊啊啊啊啊,3
"92.04900,1,25,16707842,1625542653,0,858e5e86,51590190202355715",鹿晗哥哥！！！,0
"99.17900,1,25,16707842,1625542638,0,c842ba3c,51590182118359043",鹿晗永远的神,0
"188.15400,1,25,16777215,1625542535,0,7f43bc5e,51590128096247815",老张啊,2
"146.70200,1,25,16777215,1625542490,0,7f43bc5e,51590104489132037",艺兴呀艺兴呀艺兴呀艺兴呀艺兴呀艺兴呀,0
"151.48100,1,25,16707842,1625542462,0,1eabf1c7,51590089846292485",鹿晗一点都没变,0
"4.79800,1,25,16777215,1625542374,0,3934c578,51590043830059013",好帅！,0
"93.26500,1,25,16707842,1625542084,0,1eabf1c7,51589891982622725",鹿晗啊从高中到现在工作 原来已经过去了这么久了啊,1
"23.41000,1,25,16777215,1625541351,0,508295e6,51589507427860483",这一刻纵享丝滑,0
"93.58600,1,25,16707842,1625541162,0,61a77461,51589408621068293",鹿晗,0
"18.06700,1,25,16777215,1625541157,0,fe6d7a9d,51589405741154311",bbh当年就是一眼万年了,0
"12.65900,1,25,16777215,1625541025,0,6ada854a,51589336449679363",爷青回,0
"5.91900,1,25,16777215,1625540955,0,913c0ce9,51589299730644997",卧槽黄子韬这么帅,0
"60.13900,1,25,16777215,1625540879,0,f8d29f62,51589259951341571",真的好丝滑,0
"15.23900,1,25,16777215,1625540858,0,413ad543,51589249243283461",爷青回！！！！,0
"129.05900,5,25,14811775,1625540824,0,cea4279f,51589231007498245",咧咧咧咧咧咧咧咧！！！！,0
"170.76900,1,25,14811775,1625540750,0,df89c2ef,51589192554643461",荣光主唱倩倩,0
"0.40400,4,25,38979,1625540738,0,627ce3e5,51589186116386819",鹿晗吴亦凡黄子韬均以退团,0
"152.55900,1,25,16777215,1625540737,0,9ef16c62,51589185332051975",呜呜鹿晗好绝,1
"91.34300,5,25,15138834,1625540703,0,fa95100e,51589167697625093",12人yyds!十二人YYDS,0
"100.93800,1,25,16777215,1625540691,0,1bfe9813,51589161470132227",鹿晗呜呜呜,1
"105.35900,1,25,16777215,1625540683,0,9ef16c62,51589157068734469",鹿晗太绝了。,0
"103.69900,1,25,16777215,1625540682,0,7059250,51589156898865157",爷青回,0
"1.17200,5,25,41194,1625540582,0,627ce3e5,51589104422879237",鹿晗黄子韬吴亦凡均以退团,0
"16.52200,1,25,16777215,1625540347,0,a3a84385,51588981074690055",吴世勋！！！怎么可以那么帅,0
"0.25900,5,25,15138834,1625540258,0,6ca31112,51588934344376325",爷青回,0
"104.51000,1,25,16777215,1625540049,0,c91dc41f,51588824629248003",嘟嘟嘟嘟嘟！！！！！,0
"130.17500,1,25,16777215,1625539991,0,2981601,51588794358431747",爷青回,0
"112.05100,1,25,16777215,1625539968,0,1d4caa0e,51588782620147715",吴亦凡那时候好帅啊,0
"93.49900,5,25,16707842,1625539937,0,bdefc128,51588766257643525",鹿晗啊啊啊啊啊啊啊啊啊啊,3
"1.93900,1,25,16777215,1625539936,0,c91dc41f,51588765691412485",啊啊啊啊啊啊,2
"70.50500,1,25,16777215,1625539909,0,1d4caa0e,51588751548743683",吴亦凡那时候真的帅,0
"97.86700,1,25,16777215,1625539884,0,ff83f1f8,51588738177826821",神颜,0
"98.11900,1,25,16707842,1625539778,0,2bd27e28,51588682896900101",鹿晗啊啊啊啊啊,0
"122.91900,1,25,16777215,1625539767,0,5dcaef91,51588676983455749",吴亦凡那个时候是真的帅,0
"13.60600,1,25,16777215,1625539721,0,5ceff174,51588652955336709",爷青回,0
"181.20300,5,25,6830715,1625539686,0,8d6ac382,51588634551779335",张艺兴！！！！！！,0
"75.83800,1,25,38979,1625539657,0,f843733e,51588619208491011",嘟嘟我爱！,0
"11.92300,1,25,38979,1625539585,0,f843733e,51588581531058179",爷青回！,0
"137.10500,5,25,16707842,1625539534,0,b5c5325a,51588554650288133",rap小开，啊啊啊好奶好可爱,0
"56.85100,5,25,15138834,1625539388,0,b5c5325a,51588478216962055",表白南韩舞王金钟仁,0
"7.67800,5,25,16707842,1625539279,0,b5c5325a,51588421377327111",啊啊啊啊啊啊金钟仁我老公,3
"7.67800,5,25,16707842,1625539271,0,b5c5325a,51588416857964549",啊啊啊啊啊啊金钟仁我老公,3
"7.67800,5,25,16707842,1625539260,0,b5c5325a,51588411309948931",啊啊啊啊啊啊金钟仁我老公,3
"164.68900,1,25,16777215,1625539258,0,6cc80ac3,51588410382483463",为金俊勉打call,0
"96.81900,1,25,16777215,1625539198,0,c1201133,51588378589134851",鹿鹿！！,0
"153.71900,5,25,16707842,1625539188,0,8c10dd0b,51588373489385479",帅帅帅,0
"93.05900,5,25,16707842,1625539105,0,8c10dd0b,51588329769009159",鹿晗！,0
"183.09900,1,25,16777215,1625539096,0,834da0cd,51588325215567875",艺兴,0
"95.53200,5,25,16707842,1625538945,0,73c8958c,51588246209560583",鹿晗luhan永远的神！！,0
"111.48100,1,25,16777215,1625538823,0,9add2fba,51588181924511747",pcy！！！！,0
"6.35900,1,25,16777215,1625538822,0,cec21e64,51588181627240455",爷青回,0
"98.31100,1,25,16777215,1625538810,0,9add2fba,51588175019114499",好秀,0
"133.59200,1,25,16777215,1625538794,0,108b9711,51588166805094405",老公！！,0
"15.33700,5,25,16707842,1625538774,0,627ce3e5,51588156378054661",退团了 为啥还要剪 九锥盛世不香吗,2
"6.37700,5,25,16707842,1625538738,0,627ce3e5,51588137451257863",鹿晗 黄子韬 吴亦凡不是退团了吗？？？,2
"0.74100,1,25,16777215,1625538572,0,108b9711,51588050672156675",战哥起,0
"185.11200,1,25,16777215,1625538537,0,808c64fd,51588032246054915",艺兴,0
"82.73600,1,25,16777215,1625538496,0,1dd661c4,51588010741334019",时代的眼泪，都快十年了诶,1
"19.51600,1,25,16777215,1625538474,0,981d0a3f,51587998910251015",九敏啊狗勾太可可啦！,0
"16.57400,1,25,16777215,1625538452,0,981d0a3f,51587987520094211",啊啊啊啊啊啊啊啊,2
"8.33900,1,25,16777215,1625538360,0,d33a9c82,51587939204333575",爷青回！！！,0
"22.43900,1,25,16777215,1625538336,0,93ddf4d8,51587926550118403",爷青回爷青回！！！！,0
"73.88800,1,25,16777215,1625538249,0,dcb56045,51587880854749187",KAI,0
"87.87400,1,25,16777215,1625538138,0,af322153,51587823169437701",我的青春，我的Kris呜呜呜呜呜呜呜呜呜,1
"151.74200,1,25,16777215,1625538118,0,beee849e,51587812540547079",鹿少真的绝,0
"91.51000,1,25,16777215,1625537989,0,beee849e,51587744856014853",他真的好看,0
"24.01000,1,25,16777215,1625537978,0,fe29884e,51587738803109895",爷青回！,0
"24.15600,1,25,16777215,1625537842,0,e4e733a,51587667895779335",金钟大好帅！,0
"21.33100,1,25,16777215,1625537774,0,1684e87f,51587632118890501",表情一模一样绝了,0
"19.77900,1,25,16777215,1625537503,0,54f7ddfa,51587489962917891",爷青回,0
"146.33900,1,25,15772458,1625537465,0,a2f692f6,51587470270660611",张艺兴张艺兴张艺兴张艺兴张艺兴张艺兴张艺兴,0
"168.01300,1,25,8700107,1625537421,0,3af55e4f,51587446881648643",倩倩倩倩倩倩倩倩,0
"164.81800,1,25,16777215,1625537255,0,3b529e3b,51587360183812101",都是男的女的？,2
"1.59900,1,25,16777215,1625537235,0,df6be111,51587349616263173",妈呀爷青回,3
"145.21000,1,25,16777215,1625537149,0,a05c01c8,51587304187232261",张艺兴,0
"54.03100,1,25,16777215,1625537145,0,3b529e3b,51587302089031687",棒子？,2
"99.73200,1,25,16777215,1625537142,0,ea167c6c,51587300560207877",鹿晗啊啊啊啊啊,0
"27.39800,1,25,8700107,1625537140,0,3af55e4f,51587299884924933",哇啊啊啊啊啊！倩倩倩倩倩倩倩倩倩倩倩倩倩倩倩倩倩倩,3
"167.91300,1,25,16777215,1625537140,0,16e1e78e,51587299695657031",爷的青春,0
"71.94600,1,25,14811775,1625537113,0,e88aff7e,51587285463334919",Kris!,0
"7.80800,1,25,16777215,1625537098,0,3b529e3b,51587277845430275",？？？？？？？？？,3
"150.46200,1,25,16777215,1625537088,0,5cb30683,51587272352989187",好甜！！！,0
"18.99300,1,25,16777215,1625537085,0,37e6a19e,51587270910148611",贝肯尼！,0
"175.08000,5,25,6830715,1625537026,0,16e38ca1,51587239876493319",艺兴艺兴艺兴艺兴艺兴艺兴艺兴艺兴艺兴艺兴,0
"95.03800,1,25,16777215,1625537018,0,8e59872e,51587235843145735",鹿晗,0
"175.74200,5,25,6830715,1625536990,0,16e38ca1,51587221004222469",艺兴艺兴艺兴艺兴艺兴艺兴艺兴艺兴艺兴,0
"174.61100,5,25,6830715,1625536978,0,16e38ca1,51587214704377861",艺兴艺兴艺兴艺兴艺兴艺兴艺兴艺兴艺兴,0
"56.87300,1,25,16777215,1625536977,0,5cb30683,51587214041153539",呜呜呜开宝,1
"174.78200,5,25,6830715,1625536962,0,16e38ca1,51587206472531975",艺兴艺兴艺兴艺兴艺兴艺兴艺兴艺兴,0
"144.70200,5,25,6830715,1625536912,0,16e38ca1,51587180036358151",艺兴艺兴艺兴艺兴艺兴艺兴艺兴艺兴艺兴艺兴艺兴,0
"144.83000,5,25,6830715,1625536885,0,16e38ca1,51587165986488325",艺兴艺兴艺兴艺兴艺兴艺兴艺兴艺兴艺兴艺兴,0
"123.44200,1,25,16777215,1625536839,0,b9644ed0,51587142042779653",初二啊，现在大学快毕业了,1
"2.52500,4,25,15138834,1625536744,0,f9dcedd4,51587091824377861",能不能别侮辱男人,2
"138.47300,1,25,16777215,1625536708,0,7d22f0f0,51587073007157253",开开好帅！,0
"17.49900,1,25,16777215,1625536587,0,303180e3,51587009974108167",爷青回,0
"4.93900,1,25,16777215,1625536569,0,303180e3,51587000397463559",咆哮yyds,0
"93.24500,1,25,16707842,1625536402,0,db90c886,51586912853950469",少爷擦擦擦！！！！！,0
"92.78300,5,25,16707842,1625536357,0,fdd64567,51586889356935173",鹿晗鹿晗鹿晗鹿晗鹿晗鹿晗鹿晗鹿晗鹿晗鹿晗鹿晗帅,0
"10.17900,1,25,16777215,1625536309,0,1f791e32,51586864243539973",爷青回,0
"152.18900,1,25,16707842,1625536244,0,f9dd4d3c,51586830067302403",鹿晗！！！！！啊啊啊啊啊啊啊啊,0
"153.31900,1,25,16777215,1625536189,0,d2f5f030,51586801299619845",原来他们都是男团出道的呀？,3
"91.60200,1,25,16707842,1625536175,0,f9dd4d3c,51586793660743685",鹿晗！！！！啊啊啊啊少爷！,0
"155.96400,1,25,16777215,1625536137,0,5de7a8be,51586773740945415",鹿晗鹿鹿,0
"203.46800,1,25,16777215,1625536088,0,d0e67ca8,51586748080193541",鹿晗鹿晗鹿晗鹿晗鹿晗鹿晗,0
"11.91900,1,25,16777215,1625536049,0,b1d1aa31,51586727423770629",啊啊啊啊啊我淦！！热门看到的，爷青回！,0
"25.89900,1,25,16777215,1625536030,0,9e6d8c4,51586717581836293",哇哇哇,0
"94.13900,1,25,16777215,1625535920,0,382f3edd,51586660291837955",鹿晗啊，是LUHAN啊,0
"6.71600,1,25,16777215,1625535869,0,4e803f77,51586633526411267",边伯贤,0
"43.83000,1,25,16777215,1625535837,0,2604055e,51586616333959173",伯贤伯贤,0
"39.83000,1,25,16777215,1625535824,0,2604055e,51586609503535107",伯贤好奶 好想嘬一口,0
"70.81900,1,25,16777215,1625535807,0,2f5d232e,51586601018458115",喜欢九年了都,0
"2.11000,1,25,16777215,1625535717,0,8f1e3c27,51586553806848005",啊,3
"189.09900,5,25,6830715,1625535713,0,55760133,51586551655170051",张艺兴张艺兴张艺兴张艺兴,0
"189.09900,5,25,6830715,1625535708,0,55760133,51586548981301251",张艺兴张艺兴张艺兴张艺兴张艺兴张艺兴张艺兴,0
"177.07800,5,25,6830715,1625535676,0,55760133,51586532265426947",张艺兴张艺兴张艺兴张艺兴,0
"174.59800,5,25,6830715,1625535665,0,55760133,51586526269145157",张艺兴！！！,0
"174.59800,5,25,6830715,1625535657,0,55760133,51586522377355271",张艺兴张艺兴张艺兴,0
"144.46200,1,25,6830715,1625535614,0,55760133,51586499530981379",张艺兴张艺兴张艺兴张艺兴张艺兴张艺兴张艺兴张艺兴张艺兴张艺兴,0
"121.29900,1,25,16777215,1625535598,0,37bd6313,51586491210006531",艺兴啊啊啊啊,0
"144.30200,1,25,6830715,1625535583,0,55760133,51586483230867459",张艺兴张艺兴张艺兴张艺兴张艺兴张艺兴张艺兴,0
"144.30200,5,25,6830715,1625535571,0,55760133,51586477328957443",张艺兴张艺兴张艺兴张艺兴,0
"153.98200,1,25,16777215,1625535545,0,e2beb208,51586463183142919",鹿哥真的超级好看啊,0
"70.53100,1,25,14811775,1625535492,0,55760133,51586435703635973",都暻秀！！！,0
"93.65200,1,25,16777215,1625535472,0,e2beb208,51586425188515843",鹿晗我的宝贝！！！！,0
"94.01900,1,25,16777215,1625535338,0,5e1e0bc7,51586354998411269",鹿晗鹿晗鹿晗鹿晗,0
"47.31900,1,25,16777215,1625535303,0,dc0e1ca8,51586336354729991",最喜欢这部分了！！,0
"101.71800,1,25,16707842,1625535089,0,a5e236a,51586224297607173",神仙啊鹿晗,0
"93.15800,1,25,16707842,1625535073,0,a5e236a,51586215924203523",靠！！！尼玛！！鹿晗太帅了太撩人了吧！,3
"11.32600,1,25,16777215,1625534983,0,823086a0,51586168763449347",爷青回,0
"43.02100,1,25,16777215,1625534925,0,3fc06aa8,51586138609025027",爷青回,0
"34.79900,1,25,16777215,1625534896,0,6383a361,51586123418828807",好牛啊好牛啊,0
"19.23900,1,25,16777215,1625534877,0,6383a361,51586113261273091",呜呜呜呜呜我永远的青春,1
"200.20000,1,25,16777215,1625534869,0,7a15af3d,51586109168680967",鹿晗yyds,0
"6.85900,1,25,16777215,1625534858,0,6383a361,51586102992044037",爱丽yyds,0
"35.65000,5,25,16777215,1625534844,0,b63f0bc8,51586095882174467",滚,2
"29.68700,5,25,16777215,1625534835,0,b63f0bc8,51586090986897413",滚,2
"34.51200,1,25,16777215,1625534728,0,b63f0bc8,51586035065815047",韩流。。。。。。。,0
"194.37900,1,25,16777215,1625534525,0,25943113,51585928670478339",张艺兴,0
"10.38700,1,25,16777215,1625534319,0,5c7bbbae,51585820594798597",爷青回,0
"198.92900,1,25,16777215,1625534279,0,830ad041,51585799734427655",画质清晰,0
"98.81900,1,25,16777215,1625534228,0,f6bf5341,51585772852084741",！神仙这时候,0
"151.74200,1,25,16777215,1625534224,0,830ad041,51585770779574275",鹿晗宝贝,0
"96.31100,1,25,16777215,1625534145,0,830ad041,51585729638694919",鹿晗好帅 爷青回,0
"94.68200,1,25,16777215,1625534131,0,830ad041,51585722199048199",啊啊啊啊 鹿晗啊 ,3
"128.98000,1,25,16777215,1625534102,0,bd32d5b4,51585706959044611",好可爱那时候,0
"19.83600,1,25,16777215,1625534045,0,830ad041,51585676949848071",好久不听了,0
"93.97000,1,25,16707842,1625533405,0,825f6703,51585341459529735",鹿晗啊啊啊啊啊,0
"1.31900,1,25,16777215,1625533302,0,825f6703,51585287282229253",爷青回,0
"2.51900,1,25,16777215,1625533224,0,b871c3e3,51585246303354887",请收下我的膝盖,0
"53.85900,1,25,16777215,1625532723,0,5b38e232,51584983784488965",我的青春啊,0
"97.27200,1,25,16777215,1625532616,0,33cbb792,51584927592349703",鹿晗，，，，,0
"188.61700,1,25,16777215,1625532447,0,1b527944,51584839380893701",这运镜这么统一的吗？,2
"201.81100,5,25,15138834,1625532416,0,f61cf0af,51584822990602243",开爷！,0
"195.19900,1,25,16777215,1625532395,0,f61cf0af,51584811824840709",chenyyds,0
"164.90600,1,25,16777215,1625532326,0,f61cf0af,51584775534673925",倩倩,0
"143.14600,1,25,16777215,1625532302,0,f61cf0af,51584763331346435",开开开,0
"1.94000,1,25,16777215,1625532053,0,a422400c,51584632791498755",感谢你收看老娘的青春,0
"179.09300,1,25,16777215,1625531988,0,cec65272,51584598505160707",哇,3
"124.28100,1,25,16777215,1625531982,0,efb439a9,51584595434930183",给贵公子排面！！,0
"94.13400,1,25,16777215,1625531885,0,cec65272,51584544718454789",韬韬那时候真的好帅,0
"202.47200,1,25,16777215,1625531841,0,7073943c,51584521511895045",太絕了,0
"26.84000,1,25,16777215,1625531818,0,cec65272,51584509182738435",爷青回!,0
"127.69900,1,25,16777215,1625531653,0,4f42ec35,51584423030161415",吴亦凡真的天神,0
"45.72400,1,25,15138834,1625531616,0,68e192e9,51584403729547269",这是男还是女？,2
"148.41900,1,25,16777215,1625531528,0,4f42ec35,51584357130305543",吴亦凡好帅啊！,0
"96.01900,1,25,15138834,1625531484,0,9134f131,51584334271348741",鹿哈,0
"42.34700,1,25,16777215,1625531460,0,f541604a,51584321879277571",珉锡太勾人了,0
"78.61900,1,25,16777215,1625531446,0,4f42ec35,51584314355220483",吴亦凡yyds,0
"76.81900,1,25,16777215,1625531440,0,4f42ec35,51584311168598021",凡凡,0
"2.61900,1,25,16777215,1625531380,0,9134f131,51584279532535813",好家伙,0
"121.79300,1,25,16777215,1625531185,0,6fa54076,51584177799692291",Kris好看！,0
"1.87400,1,25,16777215,1625530994,0,61a77461,51584077351354373",we   are one ,3
"17.89900,1,25,16777215,1625530800,0,223b97ca,51583975660978179",时泪,1
"175.25200,1,25,16777215,1625530704,0,6b38ad6c,51583925235482627",哈哈哈哈哈哈哈前面怎么回事,0
"4.59900,1,25,16777215,1625530517,0,a527fa55,51583827324698629",爷青回,0
"3.15500,5,25,41194,1625530344,0,b6e98f22,51583736877678597",黄子韬！！！,0
"154.53900,1,25,16777215,1625528974,0,dc5d92fe,51583018290118659",帅,0
"186.80000,1,25,16777215,1625528705,0,beb69e17,51582877259268099",这剪得也太丝滑了吧,2
"111.43900,1,25,16777215,1625528480,0,aebae766,51582759366295559",爱了爱了,0
"5.17100,1,25,16777215,1625528431,0,8e21dc7a,51582733404078087",爷青回,0
"109.90700,1,25,16777215,1625528096,0,4dcd428e,51582558010867715",llay lay,0
"93.15500,1,25,16777215,1625528079,0,4dcd428e,51582549222752263",lay,0
"83.16000,1,25,16777215,1625528069,0,4dcd428e,51582543997173767",张艺兴,0
"20.51900,1,25,16777215,1625527461,0,3c6c70c3,51582224979460101",纵享丝滑,0
"4.45900,1,25,16777215,1625527419,0,3c6c70c3,51582202935246853",啊啊啊啊啊啊啊啊啊爷青回,3
"113.65900,1,25,16777215,1625527395,0,a19b3dea,51582190702034949",吴亦凡！！,0
"177.65900,1,25,16777215,1625527295,0,97ac0c1a,51582137872154627",张艺兴！！！！！,0
"94.89900,1,25,16777215,1625527202,0,97ac0c1a,51582089202499587",鹿晗！！！！！！,0
"93.51900,1,25,16777215,1625526671,0,163fd8d9,51581810772541443",鹿晗鹿晗,0
"101.09900,1,25,16777215,1625524675,0,8a41fbcc,51580764537487367",鹿晗晗晗晗晗,0
"14.86900,1,25,16777215,1625524413,0,6d561fbd,51580626835865607",2021了居然还有这种好东西！！,3
"95.34000,1,25,16777215,1625524143,0,8c2be7c4,51580485384011781",我的鹿啊！,1
"152.19100,1,25,16707842,1625523902,0,da3b43d6,51580359364575235",鹿晗,0
"95.87000,1,25,16707842,1625523843,0,da3b43d6,51580328053571589",鹿晗！,0
"11.92300,1,25,16707842,1625523215,0,d4cce883,51579998821154819",文艺复兴了,0
"180.88200,5,25,15772458,1625522323,0,33f14b41,51579531409489925",进塔！,0
"178.25800,5,25,15772458,1625522317,0,33f14b41,51579528323006471",木拉塔！,0
"175.52700,5,25,15772458,1625522311,0,33f14b41,51579524995874819",屯他！,2
"172.83900,5,25,15772458,1625522304,0,33f14b41,51579521291780099",ki 拉他！,0
"147.19700,5,25,15772458,1625522267,0,33f14b41,51579501922484231",WE ARE 엑소 ！,0
"129.53300,5,25,15772458,1625522182,0,33f14b41,51579457649508355",尤佳拉！,0
"127.48500,5,25,15772458,1625522164,0,33f14b41,51579448060805127",波西啦！,0
"113.57500,5,25,15772458,1625522117,0,33f14b41,51579423556632583",饿了龙饿了龙饿了龙！,0
"111.67700,5,25,15772458,1625522108,0,33f14b41,51579418389250051",进塔！,0
"108.90300,5,25,15772458,1625522096,0,33f14b41,51579412238827523",木拉塔！,0
"106.13000,5,25,15772458,1625522084,0,33f14b41,51579405807386627",屯他！,2
"103.80500,5,25,15772458,1625522069,0,33f14b41,51579397916327941",给邋遢！,2
"64.31700,5,25,15772458,1625522014,0,33f14b41,51579369541337093",饿了龙饿了龙饿了龙,0
"62.69500,5,25,15772458,1625522007,0,33f14b41,51579365417287687",饿了龙饿了龙饿了龙！,0
"60.58300,5,25,15772458,1625521999,0,33f14b41,51579361556955143",饿了龙饿了龙饿了龙！,0
"55.37800,5,25,15772458,1625521963,0,33f14b41,51579342511144967",mu la ta！,0
"49.89500,5,25,15772458,1625521895,0,33f14b41,51579307067179013",ki la ta！,0
"50.49300,1,25,16777215,1625521862,0,33f14b41,51579289407586307",ki la ta！,0
"23.89000,4,25,15772458,1625521789,0,33f14b41,51579251220021253",엑소—M！,0
"18.62100,4,25,15772458,1625521768,0,33f14b41,51579240148631559",엑소—K！,0
"13.84200,4,25,15772458,1625521721,0,33f14b41,51579215869902855",可带拉！,0
"95.89900,1,25,16707842,1625521674,0,a9dec50,51579191267164167",鹿鹿鹿鹿,0
"153.47900,1,25,16707842,1625520891,0,b8e262b7,51578780536274951",鹿哥啊啊啊啊啊啊啊啊啊啊,3
"96.11900,1,25,16707842,1625520834,0,b8e262b7,51578750490378245",鹿哥啊啊啊啊啊啊,3
"120.29700,1,25,6830715,1625520255,0,9af02c66,51578447045591045",嫩嫩的兴兴,0
"111.50800,1,25,16777215,1625518686,0,27dcba2f,51577624257888261",这剪辑真绝了！！！,0
"105.91500,1,25,16777215,1625516941,0,3b0d9081,51576709640617991",鹿晗,0
"97.83900,5,25,16707842,1625514599,0,61515076,51575481599262725",谁不喜欢鹿晗555,2
"4.54100,1,25,16777215,1625513497,0,4193171f,51574903961288709",yyds！,0
"97.73700,1,25,16707842,1625513022,0,dc8f6b7f,51574654652907527",鹿鹿,0
"199.31500,1,25,16777215,1625512403,0,47b93745,51574330338836485",留下了时代的眼泪 呜呜呜,1
"132.47900,1,25,16777215,1625512216,0,61c84e38,51574232052137991",好青涩,0
"18.57100,5,25,16707842,1625511691,0,e6889b4b,51573957199921159",好甜一只虎子,0
"170.99500,5,25,16707842,1625511039,0,e6889b4b,51573615022833667",吹爆chen高音,0
"154.12100,5,25,16707842,1625510993,0,e6889b4b,51573590970597379",小王子本人了,0
"93.55300,5,25,16707842,1625510889,0,e6889b4b,51573536513327111",鹿晗帅死了！！！,0
"82.11300,5,25,16707842,1625510866,0,e6889b4b,51573524494548999",烫知识，小哥哥一开始指金俊勉,0
"31.85900,1,25,16777215,1625510808,0,b848a9ff,51573494157672451",灿烈灿烈,0
"23.42200,5,25,16707842,1625510724,0,e6889b4b,51573450368090115",倩倩的比心我好爱,0
"0.37900,5,25,16707842,1625510660,0,e6889b4b,51573416516386821",黄子韬你特么好帅！,0
"152.85900,1,25,16777215,1625510548,0,47aaf24e,51573357945028613",鹿晗绝绝子啊啊啊啊,0
"97.65900,1,25,16777215,1625510475,0,47aaf24e,51573319600701443",啊啊啊啊啊鹿晗！,3
"29.45900,1,25,16777215,1625509982,0,f1ee4fed,51573060895506435",13年的小天都好嫩啊!  !  !,0
"148.62300,1,25,16777215,1625509939,0,1ae83423,51573038617460741",吴亦凡绝绝子太帅了,0
"179.40500,1,25,16777215,1625509751,0,f77142d7,51572939713150979",从艺兴越来越好看可知自律的重要性,0
"169.01900,1,25,16777215,1625509702,0,f01a83c8,51572914227511299",张lay哥，泥嚎,1
"197.82300,1,25,16777215,1625509638,0,f77142d7,51572880857104391",艺兴怎么越来越好看了,0
"35.63900,1,25,16777215,1625509108,0,a2961aff,51572602646822917",大哥好帅呜呜呜,0
"36.15800,1,25,16777215,1625508593,0,b8b37fae,51572332661571591",现在看到底是物是人非了,1
"33.25700,1,25,16777215,1625508578,0,b8b37fae,51572324839194629",我的青春就是他们了,0
"92.22700,1,25,16777215,1625508028,0,666bca65,51572036425744389",啊啊啊啊啊啊啊啊啊啊啊Luhan,3
"34.65100,1,25,16777215,1625507908,0,3834fa62,51571973686296581",ccc,0
"5.30300,1,25,16777215,1625507891,0,666bca65,51571964758720517",爷青回,0
"9.27900,1,25,16777215,1625507858,0,8196b5f0,51571947432574983",爷青回,0
"166.86100,5,25,15138834,1625507788,0,ebedbbbc,51571910801620995",队长笑得好甜！,0
"105.65900,5,25,15138834,1625507704,0,ebedbbbc,51571866621444103",烈烈宝贝笑的好可爱！,0
"21.47100,1,25,16777215,1625507681,0,f6400a94,51571854618394631",好帅好帅,0
"16.78700,1,25,16777215,1625507591,0,ebedbbbc,51571807622266883",四嫂来了！,0
"17.17000,1,25,16777215,1625507563,0,7fc7cdc8,51571792832102405",不得不说一句爷青回了,0
"100.37900,1,25,16777215,1625507533,0,d5eecff8,51571777109753859",啊啊啊啊啊啊啊阿绝了,0
"146.00600,1,25,6830715,1625507264,0,b36f882b,51571636202635267",张艺兴张艺兴!!,0
"8.33400,1,25,16777215,1625507120,0,d3de41fe,51571560765456387",一把子支持,0
"19.41000,1,25,16777215,1625506983,0,a6c0ac48,51571488953729029",救命泪目了,1
"25.88200,1,25,16777215,1625506862,0,d3de41fe,51571425051410439",爷青回,0
"93.57900,1,25,16777215,1625506796,0,ac82b44,51571390708973575",鹿晗！想你！,0
"157.84400,1,25,14811775,1625506762,0,a3bd409,51571373075595271",啊啊啊啊啊啊啊啊我的开鹿,3
"153.36300,1,25,16707842,1625506713,0,a3bd409,51571347287965699",啊啊啊啊啊啊啊啊啊啊,2
"149.83900,1,25,16777215,1625506704,0,c40df56b,51571342510129157",张艺兴那时候也很好看,0
"94.14100,1,25,16777215,1625506692,0,22aa5d41,51571336079736835",鹿晗鹿晗鹿晗,0
"97.75900,1,25,16777215,1625506643,0,c40df56b,51571310692139015",他好漂亮,0
"95.39900,1,25,16777215,1625506635,0,c40df56b,51571306403987459",娘啊，他和,0
"75.93900,1,25,16777215,1625506609,0,c40df56b,51571292842229765",吴亦凡绝了,0
"127.03800,5,25,16707842,1625506588,0,8eb2b210,51571281835851781",朴灿烈、狠狠爱了、、,0
"23.27300,1,25,16777215,1625506586,0,48242a3c,51571280723836935",啊啊啊啊啊伯贤好嫩,0
"76.81900,1,25,16777215,1625506287,0,ede44e08,51571123961200647",DNA跳动了,3
"153.07700,1,25,16707842,1625506240,0,218fa2c7,51571099166572547",鹿晗惊为天人！！,3
"140.69200,1,25,16777215,1625506180,0,4ed3b43c,51571067858714631",开开开开开啊啊啊啊帅死了,0
"98.47700,1,25,16707842,1625506177,0,218fa2c7,51571066246004741",鹿晗绝了啊！,0
"56.34000,1,25,16777215,1625506070,0,4ed3b43c,51571010069069829",金钟仁给我帅拉了,0
"163.75300,1,25,14811775,1625505885,0,f2ddd623,51570912933183491",伯贤尼^ ^,0
"91.79500,1,25,16777215,1625505821,0,b8592bef,51570879755190277",鹿晗鹿晗鹿晗！！！,0
"53.50200,1,25,14811775,1625505793,0,f2ddd623,51570864794632199",眼线贤贤,0
"21.90800,1,25,14811775,1625505673,0,f2ddd623,51570801988075525",伯贤可爱鬼！,0
"190.21300,1,25,16777215,1625505400,0,6aab99dd,51570658648260611",张总！！！！,0
"153.69900,1,25,16777215,1625505312,0,c5d873b5,51570612604239877",宝贝鹿鹿，鹿哈尼呜呜,0
"93.67200,1,25,16777215,1625505085,0,d062d598,51570493468180485",Luhan ,0
"149.23900,1,25,16777215,1625504974,0,160618be,51570435279028227",爱情开始的地方,0
"187.17000,1,25,16777215,1625504962,0,4195ce9b,51570429189423107", 呜呜呜呜呜呜呜呜呜爷的青春啊啊啊啊,1
"15.93900,1,25,16777215,1625504866,0,c98cf1ea,51570378780180487",吴世勋！！！,0
"121.84900,1,25,16777215,1625504815,0,f5492af3,51570351962324995",吴亦凡绝了绝了,0
"35.36500,1,25,16777215,1625504815,0,870a6074,51570351818670087",爷青回,0
"196.14700,1,25,16777215,1625504792,0,cbb7fdcf,51570340027957255",荣光主唱金钟大,0
"76.49900,1,25,16777215,1625504746,0,f5492af3,51570315856707591",啊啊啊Kris,1
"128.02700,1,25,16777215,1625504707,0,cbb7fdcf,51570295464001539",西西！,0
"94.05900,1,25,16777215,1625504615,0,d17b84a7,51570247094239237",鹿晗！,0
"191.53900,5,25,16707842,1625504554,0,c5612413,51570215070728199",张艺兴张艺兴张艺兴,0
"145.33900,1,25,16777215,1625504496,0,c5612413,51570184583905287",张艺兴！！！！！！！！！！,0
"181.22000,1,25,16777215,1625504481,0,dea257f0,51570176997982213",艺兴!lay!,0
"133.87200,1,25,16777215,1625504403,0,246225d4,51570135978213381",灿烈啊啊,0
"172.95900,1,25,16777215,1625504355,0,4f3263fa,51570110692851719",入伍了,0
"85.65200,1,25,16777215,1625504315,0,6af4fdf8,51570089864462341",12人yyds,0
"1.51800,1,25,16777215,1625504274,0,1bb0cd88,51570068387528711",爷青回,0
"113.71500,1,25,6830715,1625504239,0,7a63d418,51570050130247687",张艺兴张艺兴张艺兴张艺兴张艺兴,0
"31.23900,1,25,16777215,1625504201,0,4f3263fa,51570030316879875",啊啊啊啊伯贤伯贤！,0
"91.70300,1,25,16777215,1625504051,0,403cfcbe,51569951562530821",鹿晗鹿晗,0
"153.74700,5,25,16707842,1625503984,0,61777b78,51569916156837891",鹿晗,0
"153.40600,1,25,16777215,1625503881,0,d2e051fe,51569862316130309",鹿哥 鹿哥 ,0
"14.28600,1,25,16777215,1625503812,0,54b12ba,51569826193211397",12年出道的xo也太帅了吧,0
"11.08600,1,25,16777215,1625503795,0,54b12ba,51569817162874883",现在看这他妈也太帅了吧,0
"97.00100,1,25,16777215,1625503794,0,d2e051fe,51569816779620359",啊啊啊啊 鹿哥,3
"10.19300,1,25,16777215,1625503784,0,54b12ba,51569811479592963",啊啊啊啊啊枯了,1
"99.90200,5,25,16707842,1625503770,0,61777b78,51569804087132167",鹿晗哥哥！！！,0
"180.61500,1,25,16777215,1625503733,0,211404f,51569784570511365",阿阿阿阿阿阿啊啊艺兴,3
"16.75800,1,25,16777215,1625503682,0,494e4419,51569758053597191",时代的眼泪呜呜呜,1
"152.52300,1,25,16777215,1625503662,0,d6703c6c,51569747648053253",鹿晗这颜值真绝了,0
"96.13900,1,25,16777215,1625503528,0,d6703c6c,51569677147045893",不愧是你鹿哥,0
"20.97900,1,25,16777215,1625503513,0,3e5aa2ee,51569669460983813",爷青回,0
"130.47900,1,25,16777215,1625503479,0,868ded35,51569651397689349",5555灿烈好奶,0
"152.18500,1,25,16707842,1625503442,0,80d12f5a,51569632380715015",太好看了鹿晗,0
"151.54500,1,25,16707842,1625503430,0,80d12f5a,51569626142736387",鹿晗是仙子吧,0
"150.98500,5,25,16707842,1625503410,0,80d12f5a,51569615588294661",鹿晗好好看啊,0
"102.58900,1,25,9487136,1625503321,0,f6167216,51569569018413063",我擦都暻秀这一嗓子太顶了,0
"98.81900,5,25,16707842,1625503306,0,80d12f5a,51569561041371139",鹿晗啊啊啊啊啊啊啊,3
"95.77900,5,25,16707842,1625503284,0,80d12f5a,51569549249085443",鹿晗鹿晗鹿晗啊啊啊啊啊啊,0
"87.99700,1,25,9487136,1625503277,0,f6167216,51569545604759557",我是21年新粉！！！！！他们永远都不会被遗忘,0
"76.07100,1,25,16777215,1625503229,0,f6167216,51569520627154951",嘟嘟的音色卧槽,3
"36.98000,1,25,16777215,1625503145,0,5063ed4b,51569476317478919",爷青回啊啊啊,0
"181.41900,1,25,16777215,1625503025,0,527754f4,51569413394530311",张pd帅啊,0
"17.53900,1,25,16777215,1625502988,0,d845589c,51569394033098759",爷青回,0
"151.67800,1,25,16777215,1625502906,0,866ea5f,51569351403241479",好帅呀,0
"145.02300,1,25,16777215,1625502768,0,3556626f,51569279044157443",四大门面到现在也是会让人惊叹的颜值,0
"111.41900,1,25,16777215,1625502687,0,a8ae05f6,51569236567392261","眼睛都很亮,现在爱豆好多小眯缝眼且无神",1
"18.40800,1,25,16777215,1625502674,0,866ea5f,51569229494747139",啊啊啊啊啊啊啊啊啊啊终于等到你,0
"158.44100,1,25,16777215,1625502666,0,adf1daad,51569225394814983",前面前夫哥笑死我啦 我也觉得好帅 不愧当初一眼看上的,0
"12.09400,1,25,16777215,1625502652,0,866ea5f,51569217807319043",爷青回,0
"151.96100,1,25,16777215,1625502616,0,adf1daad,51569199080275971",鹿晗好嫩啊,0
"150.60100,1,25,16777215,1625502599,0,adf1daad,51569190445776903",啊啊啊啊啊啊,2
"17.64100,1,25,16777215,1625502551,0,564f61a7,51569165182959619",小学那会特火,0
"114.63800,1,25,16777215,1625502533,0,adf1daad,51569155761504259",不会是我初中喜欢的偶像啊鹿哥为什么背景的鹿晗都这么帅  无语子 ,0
"91.76700,1,25,16777215,1625502531,0,75d432ae,51569154408316935",鹿晗鹿晗鹿晗！！！！,0
"92.63500,1,25,16777215,1625502431,0,adf1daad,51569102277836805",无语鹿晗怎么这么帅,0
"92.63500,1,25,16777215,1625502419,0,adf1daad,51569095987953667",鹿晗也太帅了,0
"129.95900,1,25,16777215,1625502365,0,8679c086,51569067745607683",啊啊啊啊啊啊灿烈啊,0
"16.58200,1,25,16777215,1625502337,0,6de9e521,51569052971171845",爷青回,0
"202.30200,5,25,15138834,1625502240,0,627ce3e5,51569002074341381",为啥全是鹿晗镜头？？？,2
"170.55800,5,25,15138834,1625502181,0,627ce3e5,51568970944217095",恭迎张总,0
"188.43600,5,25,16707842,1625502138,0,627ce3e5,51568948590149637",lay的镜头也太少了吧呜呜呜,1
"174.45800,5,25,16707842,1625502105,0,627ce3e5,51568931493117955",为什么这个视频一直没有lay的镜头？,2
"76.21900,1,25,16777215,1625502076,0,3476a9e0,51568916230045701",救命吴亦凡也太好看了吧,0
"120.87400,1,25,16777215,1625502047,0,c3fe3d81,51568900775084035",Kris！！！！,0
"17.81900,1,25,16777215,1625502009,0,3476a9e0,51568880724213763",好丝滑,0
"163.03000,5,25,38979,1625501975,0,7de355a,51568862968152069",承包白橙,0
"194.00300,1,25,16777215,1625501821,0,405b5050,51568782207352835",流下时代的眼泪,1
"23.13300,5,25,16707842,1625501792,0,7de355a,51568766889230341",金钟大金钟大金钟大金钟大金钟大,0
"24.19900,5,25,14811775,1625501757,0,7de355a,51568748923453445",倩倩倩倩倩倩倩倩,0
"4.61900,1,25,16777215,1625501753,0,edd4da53,51568746613440515",老子的青春啊,2
"24.19900,5,25,14811775,1625501735,0,7de355a,51568737257521157",倩倩倩倩倩倩倩倩倩倩,0
"23.23900,5,25,14811775,1625501717,0,7de355a,51568728002265091",倩倩倩倩倩倩倩倩倩倩倩倩倩倩倩倩,0
"150.50400,1,25,16777215,1625501708,0,61582587,51568722905137159",鹿晗,0
"34.67800,1,25,16777215,1625501641,0,405b5050,51568688190980101",好厉害,0
"151.77000,1,25,16777215,1625501635,0,11fa3c90,51568684672483331",救命,3
"77.41900,1,25,16777215,1625501624,0,8f5ffe66,51568679293288451",不知道为啥就想起初中追他们的日子了，有点想哭,1
"93.22400,1,25,16777215,1625501623,0,61582587,51568678529925127",鹿晗哥哥！！！,0
"130.89900,1,25,16777215,1625501592,0,547ef021,51568662058893319",灿烈!!!,0
"92.20000,1,25,16777215,1625501571,0,11fa3c90,51568651108089859",啊啊啊啊啊小鹿,3
"59.02000,1,25,16777215,1625501532,0,59d1b5c3,51568630744219651",这要练多少遍啊,2
"77.77900,1,25,16777215,1625501529,0,547ef021,51568629350137861",吴亦凡!!!,0
"3.38900,1,25,16777215,1625501515,0,ec3ec58b,51568621747961861",这个侧颜我get到黄子韬的帅了,0
"1.89900,1,25,41194,1625501487,0,f31f3fe0,51568607060033539",韬哥好帅！！！,0
"125.18400,1,25,16777215,1625501476,0,43898898,51568601352110087",吴亦凡真的我的天绝了那时候,0
"63.01900,1,25,16777215,1625501470,0,68a614b5,51568598345318407",边伯贤,0
"60.37900,1,25,16777215,1625501464,0,68a614b5,51568595256213509",边伯贤！！！,0
"144.98000,1,25,16777215,1625501277,0,2886c11,51568497136238597",兴呀,0
"34.56100,1,25,16777215,1625501274,0,17092d46,51568495746875395",所以为什么要举铁啊喂,2
"90.68700,1,25,16777215,1625501251,0,b1675220,51568483625336837",侯33别舔了,0
"19.36700,1,25,16777215,1625501137,0,76a9138,51568423829766147",爱你爱你,0
"17.91700,1,25,16777215,1625501130,0,76a9138,51568420119379975",我的奶包啊啊啊啊啊啊,3
"145.66200,1,25,16777215,1625501124,0,1fe1d12,51568417074315267",救命 kris是怎么变成现在的吴亦凡的 哎,1
"37.52300,5,25,16777215,1625501044,0,da102db8,51568375099293699",爷青回,0
"2.42900,1,25,16777215,1625501007,0,2711d9c4,51568355354607623",爷青回!,0
"91.77700,5,25,16707842,1625500876,0,cb4d38ac,51568286699094023",鹿晗！！！,0
"2.93900,1,25,16707842,1625500816,0,b711ca1d,51568255341428739",真是一代回忆啊！，评论的大都是456级的,0
"153.66300,1,25,16777215,1625500709,0,5a0ce024,51568199399899141",前夫哥你真的很帅,0
"152.23900,1,25,16777215,1625500700,0,db444b5a,51568194477359109",鹿晗鹿晗鹿晗,0
"126.87800,1,25,16777215,1625500670,0,cc4ba078,51568178835226631",这么好的视频我又开始悲伤了。。。时间过得好快啊,1
"108.69200,1,25,16777215,1625500657,0,5a0ce024,51568171812388869",前夫哥真的很帅,0
"117.91900,1,25,16777215,1625500648,0,db444b5a,51568167358038019",鹿晗鹿晗鹿晗,0
"4.81900,5,25,16707842,1625500636,0,b711ca1d,51568161257422853",欢迎观看老娘的青春,0
"11.91900,1,25,16777215,1625500633,0,83daee2e,51568159450202119",说黄子韬还有这么帅的时候的那位姐妹，怕不是看黄子韬综艺看多了,2
"4.81900,5,25,14811775,1625500605,0,b711ca1d,51568144900161541",up是德芙做的吧,0
"125.33200,1,25,16707842,1625500581,0,2a3aa580,51568132158390279",o sh,0
"96.83100,1,25,16707842,1625500546,0,2a3aa580,51568114086707205",鹿晗鹿晗,0
"28.41900,1,25,16777215,1625500546,0,cc4ba078,51568113805688839",爷青回！！！,0
"92.82000,1,25,16777215,1625500529,0,2a3aa580,51568105174859779",少爷,0
"71.23000,1,25,16777215,1625500522,0,5fc0730e,51568101038227461",吴亦凡yyds ！！！,0
"78.56900,1,25,16777215,1625500510,0,2a3aa580,51568095025168391",lhlh,0
"44.77900,1,25,16777215,1625500500,0,f86e1e50,51568089977323523",怎么做到的,2
"71.45900,1,25,16777215,1625500462,0,40c4c213,51568069950570501",QAQ画质感人,0
"2.97900,1,25,16777215,1625500383,0,ea9a9530,51568028588441607",爷青回！,0
"202.52300,1,25,16777215,1625500376,0,bb7e0b98,51568024943591429",鹿晗好绝,0
"123.77900,1,25,16777215,1625500351,0,e04d3c7,51568011704795139",绝了绝了，吴亦凡,0
"176.36900,1,25,16777215,1625500350,0,bb7e0b98,51568011253907459",啊啊啊啊啊啊啊鹿晗绝了,0
"148.71100,1,25,16777215,1625500323,0,bb7e0b98,51567996732702725",鹿晗啊啊啊啊,0
"50.89900,1,25,16777215,1625500320,0,f2480f0f,51567995229569027",伯贤！,0
"181.61900,1,25,16777215,1625500297,0,4aa0c0ab,51567983234383875",张艺兴！,0
"79.29900,1,25,16777215,1625500281,0,e04d3c7,51567975120502789",吴亦凡是真的优越,0
"18.77900,1,25,16777215,1625500277,0,d64c541c,51567972602347525",得劲儿,0
"97.43600,1,25,16777215,1625500271,0,bb7e0b98,51567969854029831",啊啊啊啊鹿晗,3
"75.09900,1,25,16777215,1625500268,0,e04d3c7,51567967897387015",吴亦凡,0
"91.70400,1,25,16777215,1625500266,0,bb7e0b98,51567966880268291",鹿晗啊啊啊啊啊啊啊啊,3
"16.28300,1,25,16777215,1625500255,0,20ad28cf,51567961179160581",咆哮yyds,0
"1.89900,1,25,16777215,1625500182,0,e04d3c7,51567922859474947",有生之年还能在热门看到咆哮,0
"92.64900,1,25,16777215,1625500176,0,6d904d91,51567920011018245",鹿晗啊啊啊啊,0
"95.45900,1,25,16777215,1625500136,0,3da6f2e7,51567899046313987",鹿爷！！！！,0
"16.33900,1,25,16777215,1625500101,0,abb6b64b,51567880471838725",谁哭了,1
"70.68300,5,25,15138834,1625500071,0,b711ca1d,51567864939282437",都暻秀你的弹幕老娘承包了,2
"70.68300,5,25,15138834,1625500034,0,b711ca1d,51567845339824133",爷的DNA动了,0
"70.68300,5,25,15138834,1625500005,0,b711ca1d,51567830153822211",音色流氓都暻秀,0
"147.61900,1,25,16777215,1625499986,0,17f55f82,51567820172951559",前面来自2021的大可不必,2
"150.73900,5,25,16707842,1625499963,0,36f7eccb,51567807977488389",LUHAN,0
"4.30600,1,25,15138834,1625499959,0,70a99658,51567806273028099",热门,0
"6.69900,1,25,16777215,1625499923,0,59d1b5c3,51567786990764037",从此再也没听过这么火的韩语歌,0
"5.88000,1,25,16777215,1625499913,0,f114ae0a,51567782206111751",来了,0
"2.47900,1,25,16777215,1625499879,0,59d1b5c3,51567764389232647",一栋楼之歌,0
"186.28100,1,25,16777215,1625499865,0,508e5b0,51567756828475397",艺兴艺兴！深得我心～哈哈,0
"73.09900,1,25,16777215,1625499855,0,83ed9444,51567751570915333",鹅王鹅王,0
"90.00600,1,25,16777215,1625499545,0,44a1b0e2,51567589281759237",金俊勉带帅哥！！,0
"74.04900,1,25,14811775,1625499523,0,103736a,51567577410306055",亦凡凡先生！！！！！！！！,0
"8.21900,1,25,16777215,1625499468,0,9af34bbe,51567548761636867",还真是哈哈哈青春,0
"13.54900,1,25,16777215,1625499453,0,5b3679e8,51567540923006981",啊啊啊啊啊啊世勋！,3
"26.97900,1,25,14811775,1625499435,0,103736a,51567531569184773",吴亦凡宝宝,0
"11.81900,1,25,16777215,1625499418,0,8e3f34c0,51567522527838213",时代的眼泪呜呜呜,1
"9.09900,1,25,16777215,1625499409,0,8e3f34c0,51567517816061955",爷青回,0
"67.96600,5,25,41194,1625499378,0,5e86e729,51567501744537607",韬韬太帅了,0
"6.87900,1,25,15138834,1625499266,0,5f645ce4,51567442612191235",听咆哮是开口跪，看咆哮舞台tao是开屏舔,0
"1.97900,5,25,41194,1625499258,0,5e86e729,51567438618165251",啊啊啊啊黄子韬真的帅疯了,0
"1.89900,1,25,16777215,1625499135,0,5f645ce4,51567374188412935",救命黄子韬绝了救命,3
"113.27000,5,25,41194,1625499052,0,a0da161d,51567330476425223",呜呜呜呜呜呜呜我的Kris,1
"33.30400,1,25,16777215,1625498942,0,7245652f,51567272718761991",好牛,0
"84.96600,1,25,16777215,1625498756,0,54b34303,51567175424540741",suho！！！,0
"28.73900,1,25,16777215,1625498628,0,2e0553f5,51567108132175877",爷青回,0
"134.65900,1,25,16777215,1625498587,0,82a95ea2,51567086970339331",烈烈呜呜奶死了,1
"181.20200,1,25,16777215,1625498389,0,81563deb,51566982793265159",张艺兴好帅,0
"201.22800,5,25,15138834,1625498365,0,a903cad7,51566970293714947",鹿晗的和音太绝了！不愧是大vocal,0
"122.34500,5,25,41194,1625498341,0,4c8f297e,51566957630062599",吴亦凡吴亦凡吴亦凡,0
"149.21700,1,25,16777215,1625498328,0,81563deb,51566951254196227",艺兴呀艺兴啊啊啊啊,0
"21.01900,1,25,16777215,1625498275,0,33a4a1ba,51566923140825093",伯贤好帅,0
"120.41600,5,25,16707842,1625498241,0,a903cad7,51566905399443461",鹿晗是帅哥中的美男！,0
"93.25900,1,25,16707842,1625498218,0,36f7eccb,51566893292060677",啊啊啊啊,2
"96.68000,5,25,16707842,1625498206,0,a903cad7,51566886881067015",鹿晗最最最最最最好看！,0
"5.09500,1,25,16777215,1625498008,0,bfe9bc6e,51566783301681155",都3021了我还在听饿了龙,1
"147.08200,1,25,16777215,1625497977,0,1c89600b,51566767219146759",啊啊啊啊艺兴！,0
"156.17800,5,25,16777215,1625497954,0,5bdd5048,51566755102851077",钓kai子,0
"116.48300,1,25,16777215,1625497944,0,1c89600b,51566749491920903",张艺兴！！,0
"74.17900,1,25,16777215,1625497731,0,5f49bd0a,51566638185054211",企鹅哈哈哈哈,0
"197.43800,1,25,16777215,1625497727,0,559a6386,51566636045434887",张艺兴,0
"11.75200,1,25,16777215,1625497647,0,744b2550,51566593907884035",流下了时代的眼泪。,1
"116.35900,1,25,16777215,1625497556,0,a1fbe59c,51566546145771523",张lay哥！,0
"21.80700,1,25,16777215,1625497527,0,f2029899,51566530882174983",天呐好想念,1
"180.62800,1,25,16777215,1625497506,0,942c7e49,51566519880515587",张艺兴啊啊啊啊啊啊啊,0
"77.80100,1,25,16777215,1625497463,0,98207a44,51566497438892035",偷我帽子,2
"106.04600,1,25,16777215,1625497417,0,942c7e49,51566473511960581",张pd,0
"105.42700,1,25,16777215,1625497210,0,c52748c9,51566364874244101",都暻秀永yyds！！,0
"3.05900,1,25,16777215,1625497158,0,339b8c6c,51566337356988419",爷青回,0
"33.19900,1,25,16777215,1625497151,0,b3996f1a,51566333964845059",好丝滑,0
"135.37300,1,25,16777215,1625496994,0,2a7884f1,51566251700387847",啊啊啊啊,2
"0.69900,1,25,16777215,1625496989,0,e9b93817,51566248977760263",朴灿烈老婆来打卡！！！,0
"120.89100,1,25,16777215,1625496842,0,24d6ded0,51566171983446023",再也回不去了,1
"42.13900,1,25,16777215,1625496841,0,c90b629e,51566171371077635",秀敏,0
"0.33900,5,25,16707842,1625496798,0,b711ca1d,51566148849762311",欢迎收看老娘的青春,0
"205.53400,5,25,16707842,1625496747,0,b711ca1d,51566122121560067",感谢你收看老娘的青春,0
"82.06600,1,25,16777215,1625496713,0,95fa4ad9,51566104146870279",小哥哥！！！,0
"129.08600,1,25,16777215,1625496678,0,2fa77c66,51566085862850565",奶爸怎么不在,1
"115.09100,1,25,16777215,1625496667,0,fb78453f,51566080093061125",吴亦凡真的是帅哥堆中的帅哥,0
"103.31600,1,25,16777215,1625496639,0,fb78453f,51566065498980355",好像回忆起了为什么当初喜欢鹿晗的原因,1
"185.88600,1,25,16777215,1625496615,0,e5ef6c34,51566052747771911",看哭了晕,1
"164.53300,1,25,16777215,1625496593,0,e5ef6c34,51566041584107523",我的宝贝们5555,0
"152.40100,1,25,16777215,1625496581,0,e5ef6c34,51566035195133959",救命啊,3
"142.03600,1,25,16777215,1625496571,0,e5ef6c34,51566029760364551",我的贵族勋啊救命,1
"9.27800,1,25,16777215,1625496543,0,2fa77c66,51566015295782917",感觉中国那四个在韩国一点都不油腻，回国后就变了,1
"80.94500,1,25,16777215,1625496510,0,e5ef6c34,51565997726892039",吴亦凡啊,0
"62.21200,1,25,16777215,1625496491,0,e5ef6c34,51565987924279299",天啊我的虎子,3
"150.45900,1,25,16777215,1625496479,0,c0e10895,51565981655891973",张艺兴张艺兴张艺兴张艺兴张艺兴张艺兴,0
"45.70600,1,25,16777215,1625496475,0,e5ef6c34,51565979267760135",55555,1
"76.31800,1,25,16777215,1625496321,0,4642c591,51565898556768263",吴亦凡这也太帅了！！！！！,0
"151.16100,5,25,16707842,1625496237,0,f128dddf,51565854457856005",鹿宝太可爱了，呜呜呜！,0
"157.37500,1,25,16707842,1625496192,0,7f45abc5,51565830903693315",llllll,1
"8.29100,1,25,16777215,1625496185,0,a19e9db,51565827330670595",可爱的妮爱了爱了,0
"7.11100,1,25,16777215,1625496161,0,a19e9db,51565814638706693",金钟仁那个时候好嫩啊,0
"6.19100,1,25,16777215,1625496146,0,a19e9db,51565807290810371",金钟仁绝了绝了,0
"93.23900,1,25,16707842,1625496134,0,7f45abc5,51565800728297479",给鹿鹿子打call,0
"2.73100,1,25,16777215,1625496127,0,a19e9db,51565797047795715",开开开开开开开开,0
"6.49900,1,25,16777215,1625496103,0,a19e9db,51565784503156739",啊啊啊啊啊啊啊啊,2
"16.01900,1,25,16777215,1625496019,0,4b179239,51565740522733571",yyds,0
"13.46800,1,25,16777215,1625495944,0,e4fe4b05,51565700882366469",时代的眼泪,1
"23.71900,1,25,16777215,1625495911,0,165d736,51565683984039939",爷青回！！！,0
"186.40900,1,25,16777215,1625495833,0,a903cad7,51565642977378307",鹿晗是和所有人不一样的好看！真的惊艳！,0
"147.16800,5,25,15138834,1625495765,0,a903cad7,51565607187906563",现在只有鹿晗还是刚出道时候的样子,1
"111.05700,5,25,16707842,1625495715,0,a903cad7,51565581122404357",现在看到鹿晗就想叫“老婆”，人类怎么会长的这么好看！！！,0
"20.32700,1,25,16777215,1625495714,0,1bf75401,51565580692488197",我的伯贤狗勾呀？,2
"39.57900,5,25,16777215,1625495711,0,912bdfb1,51565579163140103",鹿晗鹿晗鹿晗鹿晗,0
"156.68300,1,25,16777215,1625495705,0,5b6d930c,51565575556038661",ｙｙｄｓ,3
"132.26400,1,25,16777215,1625495680,0,5b6d930c,51565562768654341",ＥＸＯ　ｙｙｄｓ,3
"15.29900,1,25,16777215,1625495676,0,912bdfb1,51565560652627973",吴世勋！,0
"76.54700,5,25,15138834,1625495551,0,de07d7ab,51565495144415239",边伯贤我的宝贝,0
"12.37900,1,25,6830715,1625495536,0,52d655c5,51565487102361605",时代的眼泪,1
"178.27900,1,25,16777215,1625495492,0,d4b21c50,51565464128061447",爷青回,0
"0.00000,5,25,16707842,1625495393,0,b711ca1d,51565412280696837",咆哮,0
"0.00000,5,25,16707842,1625495389,0,b711ca1d,51565409957052421",咆哮,0
"0.00000,5,25,16707842,1625495384,0,b711ca1d,51565407749275653",咆哮,0
"160.69400,5,25,15138834,1625495380,0,30e20108,51565405183410183",钓凯（kai）,0
"0.00000,5,25,16707842,1625495376,0,b711ca1d,51565403192164355",饿了龙,0
"0.00000,5,25,16707842,1625495371,0,b711ca1d,51565400762613765",饿了龙,0
"119.85800,5,25,41194,1625495344,0,2ebb9c04,51565386536583175",吴亦凡！！！,0
"0.00000,5,25,16707842,1625495342,0,b711ca1d,51565385338060803",十二个人的回忆叫行星饭,0
"117.41800,1,25,16777215,1625495331,0,39fcfa39,51565379498541061",吴亦凡那个时候真的好帅啊,0
"93.33400,5,25,16707842,1625495320,0,f128dddf,51565374077403139",鹿晗鹿晗鹿晗鹿晗鹿晗鹿晗鹿晗,0
"16.22700,1,25,16777215,1625495291,0,765563e,51565358676443139",太可爱啦bbh！,0
"7.73900,4,25,15138834,1625495272,0,b711ca1d,51565348530421765",绝对舞王 属我kai爷,0
"58.03000,1,25,16707842,1625495258,0,35852e93,51565341465116679",金珉锡永远滴神！,0
"7.73900,5,25,15772458,1625495219,0,b711ca1d,51565321049866243",kaikaikaikaikai,0
"7.73900,5,25,15772458,1625495210,0,b711ca1d,51565316322885639",KAI IS GOD,0
"7.73900,5,25,15772458,1625495205,0,b711ca1d,51565313434583047",KAI IS GOD,0
"153.17500,5,25,16707842,1625494956,0,2c3a4c6e,51565183069323269",少爷！,0
"153.17500,5,25,16707842,1625494944,0,2c3a4c6e,51565176979718149",鹿晗,0
"149.93600,1,25,15138834,1625494929,0,2c3a4c6e,51565169150001159",鹿晗宝贝呜呜呜,1
"93.35200,1,25,15138834,1625494858,0,2c3a4c6e,51565131938136069",鹿晗鹿晗鹿晗鹿晗鹿晗鹿晗鹿晗鹿晗,0
"195.97900,1,25,16777215,1625494839,0,ccbe9ad8,51565121801551879",啊啊啊啊啊啊啊啊啊啊啊啊啊啊啊啊啊啊啊啊啊,3
"90.29900,5,25,16707842,1625494831,0,2c3a4c6e,51565117762437123",鹿晗,0
"183.25100,5,25,6830715,1625494802,0,7d282a4d,51565102211006471",兴兴兴兴兴兴,0
"139.49900,1,25,16777215,1625494775,0,ccbe9ad8,51565087993888773",kai!!!,0
"48.21900,1,25,16777215,1625494771,0,d8b45b1c,51565085888348167",真的青回,0
"9.84500,5,25,16707842,1625494764,0,2c3a4c6e,51565082456883271",鹿晗鹿晗鹿晗鹿晗鹿晗鹿晗鹿晗鹿晗鹿晗鹿晗鹿晗,0
"156.79700,1,25,6830715,1625494763,0,7d282a4d,51565081731268615",张艺兴阿阿阿,0
"131.15900,1,25,16777215,1625494758,0,ccbe9ad8,51565079057924103",灿烈!,0
"152.01900,1,25,15772458,1625494741,0,dc08c6a8,51565070190641155",少爷少爷少爷！！！,0
"110.69900,1,25,16777215,1625494732,0,ccbe9ad8,51565065815982085",灿烈!!!,0
"93.65900,1,25,15772458,1625494673,0,dc08c6a8,51565034882465797",宝贝！！！！！！,0
"17.78900,1,25,16777215,1625494647,0,da7c6d24,51565021028155397",爷青回,0
"17.81900,1,25,16777215,1625494629,0,ccbe9ad8,51565011628720133",好帅!!!,0
"156.13700,1,25,16777215,1625494542,0,f4e2e9db,51564965989449733",鹿哥啊,3
"9.21900,1,25,16777215,1625494435,0,7eabbf1e,51564910117650439",我靠 爷青回,0
"73.68000,1,25,16777215,1625494413,0,d742ae3b,51564898281324551",Kris好绝,0
"2.25900,1,25,16777215,1625494374,0,398425e9,51564877885472771",爷青回,0
"5.52400,1,25,38979,1625494271,0,e3891271,51564824119738371",爷青回！！,0
"152.03900,1,25,16707842,1625494152,0,926fd897,51564761587384387",鹿晗！！！,0
"94.67900,1,25,16707842,1625494090,0,926fd897,51564729213648899",啊啊啊啊啊啊啊啊啊啊鹿晗！！！,3
"146.73800,1,25,16707842,1625494061,0,c6053ed5,51564713824747525",救命啊救命啊鹿晗真的太绝了！！！,1
"140.67000,1,25,16777215,1625494003,0,15bd7a38,51564683250892805",开开开,0
"110.97900,1,25,16777215,1625493941,0,78eae7ca,51564650742939653",啊啊啊啊灿烈,0
"97.06500,1,25,16707842,1625493535,0,ae4ec9cd,51564438016229383",神颜！,0
"94.94500,1,25,16707842,1625493502,0,ae4ec9cd,51564420557963269",啊啊啊啊啊宝贝好帅！,0
"92.78500,1,25,16707842,1625493493,0,ae4ec9cd,51564416073203715",鹿鹿宝贝！,0
"91.34500,1,25,16707842,1625493485,0,ae4ec9cd,51564412030418949",鹿晗！,0
"66.13100,1,25,16777215,1625493479,0,f0f15d68,51564408536563715",金钟仁大帅哥,0
"12.86200,1,25,16777215,1625493344,0,71d520ca,51564337966350341",爷青回,0
"1.23900,1,25,38979,1625493297,0,65e74314,51564313276055555",爷青回,0
"150.52100,1,25,16707842,1625493006,0,32c73d8d,51564160663683075",迎接鹿晗,0
"146.57900,1,25,16777215,1625492993,0,c6af55d2,51564153737838595",艺兴,0
"154.83900,1,25,16707842,1625492979,0,32c73d8d,51564146810945541",鹿晗神颜,0
"151.33900,1,25,16707842,1625492959,0,32c73d8d,51564136007467011",鹿晗啊啊啊啊啊啊啊,3
"110.25900,1,25,16777215,1625492953,0,c6af55d2,51564132924129283",艺兴,0
"93.23900,1,25,16707842,1625492890,0,32c73d8d,51564099891888131",啊啊啊啊啊鹿晗,3
"96.50900,1,25,16707842,1625492867,0,bc88b57b,51564087960141829",鹿晗晗啊啊啊啊啊啊,0
"16.49900,1,25,16777215,1625492853,0,c6af55d2,51564080741744647",爷青回,0
"94.48700,1,25,16707842,1625492639,0,3186a21e,51563968219054087",鹿晗啊啊啊啊啊啊,3
"35.87900,1,25,16777215,1625492468,0,d36c0047,51563878865174533",爷青回,0
"2.07900,1,25,16777215,1625492380,0,3269c373,51563832536465411",封面我贤宝,0
"35.00000,1,25,16777215,1625492288,0,ecfaf6d0,51563784246919173",唔爷的青春！！,0
"100.64800,1,25,16777215,1625492245,0,1984f7dd,51563761959436359",鹿晗啊！！！,0
"33.91900,1,25,16777215,1625492006,0,1797ca,51563636560756743",真的是韩流的顶峰了,0
"153.61900,1,25,16707842,1625491982,0,be404ec5,51563623727759363",鹿鹿宝贝,0
"108.13500,1,25,16777215,1625491918,0,ef9710d8,51563590374653955",艺兴艺兴艺兴,0
"120.30800,1,25,16777215,1625491759,0,9106f046,51563506956763141",吴亦凡那时候真的绝了,0
"1.85900,1,25,16777215,1625491735,0,ccc6c428,51563494493913095",爷青回！,0
"18.56800,1,25,16777215,1625491588,0,5a131417,51563417336020995",伯贤妈妈亲！！！,0
"137.77900,1,25,16777215,1625491488,0,da0342bb,51563365035147269",以前的xo是我妈妈都喜欢的程度,0
"8.23300,1,25,16777215,1625491438,0,f2f14a3b,51563338467377159",爷青回,0
"104.73900,1,25,16777215,1625491167,0,8c39912e,51563196835692547",好帅啊！,0
"150.97300,1,25,16707842,1625491105,0,428102b4,51563163878424579",少爷少爷来了啊啊啊,3
"113.62400,5,25,15138834,1625491084,0,c9fed04a,51563152948592643",吴亦凡好帅啊呜呜呜,0
"97.40500,1,25,16707842,1625491041,0,428102b4,51563130415218693",鹿晗yyds,0
"93.09500,1,25,16707842,1625491027,0,428102b4,51563122939396099",鹿哥啊啊啊啊,3
"154.06800,1,25,16777215,1625490600,0,c4579d8d,51562899172229127",鹿晗,0
"152.03600,1,25,16777215,1625490593,0,c4579d8d,51562895752298503",鹿晗啊啊啊啊,0
"93.39400,1,25,16777215,1625490525,0,c4579d8d,51562859888377861",鹿晗啊啊啊啊啊啊啊啊啊啊啊啊啊啊啊啊啊啊啊啊啊永远的神,3
"36.24400,1,25,16777215,1625490487,0,3216f9a2,51562840229150723",这衣服怎么换来换去的呀？,1
"150.53800,1,25,16707842,1625490454,0,97693b75,51562823017824261",鹿晗鹿晗鹿晗鹿晗鹿晗鹿晗鹿晗鹿晗鹿晗鹿晗鹿晗鹿晗鹿晗,0
"94.57900,1,25,16707842,1625490377,0,97693b75,51562782434263043",鹿晗鹿晗鹿晗鹿晗鹿晗鹿晗鹿晗鹿晗鹿晗鹿晗鹿晗,0
"2.79300,1,25,16777215,1625490334,0,2afc75cc,51562759801274375",爷青回,0
"96.38100,1,25,16777215,1625490175,0,98aac5a2,51562676385480709",鹿哥鹿哥,0
"102.19900,1,25,16777215,1625489933,0,59c00fdc,51562549701771271",鹿晗！,0
"151.69900,1,25,16707842,1625489523,0,4ac55d3d,51562334509858821",Lu！！！！！！,0
"12.30000,1,25,16777215,1625489245,0,dd98d752,51562188639830021",好帅,0
"94.14200,1,25,16777215,1625489236,0,49ce2e0b,51562183923335173",鹿晗鹿晗鹿晗鹿晗鹿晗鹿晗鹿晗鹿晗鹿晗,0
"131.02600,1,25,16777215,1625488934,0,8ed104ff,51562025936486407",凡凡啊！！！！,0
"94.01900,1,25,16777215,1625488899,0,c54e3a6,51562007509336069",LUHAN啊啊啊,1
"45.41900,1,25,16777215,1625488189,0,22e3eb4a,51561635040985091",XIUMIN啊啊啊,1
"163.88100,1,25,16707842,1625488096,0,ccbba1f4,51561586520752131",边伯贤,0
"150.91000,1,25,16707842,1625488074,0,ccbba1f4,51561575202947075",鹿晗鹿晗鹿晗啊啊啊啊啊,0
"3.98500,1,25,16707842,1625487870,0,ccbba1f4,51561467752218631",爷青回,0
"158.78200,1,25,16777215,1625487818,0,95785d09,51561440957956099",现在有哪个韩团能出四个国人唱跳歌手啊,2
"149.51400,5,25,15138834,1625487758,0,a1b624d8,51561409319796741",啊啊啊啊啊鹿鹿！！！你怎么那么可爱啊啊啊啊啊啊啊，呜呜呜,3
"103.57300,5,25,15138834,1625487695,0,a1b624d8,51561376441696261",我好喜欢鹿晗！！做我老婆吧！嫁给我宝贝！,0
"150.91900,1,25,16707842,1625487669,0,54e94e68,51561362692767749",鹿晗啊啊啊啊啊啊眼睛好亮,0
"93.17900,1,25,16707842,1625487591,0,54e94e68,51561321500508163",鹿晗啊啊啊啊啊啊啊,3
"132.11300,1,18,16777215,1625487334,0,a6a2c16c,51561186868592647",咧咧啊啊啊,3
"146.23700,1,25,6830715,1625487328,0,223dd459,51561184087244805",张艺兴,0
"118.03500,1,18,16777215,1625487316,0,a6a2c16c,51561177766952967",咧咧啊,3
"115.61900,1,25,16777215,1625487302,0,ad25f6d0,51561170126503943",啊啊啊啊啊啊啊Kris,3
"174.03100,5,25,16707842,1625487250,0,39d887d7,51561142907568131",表白倩倩高音,0
"153.39100,5,25,16707842,1625487222,0,39d887d7,51561128208629763",这小鹿眼也太亮了,0
"93.09100,5,25,16707842,1625487143,0,39d887d7,51561086731681795",鹿晗！！！,0
"14.38100,1,25,16777215,1625487067,0,73d5fe27,51561046912008199",爷青回！！！,0
"150.83900,1,25,16707842,1625486531,0,38e97d1e,51560766011080707",鹿晗！,0
"150.83900,1,25,16707842,1625486524,0,38e97d1e,51560762456408069",鹿晗,0
"91.89900,1,25,16707842,1625486447,0,38e97d1e,51560722236702723",鹿哥！！！,0
"59.54500,5,25,16707842,1625486115,0,39d887d7,51560547947642883",开爷也太帅了,0
"23.04500,5,25,16707842,1625486027,0,39d887d7,51560501878456323",倩倩好帅！！！！！！,0
"41.72400,1,25,16777215,1625485989,0,93f51f98,51560481923530757",世勋,0
"181.03900,1,25,6830715,1625485362,0,62df272b,51560153165594627",兴兴兴兴兴兴兴兴兴兴,0
"177.43900,1,25,6830715,1625485339,0,62df272b,51560140775620613",兴兴兴兴兴,0
"152.49900,1,25,16777215,1625485297,0,62df272b,51560118905470983",兴兴兴兴兴兴兴,0
"129.85300,1,25,16777215,1625485073,0,a859c868,51560001577156677",咧咧宝宝！,0
"128.51000,1,25,16777215,1625485060,0,a859c868,51559994987905027",咧咧好可爱啊啊啊啊,0
"125.45800,1,25,16777215,1625485042,0,a859c868,51559985402347523",朴灿烈啊啊啊啊啊啊啊,3
"106.16500,1,25,16777215,1625484846,0,a737a855,51559882599956483",dododo,0
"143.04600,1,25,16777215,1625484651,0,3c94d02d,51559780333912067",以前是天神，现在是30岁纯情大男孩。来自2021的我,0
"129.61900,1,25,16777215,1625484601,0,3c94d02d,51559753897738247",以前没法用电音吧,2
"11.05900,1,25,16777215,1625483743,0,c092c677,51559304164540419",时代的眼泪,1
"95.45900,5,25,16707842,1625483340,0,81380670,51559092739637251",鹿晗鹿晗鹿晗鹿鹿子好绝,0
"91.21900,1,25,16707842,1625482647,0,da3217aa,51558729920282629",鹿晗鹿晗鹿晗啊啊啊啊啊啊啊,0
"80.45900,5,25,16707842,1625482629,0,848d0d00,51558719957237767",鹿晗鹿晗鹿晗,0
"152.29900,1,25,15138834,1625482503,0,f275cd14,51558654025400325",妖精大人,0
"95.45900,4,25,16707842,1625482433,0,f275cd14,51558617693290499",鹿鹿鹿,0
"92.21900,1,25,16707842,1625482422,0,f275cd14,51558611717455875",恭迎少爷,0
"157.14400,1,25,16777215,1625482354,0,40d2f463,51558575846195205",鹿鹿呜呜呜呜,1
"5.81900,1,25,16777215,1625482348,0,f45216c4,51558573110460419",爷青回,0
"95.46000,1,25,16777215,1625482287,0,40d2f463,51558541107396611",呜呜呜呜鹿晗啊,1
"160.48700,1,25,16777215,1625482190,0,29a0aca3,51558489906479109",弹幕一会啊啊啊啊？？？？？？,3
"150.31800,1,25,16777215,1625482011,0,ae83f7b5,51558396178464775",鹿晗排面！！！！,0
"5.55900,1,25,16777215,1625481606,0,d1821ed4,51558183720714245",时代的眼泪,1
"155.89200,1,25,16777215,1625481592,0,535dc5b6,51558176578338821",妖精大人不是XIUMIN吗？,1
"161.93900,1,25,16777215,1625481375,0,d8981064,51558062732869639",鹿晗yyds,0
"96.66000,1,25,16707842,1625480539,0,c75206db,51557624448548871",鹿晗,0
"157.22700,1,25,16777215,1625480465,0,a29715e7,51557585691082757",鹿晗啊啊啊,0
"11.30700,1,25,16777215,1625480312,0,35ed04cb,51557505423638531",爷青回,0
"185.37000,1,25,41194,1625480290,0,4fa6a168,51557493685354501",那时候都好嫩啊,0
"10.49900,1,25,16777215,1625480155,0,8bd93c77,51557423049080839",爷青回,0
"166.55100,5,25,14811775,1625479933,0,c945a64,51557306912473157",张lay哥～,0
"27.49800,5,25,14811775,1625479757,0,c945a64,51557214316920839",小红帽子虎好可爱好可爱好可爱,0
"38.21900,1,25,16777215,1625479746,0,3ba02307,51557208440176647",啊那时候都好奶！！,1
"17.46500,5,25,14811775,1625479708,0,c945a64,51557188850155523",救命bbh好可爱,0
"29.45900,1,25,16777215,1625479571,0,ffd3a54a,51557116851257349",呜呜呜,1
"122.67000,1,25,16777215,1625479425,0,b4c6e643,51557040506011653",啊啊啊啊啊啊啊吴亦凡!,3
"114.34900,1,25,16777215,1625479405,0,b4c6e643,51557029792710663",凡凡啊啊啊啊啊啊啊,0
"85.94600,1,25,16777215,1625479360,0,b4c6e643,51557006182973445",Kris!!!,3
"106.67900,1,25,16777215,1625478857,0,6add8966,51556742790643717",嘟嘟可爱绝了,0
"179.41500,1,25,16777215,1625477944,0,f7b4b291,51556264044396549",张艺兴张艺兴张艺兴,0
"146.98900,1,25,16777215,1625477908,0,f7b4b291,51556245167407107",张艺兴张艺兴张艺兴,0
"13.41900,1,25,16777215,1625477881,0,acbf93dc,51556231060914181",吴世勋！！！！,0
"117.81300,1,25,16777215,1625477876,0,f7b4b291,51556228363452419",张艺兴张艺兴张艺兴,0
"12.21900,1,25,16777215,1625477852,0,8e5b8095,51556215760093191",德芙转世！！！,0
"24.01900,1,25,16777215,1625477840,0,ffb64603,51556209232707589",那时候都是奶团子哇，好奶啊,0
"70.10600,1,25,16777215,1625477719,0,3675ceed,51556146017206279",边伯贤yyds！,0
"34.45100,1,25,16777215,1625477548,0,f2eb7512,51556056276926469",戴帽子都好好看,0
"30.47300,1,25,16777215,1625477509,0,ad65f88c,51556035953950725",小狗勾yyds,2
"30.47300,1,25,16777215,1625477496,0,ad65f88c,51556029044883463",边伯贤好嫩啊！,0
"204.41400,1,25,38979,1625477269,0,eb2e54f0,51555910046187525",带眼镜的桃子 烈烈 倩倩好好看！,0
"171.04900,1,25,38979,1625477215,0,eb2e54f0,51555881924952069",眼镜chen也好好看,0
"107.70700,1,25,38979,1625477076,0,eb2e54f0,51555808999636995",烈烈！,0
"76.00600,1,25,38979,1625477037,0,eb2e54f0,51555788479528967",克里斯真的好帅！,0
"25.70500,1,25,38979,1625476975,0,eb2e54f0,51555755831066629",倩倩好好看！,0
"12.30800,1,25,38979,1625476949,0,eb2e54f0,51555742406672391",色昏！好奶那时候,1
"0.00000,1,25,38979,1625476923,0,eb2e54f0,51555728427057159",桃子！爷青回,0
"81.97900,1,25,16777215,1625476775,0,f8f69218,51555650873851907",嘟嘟i啊啊啊,0
"11.89900,1,25,16777215,1625476689,0,f8f69218,51555606087073795",想哭,1
"74.42700,1,25,16777215,1625475931,0,f919c664,51555208748072963",黄子韬妈妈爱你,0
"49.57900,1,25,16777215,1625475611,0,c693e402,51555040518733831",黄子韬,0
"170.17500,1,25,16777215,1625475208,0,457f2c33,51554829332381703",真想一棒子把自己敲晕回到2012年,1
"154.67600,1,25,16707842,1625474414,0,792247c3,51554413287833605",鹿鹿鹿鹿鹿鹿鹿,0
"152.69800,1,25,16707842,1625474398,0,792247c3,51554404999364611",晗晗宝贝好甜,0
"94.19900,1,25,16777215,1625474128,0,49df7abc,51554263059922949",鹿晗啊啊啊啊啊！！！！！,0
"152.02200,1,25,16777215,1625473949,0,37c856a7,51554169445154823",哇哇哇,0
"107.54200,1,25,16777215,1625473901,0,37c856a7,51554144462831621",鹿晗,0
"145.20600,5,25,41194,1625473446,0,287eeed1,51553905694736389",为啥一定要刮？很羞耻？,2
"8.33900,1,25,16777215,1625473319,0,bbde487d,51553838923513861",爷青回,0
"149.79400,5,25,15138834,1625473195,0,85143780,51553774145110023",鹿晗果然是官方ACE,0
"176.78500,1,25,16777215,1625473110,0,e1e8dac,51553729294368775",张艺兴张艺兴张艺兴张艺兴张艺兴张艺兴张艺兴张艺兴张艺兴,0
"95.22900,1,25,16777215,1625473063,0,25ea0586,51553705017737223",鹿鹿子,0
"146.15300,1,25,16777215,1625473052,0,e1e8dac,51553698866266117",啊啊啊啊啊啊啊啊啊啊张艺兴好帅,0
"33.25700,1,25,16777215,1625472599,0,df8d3570,51553461583478789",珉珉珉珉珉珉珉珉珉,0
"92.54200,1,25,16707842,1625472561,0,b821c2e2,51553441711390723",神颜出现,0
"93.53400,1,25,16707842,1625472524,0,b821c2e2,51553422112456711",鹿晗鹿晗啊,0
"0.65900,1,25,16777215,1625472449,0,b821c2e2,51553382975406085",见封进,2
"133.33900,1,25,16777215,1625472319,0,de708597,51553314612969479",灿烈！！！,0
"8.03900,1,25,14811775,1625472182,0,43eb46e7,51553242735706119",好丝滑！！,0
"127.01900,1,25,16777215,1625470360,0,99128f9d,51552287907119109",灿烈啊啊啊,0
"62.76100,1,25,16777215,1625469913,0,810295ee,51552053437136901",代子哥哥，是这个吗？,3
"38.38000,5,25,38979,1625469858,0,916d8d3b,51552024728698883",DNA在动了在动了,0
"83.30000,1,25,16777215,1625469593,0,916d8d3b,51551885594198019",我的青春啊,0
"60.99000,1,25,16777215,1625469543,0,a32da37b,51551859141771271",假唱，没I开麦,2
"108.36500,1,25,16777215,1625469436,0,50a285ab,51551803492794373",灿烈可爱死了,0
"26.41900,1,25,16777215,1625469435,0,c5aa7732,51551802671759367",倩倩！！倩倩！！！,0
"21.79900,1,25,16777215,1625469295,0,406df1,51551729552982021",伯贤好嫩！,0
"2.53800,1,25,16777215,1625468949,0,7a2c9011,51551547912355847",弹幕多1,1
"152.33100,1,25,16777215,1625468581,0,7589a465,51551355170979843",鹿晗,0
"177.25900,1,25,16777215,1625468403,0,ba0920,51551261565124613",lay,0
"2.11800,1,25,16777215,1625468293,0,ddebd4ae,51551204108926981",爷青回！！,0
"1.51800,1,25,16777215,1625468126,0,5956d625,51551116330532867",封面鹿我爱了！！！！,0
"54.37900,1,25,16777215,1625468084,0,d9f5508f,51551094207676421",世勋萌帅帅萌的,0
"154.29400,1,25,16777215,1625467511,0,75d92293,51550794069049349",啊啊啊啊啊啊啊啊啊啊啊啊啊鹿晗太帅啦,0
"94.59800,1,25,16777215,1625467381,0,75d92293,51550725897977861",啊啊啊啊啊啊啊啊啊啊啊鹿晗yyds,3
"116.41100,1,25,16777215,1625467363,0,3ae2ecc6,51550716674179075",鹿晗,0
"14.77900,1,25,16777215,1625467281,0,75d92293,51550673559355397",爷青回,0
"156.35000,5,25,16707842,1625467181,0,cd6806df,51550621048242183",啊啊啊啊啊啊啊啊啊,2
"152.29400,5,25,16707842,1625467168,0,cd6806df,51550614153330695",啊啊啊啊啊啊鹿啊啊啊啊,3
"104.68000,1,25,16777215,1625467109,0,99309bc6,51550583103946755",少爷,0
"99.72900,5,25,16707842,1625467102,0,cd6806df,51550579757416451",鹿晗啊啊啊啊啊啊,3
"5.77900,1,25,16777215,1625467048,0,c0812316,51550551293820931",爷的青春,0
"138.94300,1,25,16777215,1625467015,0,c7b50d2d,51550534027968515",我觉得现在很少有人能帅过kris了（不是吴亦凡谢谢,0
"105.66700,1,25,16777215,1625466913,0,3cba758e,51550480461463559",灿烈眼睛好亮！！！,0
"3.77400,1,25,16707842,1625466425,0,b7f9105e,51550224881549319",黄子韬,0
"67.19800,1,25,16777215,1625466271,0,1aa9beed,51550143919947781",边伯贤！,0
"117.16300,1,25,16777215,1625466069,0,f57e99,51550037890564103",kris！！！,0
"71.96600,1,25,16777215,1625466000,0,f57e99,51550001929125895",我凡！！！！靠！！,0
"83.19900,1,25,16777215,1625464993,0,a1d57dc8,51549473745666055",啊啊啊啊都暻秀好帅呀,0
"145.11400,1,25,6830715,1625464131,0,be5674a3,51549022166450181",张艺兴张艺兴！,0
"141.52700,1,25,16777215,1625464049,0,7fac4c62,51548978851872775",张艺兴张艺兴！,0
"99.13100,1,25,16777215,1625463592,0,eef0a1e5,51548739401154565",鹿晗！！！！！！！,0
"115.34100,1,25,16777215,1625463414,0,21cd6bdd,51548646204768263",kris kris kris,0
"94.67100,1,25,16777215,1625463377,0,21cd6bdd,51548626817122309",鹿哥啊啊啊啊啊啊啊啊啊啊,3
"79.24200,1,25,16777215,1625463353,0,21cd6bdd,51548613993562115",tao啊啊啊啊啊啊,3
"30.00400,1,25,16777215,1625463299,0,21cd6bdd,51548585598648327",啊啊啊啊啊,2
"151.77900,5,25,16707842,1625463012,0,1ff9c455,51548435391184899",鹿哥！！！,0
"92.77900,1,25,16707842,1625462937,0,1ff9c455,51548396123062279",鹿晗啊啊啊啊,0
"100.41800,1,25,16777215,1625462628,0,bc407119,51548233666658311",太嫩了太嫩了我疯了简直不能回头看,0
"98.27800,1,25,16777215,1625461705,0,99c9fdfc,51547750124748807",鹿啊,3
"112.55500,1,25,16777215,1625461562,0,bb840b65,51547674975404037",wuli灿烈啊,0
"137.99800,1,25,16777215,1625461453,0,7feb0dd9,51547617642938373",开开啊啊啊,0
"16.95900,1,25,16777215,1625461306,0,bab9f793,51547540961624071",边伯贤,0
"104.30200,1,25,15772458,1625461134,0,4e141062,51547450423902215",鹿晗！！！！！,0
"35.98800,1,25,16777215,1625460982,0,72f3b11b,51547370782982149",伯贤呀伯贤,0
"158.21900,1,25,16777215,1625460754,0,915913d9,51547251462373383",这才是男团啊我的妈，老娘的青春啊。,0
"95.59900,1,25,16777215,1625460522,0,79ca9591,51547129742622725",鹿晗啊！！,0
"131.51500,1,25,16777215,1625460332,0,5378f268,51547029915566083",朴灿烈妈妈爱你,0
"93.12200,1,25,16777215,1625460297,0,6d9c6d99,51547011660906501",呜呜呜呜呜呜呜呜呜呜以前老喜欢了爷青回,1
"36.50000,1,25,16777215,1625460196,0,67e06522,51546958783315975",nice,0
"95.03900,1,25,16707842,1625460192,0,9596e162,51546956577636355",鹿晗,0
"171.90900,1,25,16777215,1625460148,0,975af92d,51546933920006149",哦莫chen啊,3
"67.80100,4,25,14811775,1625460109,0,3549b922,51546913210105861",我韬总直击心灵啊,1
"108.14900,1,25,16777215,1625460074,0,975af92d,51546894850588677",灿烈真的那个时候好奶好可爱,0
"81.15500,1,25,16777215,1625460039,0,975af92d,51546876376252419",都暻秀帅啊,0
"76.75500,1,25,16777215,1625460024,0,975af92d,51546868608925699",啊老吴啊,0
"45.47500,1,25,16777215,1625459988,0,975af92d,51546849822638083",啊啊啊,2
"13.54200,1,25,16777215,1625459724,0,888ff999,51546711164715011",啊啊啊啊啊爷青回,3
"94.65900,5,25,14811775,1625459723,0,6d719c19,51546710678175749",我的初心,0
"94.65900,1,25,16777215,1625459711,0,6d719c19,51546704622649347",我的初心啊啊啊啊啊啊啊啊啊啊啊,0
"94.85800,1,25,16777215,1625459651,0,4421c7ab,51546673150689287",少爷少爷少爷少爷鹿晗yyds,0
"152.71900,1,25,16777215,1625459570,0,50900b98,51546630648758275",小甜豆啊啊啊啊,0
"93.73900,1,25,16777215,1625459496,0,50900b98,51546591752355845",鹿晗鹿晗鹿晗,0
"156.22300,1,25,14811775,1625459033,0,a8c879b8,51546348855492613",钓开子现场,0
"91.34800,1,25,16707842,1625458952,0,a8c879b8,51546306764079107",啊啊啊啊啊啊啊啊啊鹿晗,3
"30.78200,1,25,16777215,1625458894,0,a8c879b8,51546276263624711",鹿白啊啊啊啊,3
"99.06100,1,25,16777215,1625458775,0,ba8d7ee9,51546214017531911",好羡慕他的发量,0
"95.80700,1,25,16777215,1625458368,0,c4f323ed,51546000622354437",呜呜呜呜鹿晗初心,1
"92.11400,5,25,16707842,1625458301,0,4878dd7f,51545965091356677",鹿晗啊啊啊啊啊！,3
"0.00000,1,25,16777215,1625457910,0,4bf3109c,51545760433963011",！！！黄子韬！！！,0
"119.06700,1,25,16777215,1625457797,0,5f4bf31,51545701020073987",完颜团不是说说而已呜呜呜,1
"91.06900,1,25,16777215,1625457781,0,13c44ce5,51545692947087363",啊啊啊啊初心啊！！！,0
"26.36000,1,25,16777215,1625457712,0,ab725d1e,51545656400019463",真的完颜,1
"100.75500,1,25,16777215,1625457435,0,cfa83531,51545511238828035",鹿晗,0
"99.99500,1,25,16777215,1625457300,0,6097cd72,51545440638730243",鹿晗没刘海真的更绝啊啊啊啊啊,0
"97.23500,1,25,16777215,1625457277,0,6097cd72,51545428675526659",鹿晗我的天 直接没了,0
"152.77700,1,25,16777215,1625457177,0,bb52c34,51545375982485573",钓凯子！,0
"1.99900,1,25,16777215,1625457083,0,157ce565,51545326573060103",黄子韬黄子韬黄子韬好帅！！！,0
"187.04800,1,25,16777215,1625456913,0,de41758a,51545237428895749",张艺兴,0
"176.01800,1,25,16777215,1625456843,0,de41758a,51545201086824455",兴兴,0
"150.84500,1,25,16777215,1625456815,0,de41758a,51545186326020103",兴兴,0
"144.14600,1,25,16777215,1625456802,0,de41758a,51545179633483779",兴兴宝宝,0
"117.03200,1,25,16777215,1625456741,0,de41758a,51545147200503815",张艺兴,0
"92.32900,1,25,16777215,1625456732,0,3c0de42,51545142931750919",鹿晗好帅啊,0
"154.08900,5,25,15138834,1625456332,0,a580f1a,51544932872618055",鹿晗yyds,0
"123.02800,5,25,15138834,1625456293,0,a580f1a,51544912820699141",吴亦凡这个时期真的帅，但是现在……,0
"93.07600,5,25,15138834,1625456253,0,a580f1a,51544891832401925",鹿晗yyds,0
"92.93900,5,25,16707842,1625456004,0,1497af2c,51544761208668165",鹿晗鹿晗鹿晗鹿晗,0
"30.42800,1,25,16777215,1625455920,0,afe90529,51544717161660421",勋儿,0
"95.38000,1,25,16777215,1625455830,0,156eba0b,51544669977313287",鹿晗！,0
"149.05900,1,25,16777215,1625455524,0,6736210d,51544509397336067",终于出现艺兴了呜呜呜呜,0
"31.60300,1,25,16777215,1625454992,0,229e069b,51544230496567301",爷青回,0
"34.85900,1,25,16777215,1625454667,0,9d8c512b,51544059862843459",丝滑,0
"110.21900,1,25,16777215,1625454571,0,e7951c29,51544009658597381",灿烈！！！！！妈妈爱你,0
"33.85900,1,25,16777215,1625454340,0,7a0a53f4,51543888688578565",现在估计他们三个都把站位忘了，这样也好,2
"16.70200,1,25,16777215,1625452476,0,686d57f6,51542911526895623",世勋好帅，太帅了吧,0
"130.43000,1,25,16777215,1625452472,0,a139ed97,51542909114122245",Kris绝了,0
"109.62800,1,25,16777215,1625452309,0,6e3953e1,51542823850737669",夹缝看吴亦凡,0
"15.82200,1,25,16777215,1625452136,0,bb8261b5,51542733102776327",吴世勋！,0
"93.22000,1,25,16777215,1625451953,0,1e971b08,51542637302251527",鹿哥绝了,0
"198.86800,1,25,16777215,1625450376,0,c2194b59,51541810239504387",噜噜,0
"98.94200,1,25,16777215,1625450272,0,c2194b59,51541755792719877",少爷！！,0
"151.61300,5,25,16707842,1625449990,0,9ccf9e36,51541608041021447",鹿晗鹿晗鹿晗鹿晗鹿晗鹿晗鹿晗鹿晗鹿晗鹿晗鹿晗鹿晗,0
"93.45800,5,25,16707842,1625449924,0,9ccf9e36,51541573489393671",鹿晗鹿晗鹿晗鹿晗鹿晗鹿晗鹿晗鹿晗鹿晗鹿晗,0
"91.36700,5,25,15772458,1625449910,0,9ccf9e36,51541566237966341",luhanluhan,0
"102.79300,1,25,16777215,1625449896,0,e24a48de,51541558879059975",鹿哥鹿哥鹿哥鹿哥鹿哥鹿哥,0
"94.16200,5,25,15772458,1625449895,0,9ccf9e36,51541558044393477",鹿晗鹿晗鹿晗鹿晗鹿晗鹿晗鹿晗鹿晗鹿晗,0
"92.31300,1,25,16777215,1625449882,0,e24a48de,51541551249096707",啊啊啊啊啊，鹿哥鹿哥鹿哥鹿哥鹿哥鹿哥鹿哥,3
"192.87700,1,25,16777215,1625449861,0,71c27ab0,51541540089102343",这都怕是人间打印机。。。,3
"171.69900,1,25,16777215,1625449309,0,2c87ea3a,51541250748710915",这一块有点音画不同步,2
"113.74500,1,25,16777215,1625449163,0,a6b19e14,51541174177497095",吴亦凡太好看了吧,0
"72.23100,1,25,16777215,1625449107,0,a6b19e14,51541145191710723",吴亦凡太帅了,0
"193.75500,1,25,15138834,1625448974,0,ef57bb3c,51541075329810437",我的荣光主唱倩倩,0
"142.55500,5,25,15138834,1625448905,0,ef57bb3c,51541039396159491",Kris帅的哟,0
"123.01900,1,25,15138834,1625448856,0,ef57bb3c,51541013334327303",Kris真乃神颜啊,0
"119.29900,1,25,16777215,1625448813,0,ef57bb3c,51540990998085635",真嫩啊大家，虽然现在也不显老,0
"77.33900,1,25,16777215,1625448742,0,ef57bb3c,51540953760530435",吴亦凡，wuli凡崽,0
"115.15400,1,25,16777215,1625448505,0,529336d3,51540829630627843",老吴老吴！！！！！！！,0
"72.89300,1,25,16777215,1625448456,0,529336d3,51540803969351685",老吴！！！老吴！！老吴！！！,0
"98.41900,1,25,16707842,1625448260,0,bc5b763f,51540700933128197",鹿晗啊啊,0
"79.61900,1,25,16777215,1625448197,0,21034a78,51540668029861895",请多多关心吧​,0
"130.71900,1,25,38979,1625448017,0,3a9ac4b6,51540573698916357",灿烈啊啊啊啊啊啊啊啊,0
"131.57300,5,25,38979,1625446212,0,e635d854,51539627148836871",灿烈！打call！！！！,0
"154.81500,1,25,16777215,1625445766,0,99097929,51539393592164355",现在也很帅！！！！！！！！！,0
"153.19500,1,25,16777215,1625445756,0,99097929,51539388197765127",我天,3
"150.01500,1,25,16777215,1625445748,0,99097929,51539383730307075",鹿哥！！！！,0
"96.25900,1,25,16777215,1625445724,0,99097929,51539371428413445",唯一的爱，鹿晗,0
"94.55900,1,25,16777215,1625445707,0,99097929,51539362196226053",回忆啊,1
"93.29900,1,25,16777215,1625445701,0,99097929,51539359432704005",啊啊啊啊啊啊啊,2
"90.99900,1,25,16777215,1625445696,0,99097929,51539356704833543",鹿鹿,0
"22.12200,1,25,16777215,1625445118,0,f4b52150,51539053471858693",爷回青,0
"0.00000,1,25,16777215,1625443659,0,fee7ac12,51538288461742083",当年的韬韬还没有这么狂野（指直播）,0
"91.43900,1,25,16777215,1625443070,0,c2faa75,51537979653488645",爷青回,0
"37.29900,1,25,16777215,1625443010,0,c2faa75,51537948422701061",啊啊啊啊啊爱了,0
"24.17900,1,25,16777215,1625442787,0,2b068f19,51537831686832133",爷青回,0
"2.04500,1,25,16777215,1625442773,0,e4b45e66,51537824149667843",韬韬，爷青回啊啊啊,0
"152.81500,5,25,16707842,1625442480,0,3c3dc4ff,51537670344015879",啊啊啊啊啊啊啊啊啊啊啊宝贝,3
"201.02700,1,25,16777215,1625442439,0,1e547e2c,51537649255579653",呜呜呜倩倩好棒,0
"22.42800,1,25,16777215,1625441755,0,19254155,51537290676142085",世勋笑死我了太可爱,0
"94.03900,1,25,16777215,1625441113,0,9a2382eb,51536954039205893",鹿晗啊啊啊啊,0
"86.07800,1,25,16777215,1625440683,0,de879882,51536728236228613",灿烈太可爱了,0
"19.72500,5,25,16707842,1625440252,0,8b2a60d7,51536502466281477",啊！我的小狗勾！！,3
"66.93900,1,25,15138834,1625440106,0,3e15be4b,51536425761898499",XO yyds!!!!!!!!,3
"39.06700,1,25,16777215,1625439348,0,c2d69d9e,51536028318564355",一群娘炮,2
"24.99900,1,25,16777215,1625439013,0,473b6a5d,51535852878692359",爷青回,0
"156.21300,1,25,16777215,1625437515,0,f23971f6,51535067295514631",我的天鹿晗咋这么好看,0
"99.47900,1,25,16777215,1625437414,0,f23971f6,51535014396428293",鹿晗鹿晗我的天,0
"40.72300,1,25,16777215,1625436427,0,8bbf7eed,51534496976076805",好娘,0
"120.15900,1,25,16777215,1625430523,0,7e413571,51531401706602501",爷青回！！！,0
"70.87900,1,25,16777215,1625430182,0,ba394ba,51531222683222021",都暻秀 都暻秀 都暻秀,0
"196.09900,1,25,16777215,1625429153,0,35790235,51530683209744389",表白倩倩,0
"117.82200,1,25,16777215,1625428641,0,53821a65,51530414736539655",太帅了啊啊啊啊啊,0
"53.13900,1,25,16777215,1625428555,0,53821a65,51530369599012869",世勋红发好绝,0
"36.49900,1,25,16777215,1625428511,0,53821a65,51530346775707655",啊啊啊都好奶啊,3
"149.98000,5,25,16707842,1625426713,0,c19280b9,51529404148875269",少爷！！！你好！！！！,0
"168.77900,1,25,16777215,1625424819,0,fe2e1b19,51528411111227397",后面没见过这个人了啊,3
"66.46900,1,25,16777215,1625424818,0,23ad7f64,51528410582220807",金珉锡！！！,0
"128.09900,1,25,16777215,1625424765,0,fe2e1b19,51528382803869703",加拿大电鳗,0
"126.80200,1,25,16777215,1625424763,0,1eccfaef,51528381722787843",啊啊啊鱼,3
"26.16100,1,25,16777215,1625424647,0,23ad7f64,51528321018101765",包砸！,2
"108.60600,1,25,16777215,1625423899,0,701ad0c1,51527928882659335",一去不复返的灿妮啊,0
"95.80600,1,25,16777215,1625423872,0,701ad0c1,51527914549673987",鹿晗那时候状态简直了,1
"13.73000,1,25,16777215,1625422859,0,8e98e5a8,51527383392452611",队形都是齐的，站位都是齐的,0
"189.49900,1,25,15772458,1625422270,0,642bbe45,51527074965880837",倩倩！,0
"39.27100,1,25,16777215,1625421941,0,30eb03f1,51526902295298053",绝了,0
"72.39900,1,25,16777215,1625421645,0,2f01b6b2,51526747103952901",啊啊啊啊啊啊啊啊嘟嘟！！！,3
"143.51900,1,25,16777215,1625421107,0,186e5877,51526464937394181",路人好想入坑哈哈哈,0
"58.60600,1,25,16777215,1625420760,0,83d46d7d,51526283131092997",这软件的也太牛B 了啊！,0
"2.85900,1,25,16777215,1625420756,0,490133ce,51526280756592643",yyds ,0
"95.20900,1,25,16777215,1625420432,0,36563216,51526111268438021",呜呜呜呜鹿子,1
"28.71100,1,25,16777215,1625419710,0,a11e8a25,51525732555816967",DNA动了,0
"150.09900,1,25,16777215,1625419368,0,25143fb9,51525553027547139",艺兴真的好嫩哈哈哈,0
"113.38400,1,25,16777215,1625419326,0,25143fb9,51525530972323845",艺兴,0
"121.66300,1,25,16777215,1625419229,0,6a41ebc6,51525480280489989",啊啊啊爷青回,0
"127.74500,1,25,16777215,1625418961,0,12de9989,51525339667496963",吴亦凡绝,0
"147.07900,1,25,16777215,1625418933,0,64d016e8,51525325305675779",吴亦凡太帅了,0
"70.75200,1,25,16777215,1625418904,0,12de9989,51525309763682307",吴亦凡绝了,0
"130.65900,1,25,16777215,1625418895,0,64d016e8,51525305292554247",kris神颜,0
"24.02800,1,25,16777215,1625418571,0,4e02643f,51525135602548743",那时候还流行低档裤,0
"67.77900,1,25,16777215,1625418293,0,b230cd8,51524989834756099",吴世勋yyds！,0
"111.93400,1,25,16777215,1625418090,0,5ecd69cd,51524883045154823",灿烈啊啊啊,0
"129.71500,1,25,16777215,1625418030,0,36bc8872,51524851745161283",灿烈啊啊啊啊啊！,0
"180.04200,1,25,16777215,1625417912,0,f49dfe1f,51524789620703237",艺兴好帅！,0
"180.04200,1,25,16777215,1625417900,0,f49dfe1f,51524783619178501",啊啊啊我老张！,3
"180.04200,1,25,16777215,1625417891,0,f49dfe1f,51524778750640133",张总！,0
"175.60200,1,25,16777215,1625417869,0,f49dfe1f,51524767516196869",羊兴！！,0
"175.60200,1,25,16777215,1625417851,0,f49dfe1f,51524758115713031",兴兴！,0
"175.60200,1,25,16777215,1625417841,0,f49dfe1f,51524752871784453",啊啊啊终于来了张艺兴！,0
"19.51700,1,25,16777215,1625417841,0,df6c0e55,51524752645816323",他们是怎么做到每场的表情都一样的,0
"6.29100,1,25,16777215,1625417817,0,ff233dfc,51524740106420227",爷青回！！！,0
"146.58800,1,25,16777215,1625417802,0,f49dfe1f,51524732174991367",张艺兴张艺兴！！！,0
"146.58800,1,25,16777215,1625417793,0,f49dfe1f,51524727708581891",啊啊啊张艺兴！,0
"146.58800,1,25,16777215,1625417787,0,f49dfe1f,51524724126121989",啊啊啊艺兴！,0
"154.39900,1,25,16777215,1625417741,0,fc7222fe,51524700442984451",鹿晗真的太好看了,0
"150.37900,5,25,16707842,1625417614,0,b88a4379,51524633438978051",鹿鹿宝贝，，，,0
"91.45400,5,25,16707842,1625417573,0,b88a4379,51524612365746183",鹿晗鹿晗鹿晗，！！！,0
"124.00400,1,25,16777215,1625416880,0,a2693a4c,51524248774639619",小勋太帅了！！！,0
"46.56800,1,25,16777215,1625416539,0,90a2796a,51524070222594051",哈哈哈哈世勋的红发啊,0
"30.52600,1,25,16777215,1625416495,0,90a2796a,51524047183282183",好有少年感啊,0
"154.49900,1,25,16777215,1625416487,0,e6848e6a,51524042833264645",看哭了。。。,1
"15.59200,1,25,16777215,1625416469,0,90a2796a,51524033473150981",梦开始的地方啊哈哈哈,0
"99.13400,1,25,16777215,1625416422,0,79643f0c,51524008762408963",啊啊啊啊啊啊我鹿,3
"146.05900,1,25,16777215,1625416330,0,cdcc2354,51523960234311687",啊啊啊欢欢！！好乖！！,0
"84.07900,1,25,16777215,1625416078,0,601b4070,51523828299333639",小哥哥！,0
"141.37400,1,25,16777215,1625416072,0,383c8e92,51523824991600647",开你好帅,0
"84.07900,1,25,16777215,1625416071,0,601b4070,51523824424321027",金俊勉！,0
"160.39900,1,25,16777215,1625415971,0,af2beca0,51523771983462405",吊kai子名场面,2
"113.05900,1,25,16777215,1625415517,0,f9afae8a,51523533986070535",天呐kris,0
"190.88500,1,25,16777215,1625415511,0,3cf99b45,51523530882809861",我的勋我的鹿，真的太怀念了,1
"186.09600,1,25,16777215,1625415487,0,3cf99b45,51523518496505859",太怀念了,1
"76.13900,1,25,16777215,1625415467,0,f9afae8a,51523508002881539",吴亦凡黄子韬太帅了啊啊啊啊阿,0
"99.05600,1,25,16777215,1625415437,0,67307868,51523492052467719",少爷！,0
"93.21900,1,25,16777215,1625415242,0,5a1c3429,51523389906485255",鹿晗鹿晗鹿晗,0
"3.11900,1,25,16777215,1625415121,0,67307868,51523326803705861",TAO在hg的时候是真的好看,0
"118.01900,1,25,16777215,1625415001,0,d7944770,51523263884951555",你币有了 亲,0
"146.89900,1,25,16777215,1625414927,0,dd46fa6,51523224895750149",老张啊啊啊啊啊啊！,3
"70.05900,1,25,16777215,1625414841,0,aa095781,51523179560566789",啊啊啊啊啊韬韬妈妈爱你,0
"39.25900,1,25,16777215,1625414815,0,dd46fa6,51523165913350151",表白长沙小骄傲,0
"31.01900,1,25,16777215,1625414795,0,aa095781,51523155799310341",啵啵虎，妈妈爱你,0
"74.35900,1,25,14811775,1625414757,0,896f70d0,51523135592726531",都暻秀都暻秀都暻秀都暻秀都暻秀都暻秀都暻秀都暻秀都暻秀都暻秀都暻秀都暻秀,0
"151.79500,5,25,16707842,1625414720,0,a2379faa,51523116491341827",鹿晗啊妖精大人！神颜！,0
"12.43800,1,25,16777215,1625414717,0,e2fcb743,51523114822533125",爷青回,0
"181.21900,1,25,16777215,1625414668,0,9f9640a3,51523089143431173",鹿晗真的太精致了,0
"152.97900,1,25,16777215,1625414635,0,9f9640a3,51523071545180163",真的很帅啊,0
"92.20100,5,25,16707842,1625414630,0,a2379faa,51523069104619525",鹿晗鹿晗鹿晗鹿晗鹿晗,0
"33.70300,1,25,16777215,1625414349,0,71d99555,51522921876160579",呜呜呜 我的整个青春啊,1
"81.66200,1,25,16777215,1625414345,0,9e542713,51522919828291589",黄子韬是仙女吧,0
"27.02700,1,25,16777215,1625414226,0,75950fa4,51522857068920837",爷青回,0
"152.98000,1,25,16777215,1625414139,0,b9858581,51522811632025605",鹿鹿鹿,0
"152.98000,1,25,16777215,1625414132,0,b9858581,51522808070012931",鹿鹿嗷嗷嗷嗷,0
"6.92700,1,25,16777215,1625413939,0,e06928ca,51522706725142531",开爷！,0
"72.26700,1,25,16777215,1625413920,0,7b5e8069,51522696747941891",嘟嘟,0
"73.43900,1,25,16777215,1625413820,0,75ef0e0e,51522644644724743",嘟嘟！,0
"108.69900,1,25,16777215,1625413755,0,d5e64da4,51522610292326405",朴灿烈好可爱！,0
"114.69900,1,25,16777215,1625413717,0,3e835ae1,51522590502551555",那会儿的男团颜值是真的高,0
"106.05700,1,25,15138834,1625413716,0,b19320ab,51522589877075975",克里斯神颜预警！！！,0
"24.21200,1,25,16777215,1625413701,0,8fa5c3c,51522581945647107",Chen!!!!!!,3
"74.35900,1,25,16777215,1625413656,0,cce414b,51522558434476035",草……吴老师这个脸 天神下凡……,0
"127.89200,1,25,16777215,1625413646,0,ca4c8fe5,51522553111904261",怎么好像都没看见张艺兴,3
"0.19900,5,25,8700107,1625413464,0,e8f40e62,51522457610747909",黄子韬啊啊啊！疯狂尖叫！,0
"16.01900,1,25,16777215,1625413325,0,3fa68eaa,51522384778756101",最开始就是因为黄子韬入的坑,0
"207.00000,1,25,16777215,1625413279,0,628bf607,51522360865456131",这一个个的真嫩啊，现在都成熟了,1
"34.93300,1,25,16777215,1625413218,0,7dde0554,51522328599724037",大哥大哥大哥！,0
"114.21900,1,25,16777215,1625413133,0,1cb75353,51522284168937475",灿烈啊啊啊啊啊啊啊！,0
"95.46700,1,25,16777215,1625413037,0,1cb75353,51522233751306247",鹿晗！！！！！,0
"157.89900,1,25,16777215,1625412706,0,492723ae,51522060468879367",鹿晗好帅,0
"20.43900,1,25,16777215,1625412626,0,cab1c548,51522018656387079",吴世勋！,0
"160.85900,1,25,16707842,1625412607,0,46c017a5,51522008675516419",鹿晗yyds,0
"155.09900,1,25,16707842,1625412596,0,46c017a5,51522002967068679",鹿晗啊啊啊啊啊啊啊,3
"176.07800,1,25,16777215,1625412585,0,f9f00f6f,51521997235027971",看了半天发现每一个转场他们的表情都过渡回我自然呀，果然专业,0
"103.85900,1,25,16707842,1625412535,0,46c017a5,51521970603819015",鹿晗鹿晗鹿晗,0
"200.60600,5,25,16707842,1625412464,0,555bf4b9,51521933776781315",啊啊啊啊啊鹿晗的背景音,3
"17.05900,1,25,41194,1625412395,0,46c017a5,51521897163653123",鹿晗鹿晗鹿晗,0
"164.51900,1,25,16777215,1625412394,0,bee0d37c,51521896576974853",chen！！！,0
"4.69900,1,25,16777215,1625412375,0,46c017a5,51521886632804355",鹿晗鹿晗鹿晗,0
"148.78200,5,25,16707842,1625412371,0,555bf4b9,51521884913139715",迎接鹿哥啊啊啊,0
"37.77900,1,25,16777215,1625412338,0,fcb72306,51521867425513475",还是以前的男团质量高，现在的长的都一样,2
"92.27900,5,25,16707842,1625412292,0,555bf4b9,51521843118473223",啊啊啊啊啊啊啊啊啊啊鹿少鹿少,3
"77.99900,1,25,16707842,1625412260,0,555bf4b9,51521826466037763",啊啊啊啊啊啊啊啊啊啊鹿晗,3
"170.65700,1,25,16777215,1625412149,0,85f2b666,51521768654897159",泥嚎！张lay哥！你来了！,3
"12.96700,1,25,16777215,1625412072,0,6f1f8808,51521727763578883",吴亦凡yyds,0
"137.50200,1,25,16777215,1625411984,0,4d1757f9,51521681871601671",开开那时候就这么会撩了,0
"147.49000,1,25,16777215,1625411962,0,58e184e4,51521670093996037",瞬间回忆起当年的外号妖精大人luhan,0
"57.03500,1,25,16777215,1625411853,0,4d1757f9,51521613176766471",卧槽开开好帅,0
"96.93700,1,25,16707842,1625411424,0,eff1f723,51521388433899523",鹿晗鹿晗鹿晗鹿晗鹿晗鹿晗鹿晗鹿晗鹿晗鹿晗鹿晗鹿晗鹿晗鹿晗鹿晗鹿晗鹿晗鹿晗鹿晗鹿晗鹿晗鹿晗鹿晗鹿晗鹿晗鹿晗鹿晗鹿晗鹿晗鹿晗鹿晗鹿晗,0
"94.35600,1,25,16707842,1625411411,0,eff1f723,51521381507530759",鹿哥鹿哥鹿哥鹿哥鹿哥鹿哥鹿哥鹿哥鹿哥,0
"93.33200,1,25,15138834,1625411397,0,eff1f723,51521373911121927",啊啊啊啊啊啊啊啊鹿子啊,3
"174.92300,1,25,16777215,1625411247,0,86fb282c,51521295410528259",lay lay lay艺兴艺兴艺兴啊啊啊啊啊啊,0
"62.69700,1,25,16777215,1625411219,0,f46146c4,51521280723648519",我夸我老公妮妮！！！,0
"162.19600,1,25,16777215,1625411215,0,fc785bf8,51521278578786311",白橙！,0
"119.17900,1,25,16777215,1625411191,0,c50cc33a,51521266239143943",吴亦凡当时脸真小,1
"144.88200,5,25,16777215,1625411185,0,86fb282c,51521262743715843",lay lay lay艺兴啊啊啊啊啊,0
"175.52900,5,25,16777215,1625411155,0,233400f,51521247091621891",张艺兴好白,0
"145.91800,1,25,16777215,1625411104,0,233400f,51521220523327493",艺兴宝宝！！！,0
"60.13700,1,25,16777215,1625411099,0,7480736f,51521217827438597",竟然没人夸我开那我就不吝啬了金钟仁大帅哥！,0
"148.05900,1,25,16707842,1625410960,0,cede0375,51521145275940867",十个人yyds,0
"122.33900,1,25,16707842,1625410928,0,cede0375,51521128295301125",Kris的神颜,0
"81.45900,1,25,16707842,1625410879,0,cede0375,51521102722629637",好爱12个人的时候！！,0
"153.90500,1,25,16707842,1625410867,0,b532b2ec,51521096213594117",绝了鹿鹿子,0
"152.54500,1,25,16707842,1625410859,0,b532b2ec,51521092240539653",鹿晗啊啊啊啊啊啊啊啊,3
"25.34400,1,25,16777215,1625410859,0,c25010e,51521091856760837",呜呜呜，倩倩的嘴好好亲,1
"38.13900,1,25,15138834,1625410825,0,cede0375,51521074047221829",爷青回,0
"3.53900,1,25,16777215,1625410784,0,cede0375,51521052883812359",嘤嘤嘤 故事的开始,1
"195.01900,1,25,16777215,1625410769,0,99344ed9,51521045026832391",chen的部分一如既往地喜欢！！！！！,0
"90.47900,1,25,16707842,1625410755,0,b532b2ec,51521037552058375",鹿鹿子啊啊啊啊 ,3
"90.47900,1,25,16707842,1625410747,0,b532b2ec,51521033209905157",鹿晗啊啊啊啊啊啊啊,3
"19.89900,1,25,16777215,1625410674,0,3a976449,51520994950512643",爷青回,0
"130.30700,1,25,16777215,1625410333,0,929077fa,51520816175120455",那时的灿烈还没举铁,0
"50.66500,1,25,16777215,1625410287,0,bfd90dd5,51520792257101831",我的青春啊啊啊啊呜呜呜我最爱的时期,1
"111.45900,1,25,16777215,1625410250,0,929077fa,51520772883611653",灿烈！！,0
"180.13500,5,25,41194,1625410207,0,83d177d6,51520750196621379",张总呀呀呀,0
"31.89900,1,25,16777215,1625410165,0,929077fa,51520727977820165",伯贤怎么可以这么奶！！！,0
"144.78600,1,25,6830715,1625410162,0,83d177d6,51520726673915909",张总啊啊啊我张总呐呐呐,0
"95.81600,1,25,16777215,1625409989,0,2c5084b6,51520636158738439",鹿晗呐,0
"186.97900,1,25,16777215,1625409975,0,506fba51,51520628531396615",张艺兴之前脸尖一点，,2
"76.31600,1,25,16777215,1625409970,0,2c5084b6,51520626023727109",鹿晗！！,0
"136.33600,1,25,16777215,1625409905,0,2d433ace,51520591665561603",朴灿烈好帅,0
"85.17900,1,25,16777215,1625409843,0,506fba51,51520559626321923",凡哥是队长是我没想到的,0
"70.36400,1,25,16777215,1625409828,0,2d433ace,51520551497236483",那个时候黄子韬真的好帅,0
"143.51700,1,25,16777215,1625409620,0,9b487ab2,51520442548617219",张总，艺兴啊！！！！,0
"201.21700,1,25,16777215,1625409498,0,c3aebe7a,51520378469089349",鹿晗真是绝了,0
"178.79100,1,25,14811775,1625409494,0,80f9fda4,51520376161173511",我是张艺兴的女友。,0
"178.79100,1,25,15138834,1625409485,0,80f9fda4,51520371463553031",张艺兴好帅,0
"147.21800,1,25,16777215,1625409429,0,80f9fda4,51520342593110019",啊，张艺兴我爱你！,0
"17.72600,1,25,16777215,1625409415,0,bddc364,51520335107325959",伯贤的我小宝贝！！！！！！,0
"92.79900,1,25,16777215,1625409406,0,c3aebe7a,51520330230398979",啊啊啊鹿晗,0
"36.37100,1,25,16777215,1625409370,0,d99ac2a3,51520311633379333",爱了爱了,0
"152.80800,1,25,16777215,1625409284,0,4a6ed0d9,51520266342236167",啊啊啊啊啊啊啊啊，鹿鹿子,3
"26.89900,1,25,16777215,1625409271,0,c3aebe7a,51520259531735045",好丝滑,0
"93.75800,1,25,16777215,1625409213,0,4a6ed0d9,51520229093146629",就尼玛离谱，鹿晗怎么能这么好看,3
"86.51900,1,25,16777215,1625409054,0,f686ac4f,51520145917476869",完颜团不是吹的,2
"23.46500,1,25,16777215,1625409004,0,419c6c30,51520119751835655",啊啊啊啊啊啊伯贤也太嫩了！！！！可爱死啦！！！,0
