"155.45900,1,25,16777215,1616752420,0,cf4f5652,46981576389558279",接下来白给
"9.89900,1,25,16777215,1616752265,0,cf4f5652,46981495303700485",一进来就看到废仔躺着的
"307.30800,1,25,16777215,1616668046,0,e1f43c40,46937339967569923",吓我一跳，还以为被打穿了
"193.40800,1,25,16777215,1616596105,0,8df1223,46899622116851715",绿光不上证明哈哈哈
"193.24900,1,25,16777215,1616504467,0,bba24c2f,46851577734496261",下饭啊永哥
"97.52700,1,25,16777215,1615989413,0,7a22475e,46581541067816965",怕不是契约黛打
"197.31900,1,25,16777215,1615249111,0,dc30d241,46193409293549571",绿光都不上，还想赢？
"187.10200,1,25,16777215,1615197783,0,258da2e9,46166498758098949",众所周知，契约谁也打不过，李水谁也打不过
"154.34700,1,25,16777215,1615182531,0,cd547fb2,46158502231539719",正片开始
"140.29900,1,25,16777215,1615166505,0,7dbfa1d9,46150100330741763",基操勿六
"136.61800,5,25,16707842,1615147639,0,5ce8905c,46140208892608517",疯狂塞蛋
"14.74800,1,25,16777215,1615145654,0,ff933dcf,46139168005816325",今天是阿迪勇？
"196.79900,1,25,16777215,1615135668,0,335bbe29,46133932625756167",哈哈哈哈打掉两个C输给一个老板！不亏是你啊永
"157.22800,1,25,16777215,1615134771,0,8422d026,46133462383460359",猛呀永哥！！
"181.00800,1,25,16777215,1615132952,0,b3876941,46132508791668741",高手不挑食
"154.00700,1,25,16777215,1615132915,0,b3876941,46132489387769859",6666666细啊永
"23.55800,1,25,16777215,1615210794,0,8911a1b5,46173320476360707",你看给孩子乐的，差点失控
"32.67100,1,25,16777215,1615210430,0,614dc547,46173129789145093",渣笔笔，哈哈
"11.41000,1,25,16777215,1615207441,0,edec80ea,46171562633068551",还是熟悉的YG风格
"244.50100,1,25,16777215,1616676680,0,58b904fe,46941866566877189",小丑竟是我自己……
"205.36200,1,25,16777215,1616684425,0,d62099f5,46945927333675013",草莓牛奶 草莓酸奶思慕雪
"150.29100,1,25,16777215,1616684355,0,d62099f5,46945890858958855",冰淇淋华夫
"378.65300,1,25,16777215,1615616274,0,31cd338a,46385908663451651",up怎么变粗糙了
"457.99000,1,25,16777215,1615512117,0,1878ff38,46331300152344581",。！！！草莓
"197.51000,1,25,16777215,1615511914,0,1878ff38,46331193962004487",为什么要挤一坨奶油啊啊啊啊啊啊就这样我看挺好
"564.29400,1,25,16777215,1615282733,0,e984b072,46211037257531399",弥hotel
"220.85900,1,25,16777215,1615219010,0,aa268f96,46177627884486663",减肥期间看视频抵饿，结果隔着屏幕都能闻到草莓味QAQ
"645.04300,1,25,16777215,1615217102,0,f68c6036,46176627773145091",这是一场生动的英文饮品单词教学
"486.29900,1,25,16777215,1615203956,0,1116bcd3,46169735566983171",这个我爱了
"567.80600,1,25,16777215,1615200947,0,251b5301,46168157671915523",猕猴桃？奇异果
"579.53900,1,25,16777215,1615199997,0,eda132f6,46167659700551751",猕猴桃
"44.55700,1,25,16777215,1615194673,0,9adca006,46164868210360323",拿铁是狗狗的名字
"563.36000,1,25,16777215,1615191396,0,858fdd3d,46163150488731653",Kiwi是什么
"36.25000,1,25,16777215,1615190693,0,858fdd3d,46162781657890821",拿铁爸爸?
"896.58300,5,25,38979,1615166070,0,23be196,46149872003317765",那么，下次见咯
"892.59800,5,25,38979,1615166058,0,23be196,46149865837690885",感谢您的收看～
"879.67500,5,25,38979,1615165958,0,23be196,46149813602877447",之所以停留，是想体验一下新菜单，然后做一点改动
"876.52100,5,25,38979,1615165899,0,23be196,46149782702915589",工作结束后驻足在第一家店这里
"435.70600,5,25,38979,1615165098,0,23be196,46149362725683205",看来叫草莓瀑布华夫比较贴切
"141.65600,5,25,38979,1615164611,0,23be196,46149107312492549",现在，我们得工作啦～
"133.93700,5,25,38979,1615164591,0,23be196,46149096559869957",呃，这个聚焦真是…
"129.76700,5,25,38979,1615164576,0,23be196,46149088745881603",客人来之前，还可以再放松一下
"122.61100,5,25,38979,1615164536,0,23be196,46149068071108611",所以在更暖和的春天来之前，能喝一杯是一杯咯
"113.27400,5,25,38979,1615164451,0,23be196,46149023406489605",今日第一份，热美式～
"88.02600,5,25,38979,1615164397,0,23be196,46148994851667973",要做今天的第一杯咖啡咯
"68.88100,5,25,38979,1615164361,0,23be196,46148976145596423",春天来了，我得把T全都从衣柜里找出来
"64.43300,5,25,38979,1615164328,0,23be196,46148958635425795",咖啡招待员今天黑T恤～
"60.53400,5,25,38979,1615164270,0,23be196,46148928359366661",今天也要准备营业啦，把在前院玩的很开心的Latte留在外面
"56.33400,5,25,38979,1615164215,0,23be196,46148899700736003",独自狂欢呃……
"49.94100,5,25,38979,1615164191,0,23be196,46148886974169093",在春天的阳光下，Latte看起来好棒
"45.93500,5,25,38979,1615164141,0,23be196,46148860892938245",天气也是越来越暖和了
"42.59600,5,25,38979,1615164123,0,23be196,46148851167395847",感觉春天真的来了哦【换到上面来不挡字幕
"40.28200,4,25,38979,1615164071,0,23be196,46148824155553797",已经是三月啦
"37.03000,4,25,38979,1615164060,0,23be196,46148818289295363",哈喽La粉大家好，我是Latte Papa
"4.28800,1,25,16777215,1615163283,0,5af6898b,46148411104165891",早上好～
"479.13100,1,25,16777215,1615158647,0,862ef625,46145980328837123",太爱啦
"144.75600,1,25,16777215,1621827632,0,d4694104,49642449107156995",哈哈哈哈哈哈
"396.84800,1,25,16777215,1620388204,0,f7e60017,48887774361681925",太牛逼了
"484.08100,1,25,16777215,1619496545,0,43a96b5c,48420288245268487",太厉害了
"485.66400,1,25,16777215,1618922901,0,26f062a0,48119533643235335",好有条理啊
"179.09400,1,25,16777215,1618141160,0,f32dc4b9,47709676068405251",111
"181.56300,1,25,16777215,1617100540,0,93dd2e14,47164091729969159",培根铸魂
"483.27500,1,25,16777215,1617016156,0,97ac3cc,47119849949757443",太6了
"457.96100,1,25,16777215,1616905139,0,5395ee34,47061644913147909",tql
"188.17100,1,25,16777215,1616904846,0,5395ee34,47061491300433925",111
"178.45900,1,25,16777215,1616836331,0,c91b7049,47025569741144071",1111
"159.68400,1,25,16777215,1616578722,0,f3c03bdf,46890508864192515",我知道培根（滑稽）
"383.19000,1,25,16777215,1616561825,0,5395ee34,46881649613864965",感觉自己不配去面试了
"333.83100,1,25,16777215,1616561776,0,5395ee34,46881623784816647",tql
"179.61300,1,25,16777215,1616497367,0,5f8e2eb0,46847855000289287",1
"426.83900,1,25,16777215,1616399162,0,c624c692,46796367501197319",6666666
"284.33200,1,25,16777215,1616396036,0,a5fba365,46794728392359943",学会了
"421.06400,1,25,16777215,1616316934,0,e3f74b76,46753256296153093",好厉害啊
"6.57700,1,25,16777215,1616316099,0,e3f74b76,46752818446991365",二刷打卡
"332.62000,1,25,16777215,1616249613,0,c19b1d45,46717960961130503",这个就体现出up的积累充实了hhhh
"175.82500,1,25,16777215,1616249457,0,c19b1d45,46717878755917831",1111
"422.15000,1,25,16777215,1616055316,0,4f17f364,46616092924706819",厉害
"222.12100,1,25,16777215,1615818730,0,973d7caf,46492053891186695",1111
"484.83000,1,25,16777215,1615636634,0,fab77a02,46396583417217031",这么长的吗
"178.01400,1,25,16777215,1615470784,0,e3f74b76,46309630107713543",1
"177.59300,1,25,16777215,1615387036,0,21601d0f,46265721714376711",1111
"180.88500,1,25,16777215,1615370450,0,d23fa39a,46257026185560071",111111
"182.01900,1,25,16777215,1615299902,0,d90f1e01,46220038770786309",1111
"489.43900,1,25,16777215,1615278987,0,743c1361,46209072919740423",太厉害啦
"181.55400,1,25,16777215,1615275051,0,33329eac,46207009738981381",111111
"112.77300,1,25,16777215,1615274187,0,e7687f8,46206556484141061",up主好厉害
"183.94300,1,25,16777215,1615268872,0,59e59406,46203770020298759",1
"312.07600,1,25,16777215,1615262316,0,f0ce056e,46200332761432071",厉害
"420.87700,1,25,16777215,1615203771,0,c1cdf974,46169638158467079",66666666
"175.54100,1,25,16777215,1615200601,0,89d50f6d,46167976289763333",111
"178.43800,1,25,16777215,1615194573,0,9e07f6ed,46164816074637315",111
"168.17000,1,25,16777215,1615184002,0,8a43d919,46159273547268103",啥 培根
"180.90000,1,25,16777215,1615179353,0,92365dc0,46156836086743045",1111
"175.64500,1,25,16777215,1615178395,0,3aa427c9,46156334150189059",1
"433.56000,1,25,16777215,1615168295,0,973b9de1,46151038518951939",牛逼
"176.46900,1,25,16777215,1615167970,0,973b9de1,46150868361281539",1111111
"156.50000,1,25,16777215,1615167947,0,973b9de1,46150856358232067",厉害了
"178.96400,1,25,16777215,1615132779,0,af0d6cc4,46132418220392455",111
"275.91900,1,25,16777215,1615132107,0,c53b9919,46132065525563399",哇 学到了
"429.33000,1,25,16777215,1615132064,0,93dd2e14,46132043176738823",爱了爱了
"422.91900,1,25,16777215,1615132059,0,93dd2e14,46132040673787909",up好棒
"177.53700,1,25,16777215,1615132008,0,4e376d39,46132013706510339",1111
"177.61100,1,25,16777215,1615131813,0,93dd2e14,46131911465631747",1111
"50.05500,1,25,16777215,1615131685,0,93dd2e14,46131844341039107",来了惹
"177.02500,1,25,16777215,1615131446,0,754484a1,46131718945505285",11111
"282.24100,1,25,16777215,1615131270,0,b13a340,46131626729537539",6呀
"179.08400,1,25,16777215,1615130983,0,a8562b53,46131476220084229",111
"179.53700,1,25,16777215,1615130456,0,24faf1d7,46131200184025091",111
"176.19200,1,25,16777215,1615130422,0,7cfe35f3,46131182176829443",11111
"177.88200,1,25,16777215,1615130326,0,5e146661,46131132054372355",1111
"167.22100,1,25,16777215,1622383107,0,d9535758,49933677808844807",按箱踩。猛
"11.99400,1,25,16777215,1617464170,0,5554349a,47354738386665479",@傅园慧
"67.32500,1,25,16777215,1616913237,0,12ce0862,47065891034103813",好复杂呀
"196.47900,1,25,16777215,1616741526,0,be2f744c,46975864557010949",福佳白啤酒
"171.77700,1,25,16777215,1616591357,0,af7d3f3c,46897132738707463",我也喜欢啤酒！
"431.95000,1,25,16777215,1616542337,0,e9cbf316,46871432128364549",亲测运动完我去同一家自助吃得更爽了哈哈哈
"408.55000,1,25,16777215,1616542286,0,e9cbf316,46871405668597765",好羡慕，我好想一个人到处吃但社恐
"170.29900,1,25,16777215,1616038623,0,3567525f,46607341039648771",哈尔滨冰萃好喝，还是叫冰醇来着
"84.35900,1,25,16777215,1615845262,0,707a330d,46505964515885061",好！！！
"285.41700,1,25,16777215,1615821239,0,e2eed080,46493369630195719",哈哈哈哈哈哈哈哈
"207.99800,1,25,16777215,1615520830,0,2ab249ad,46335868535308295",姐姐皮肤也太好了
"116.41800,1,25,16777215,1615520732,0,2ab249ad,46335817239494659",妈呀太壮观了
"56.93800,1,25,16777215,1615520665,0,2ab249ad,46335781879414789",哈哈哈哈哈哈啊哈哈哈
"171.20800,1,25,16777215,1615473183,0,e7f033c,46310887691649031",喜欢啤酒！！！！！！！！
"177.02600,1,25,16777215,1615448615,0,4ebe01a6,46298007347396615",喜欢喜欢
"84.71300,1,25,16777215,1615448499,0,4ebe01a6,46297946450821123",好呀
"440.37100,1,25,16777215,1615429145,0,da786738,46287799449026567",达姐喝啤酒贼豪爽
"138.93600,1,25,16777215,1615393251,0,2de204cd,46268980190511107",哇
"94.52800,1,25,16777215,1615393206,0,2de204cd,46268956951969799",这个可以
"61.14400,1,25,16777215,1615376273,0,eac49220,46260079072116743",就是 饿
"32.68300,1,25,16777215,1615376245,0,eac49220,46260064154025991",固体我也难受
"463.94300,1,25,16777215,1615362320,0,3836c698,46252763649671171",哈哈哈哈哈
"310.93900,1,25,16777215,1615362167,0,3836c698,46252683453005829",炸毛+1
"184.43500,1,25,16777215,1615362040,0,3836c698,46252617111699463",1664好喝
"183.83100,1,25,16777215,1615312513,0,fbc1eebb,46226650440925191",加油达姐
"117.23900,1,25,16777215,1615307354,0,923324e6,46223945754476551",厉害了姐
"434.41300,5,25,41194,1615304903,0,4e62c4ce,46222660386422791",每次运动完我都觉得肾虚( ･᷄ὢ･᷅ )
"82.07800,5,25,41194,1615304537,0,4e62c4ce,46222468474994695",哇期待ing！
"120.31500,1,25,16777215,1615301862,0,7c688cf6,46221066168172549",酒爸爸赶紧联系
"295.87000,1,25,16777215,1615299016,0,344030b9,46219574048718855",这丸子需要放淀粉嘛
"164.81200,1,25,16777215,1615295541,0,e4101d14,46217752432607237",我喜欢世涛
"181.13900,1,25,16777215,1615295335,0,7b3e2126,46217644205408259",酒不感兴趣，但是下酒菜都很好吃！！
"223.63500,1,25,16777215,1615289222,0,376f58bc,46214439050412039",真的是！
"115.41700,1,25,16777215,1615277891,0,5abf071d,46208498605228035",哇
"92.13700,1,25,16777215,1615271995,0,62107959,46205407269486597",过年胖了十斤 T T～
"219.70200,1,25,16777215,1615264841,0,6d4c5e32,46201656435015685",是的是的 一个人能吃3个人饭
"102.24700,1,25,16777215,1615264729,0,804aa866,46201598015176711",你好
"135.82100,1,25,16777215,1615263361,0,fbc07a71,46200880382869511",期待期待
"10.28000,1,25,16777215,1615260553,0,c9b7fad2,46199408201564167",姐姐真美！
"115.42800,1,25,16777215,1615257748,0,96a9d041,46197938033524741",？！
"338.92100,1,25,16777215,1615255501,0,f08b40e6,46196759921688581",我吃不了魔芋，一吃就想吐，不知道为什么。。
"123.09800,1,25,16777215,1615254427,0,68c16b2e,46196196489297923",1684好喝
"88.91000,1,25,16777215,1615250537,0,1de635ba,46194157022609415",喜欢啤酒测评
"127.27500,1,25,16777215,1615232734,0,84ddc05a,46184823163191303",只要放个字幕未成年人不能喝酒应该就行
"114.28100,1,25,16777215,1615220561,0,acde365d,46178441168420871",哇！！！
"81.34200,1,25,16777215,1615220524,0,acde365d,46178421905031171",好！！！！想看！
"381.77800,1,25,16777215,1615220133,0,fc1423fc,46178216957181955",哈哈哈哈哈哈哈哈哈哈哈哈哈哈
"116.28500,1,25,16777215,1615219455,0,fc1423fc,46177861372477445",喜欢看这样儿的
"367.20900,1,25,6830715,1615218863,0,bd44b312,46177550989787143",达姐好棒
"113.47000,1,25,16777215,1615218309,0,ad37ac57,46177260468699143",哇！！！！爱了
"115.34900,1,25,16777215,1615217908,0,8943b0c6,46177049939279879",可怕
"224.71500,1,25,16777215,1615217868,0,c8941f42,46177028963565571",我也是会这样
"222.07200,1,25,16777215,1615217820,0,7b209e18,46177003991728131",达姐出个减肥相关的视频吧，健康的减肥之类科普一下
"277.75500,1,25,16777215,1615217416,0,833fcfb3,46176792345051141",机智
"62.96200,1,25,16777215,1615217150,0,8da39d3a,46176652840927239",感觉达姐瘦了
"70.74400,1,25,16777215,1615215494,0,30b088c7,46175784457994243",快140了，我真的！！！
"103.92400,1,25,16777215,1615215428,0,18d0afad,46175749711855623",姐姐好
"309.12500,1,25,16777215,1615214794,0,48a97cc2,46175417422839811",我也是555
"216.70500,1,25,16777215,1615214752,0,4d0b7a60,46175395510222851",我也是
"116.00700,1,25,16777215,1615214595,0,4d0b7a60,46175313200676871",好家伙
"55.68100,1,25,16777215,1615213708,0,494bf141,46174848311885827",我吃这种东西不知道为什么容易反胃
"174.44500,1,25,16777215,1615213704,0,99e937a8,46174846039621637",好的姐姐！
"106.34800,1,25,16777215,1615213090,0,46f5d8cf,46174524080652295",期待啤酒测评
"162.51100,1,25,16777215,1615212685,0,882081cc,46174311904444423",咖啡味世涛 我的最爱
"63.47900,1,25,16777215,1615212441,0,3c4bdd3b,46174183829274631",有！
"179.43200,1,25,16777215,1615211827,0,1751a555,46173862075301891",尿酸毁高吗 我也深度爱啤酒 但是尿酸高
"289.19900,1,25,16777215,1615211132,0,79e3ddd7,46173497639567367",好清淡啊哈哈哈哈
"5.83800,1,25,16777215,1615210993,0,106fbe5d,46173424467312645",哇达姐素颜也好看
"103.15600,1,25,16777215,1615210938,0,635f027,46173395791380487",你好~
"224.79700,1,25,16777215,1615210877,0,de328d46,46173364106559493",帝国世涛能喝，但是不会说第一选择或是说想喝那种
"70.53900,1,25,16777215,1615209865,0,24dcb848,46172833299038211",在减肥，晚饭不吃米饭了，只喝汤
"144.42500,1,25,16777215,1615209677,0,69bd298,46172734730272773",世涛 波特 111
"406.50400,1,25,16777215,1615209596,0,bc7c66a8,46172692072103941",达姐猴猴看馁
"138.38100,1,25,16777215,1615209593,0,15073b20,46172690873057287",哇！
"166.89000,1,25,16777215,1615208529,0,8f532530,46172132803084295",想看
"139.00400,1,25,16777215,1615207798,0,8ba0173,46171749867847685",啊哈哈哈哈，求生欲
"291.19700,1,25,16777215,1615207696,0,e784d0ba,46171696199630851",好吃的酱我一顿可以吃半瓶，所以我很少买酱
"115.43200,1,25,16777215,1615207486,0,8dd98496,46171585791918087",惊了
"175.25000,1,25,16777215,1615207375,0,aaac70b3,46171528029536263",肯定会滴！！
"145.81000,1,25,16777215,1615207246,0,e784d0ba,46171460351295493",我喜欢喝会回甘的，稍微带点甜味的
"24.15000,1,25,16777215,1615207224,0,aaac70b3,46171448490328069",达姐，妇女节快乐！！
"99.71900,1,25,16777215,1615206892,0,5749c067,46171274793713669",期待！
"180.26800,1,25,16777215,1615206717,0,b12d0578,46171182854045703",青岛的小棕瓶
"123.79500,1,25,16777215,1615206348,0,193c6ebe,46170989563215875",大户哈哈哈哈
"59.12700,1,25,16777215,1615206217,0,68b17f17,46170920854749189",有有有 一起呀姐
"142.31500,1,25,16777215,1615205837,0,2708e9ab,46170721330659331",姐姐做啥工作的
"155.88000,1,25,16777215,1615205676,0,472ecdba,46170636843745283",有
"179.34700,1,25,16777215,1615205633,0,fc9e0b38,46170614770696195",最爱1664白啤和粉象！
"297.12900,1,25,16777215,1615205371,0,35c1a685,46170476934332421",我每次这样戴干发帽久了，前面的头发就会炸毛，55555
"165.51900,1,25,16777215,1615204126,0,cedd0e25,46169824459489285",好！
"124.42800,1,25,16777215,1615204080,0,3553ee17,46169800084815875",酒是哪家买的？
"140.00400,1,25,16777215,1615204038,0,7f9c988c,46169778565414915",瓶子都挺好看
"119.50500,1,25,16777215,1615204018,0,7f9c988c,46169767729954821",好家伙
"22.50700,1,25,16777215,1615203921,0,7f9c988c,46169716889223171",真实的周末状态～
"80.90400,1,25,16777215,1615203659,0,5bdc034a,46169579598643207",啤酒测评！！！！！！！期待期待！！！！！
"65.42800,1,25,16777215,1615203428,0,37febc85,46169458347606019",正在减肥中
"368.17600,1,25,16777215,1615202708,0,c29b0194,46169081070485507",姐姐瘦了
"347.79600,1,25,16777215,1615202655,0,7289d309,46169053034184709",想看达姐的美妆视频哈哈哈哈
"150.57700,1,25,16777215,1615202483,0,c29b0194,46168962945253381",我喜欢艾尔
"82.57400,1,25,16777215,1615202334,0,c29b0194,46168884914421765",太好了太好了太好了最爱看达姐喝啤酒看的我馋的很
"222.88700,1,25,16777215,1615202277,0,532f82d0,46168854883729479",对对对
"349.22000,1,25,16777215,1615202261,0,6485b225,46168846408089603",哇期待！！！！非常想看达姐分享尊巴内容
"431.09900,1,25,16777215,1615201954,0,b638a272,46168685564395527",减不下去，姐姐有什么好办法吗
"428.81900,1,25,16777215,1615201935,0,b638a272,46168675542630403",运动完，可饿了
"403.34100,1,25,16777215,1615201903,0,1b0867d7,46168659057967171",背后那个黑帽子的好可，哈哈
"116.98500,1,25,16777215,1615201253,0,aa417fd2,46168317927358469",打嗝海狸yyds！
"375.44400,1,25,16777215,1615201226,0,5c2426b9,46168304119709701",感觉瘦了
"148.65900,1,25,16777215,1615201212,0,b638a272,46168296633401349",啤酒大户
"175.93500,1,25,16777215,1615200756,0,69bd298,46168057587433477",前排还有比利时的白象，我觉得味道很适中
"473.38400,1,25,16777215,1615200683,0,a60f7163,46168019356876805",口红消失术
"112.99200,1,25,16777215,1615200657,0,f5cfdb93,46168005901025349",达姐是在线嘛，哈哈哈
"166.71800,1,25,16777215,1615200654,0,69bd298,46168004319248389",就认识打嗝海狸，后面蓝色盖子的是角头鲨嘛
"425.34100,1,25,16777215,1615200622,0,a60f7163,46167987545702405",我每次运动完就只想睡觉
"66.36600,1,25,16777215,1615200578,0,d59a16c7,46167964405202949",有达姐我们一起呀
"6.23500,1,25,16777215,1615200551,0,f5cfdb93,46167949974175747",达姐好呀～
"12.60500,1,25,16777215,1615200485,0,a60f7163,46167915403673605",第一次这么前！！！！
"140.48300,1,25,16755202,1615200485,0,990651ea,46167915409965061",1668玫瑰味yyds！！！
"67.98200,1,25,16777215,1615200359,0,d4706969,46167849345482757",我也在减肥
"51.18900,1,25,16777215,1615200178,0,6a417c30,46167754814259203",哈哈哈哈，真实
"84.05400,1,25,16777215,1615199994,0,bce03098,46167657886515205",我来啦姐姐
"101.99000,1,25,16777215,1615199943,0,df11dd9f,46167631210217479",啤酒测评太期待！
"6.49900,1,25,16777215,1615199892,0,3a35e821,46167604355137541",我来了
"14.81700,1,25,16777215,1615199767,0,336d4470,46167539332415491",来咯 达姐 
"19.64200,1,25,16777215,1615199757,0,1734c3e9,46167533936443399",还是这样看着顺眼
"1300.45300,1,25,16777215,1617784257,0,d22d5e45,47522555882897413",涂口黑的讲话都很慢
"29.33200,1,25,16777215,1616316494,0,ec125b9b,46753025761476611",这调色 紫衣都变黑衣了
"35.04800,1,25,16777215,1615130456,0,8d220b31,46131200181403651",太配了！！！
"91.42600,1,25,16777215,1615427509,0,6e73c621,46286941505191941",翻译修正：男CEO
"94.32200,1,25,16777215,1615259493,0,f2ea42b4,46198852665999367",男性……
"99.21500,1,25,16777215,1619066523,0,8d9eba52,48194832959537155",女生之间的感情太美好了
"77.30700,1,25,16777215,1619066501,0,8d9eba52,48194821452988421",虽然苏宁毅购好甜，但是师父和檀儿也甜呀
"86.34900,1,25,16777215,1616672633,0,6789ce24,46939744797982727",哦豁
"83.28500,1,25,16777215,1616595557,0,792ee7c3,46899335102726147",好温柔
"19.78300,1,25,16777215,1616595494,0,792ee7c3,46899301870731267",这对好带感
"90.78500,1,25,16777215,1615908288,0,bf329213,46539008353239045",啊啊啊我也是
"119.08900,1,25,16777215,1615820719,0,75cc6eb5,46493096582053895",这大宗师的武力没表现出来
"82.14300,1,25,16777215,1615649252,0,ccc6c428,46403198604804101",这里好戳我！
"3.68300,1,25,16777215,1615649163,0,ccc6c428,46403151845654535",找到剪这对的了！
"83.92400,1,25,16777215,1615554164,0,6ee83607,46353344981630979",捂耳朵这里太爱了！！
"27.04800,1,25,16777215,1615549878,0,ce38061a,46351097831358467",ID LSTARAU 
"26.42000,1,25,16777215,1615213155,0,7d9cf6ed,46174558118477829",id:XianV
"91.95300,1,25,16777215,1615207575,0,89665460,46171632446210053",又奶又酷
"354.43000,1,25,16777215,1616096024,0,c3ba471f,46637435751235589",郭老师竟然会手语
"530.13200,1,25,16777215,1615222887,0,d385300a,46179660793905157",郭语
"516.75900,1,25,16777215,1615213728,0,83869e7d,46174858739449863",猕猴桃
"118.59100,1,25,16777215,1615178495,0,4f2da93,46156386485141511",蹭头发上了哈哈哈
"384.10500,1,25,16777215,1615170158,0,578478d4,46152015593078791",up都不点开评论的吗？我看的好难受
"53.73000,5,25,16777215,1615424725,0,3ed509d3,46285481679781895",卧槽！同志们快跑！别被带节奏了！
"75.95800,1,25,16777215,1622649700,0,52b687d5,50073449293414405",真得特别善良的一个小孩
"32.48600,1,25,16777215,1622649646,0,52b687d5,50073421343621123",他怕有人挂在上面，害怕还是过去了
"83.70900,1,25,16777215,1620959274,0,6717e165,49187179357798405",很善良
"28.52500,1,25,16777215,1620959200,0,6717e165,49187140626546691", JOJO自己一个人啊 好勇敢
"76.05400,1,25,16777215,1620316925,0,d9cad40e,48850403805102083",我的宝真的好好
"63.42400,1,25,16777215,1617389159,0,f2a1ada4,47315410805587975",他就是这样戳到我的
"13.42600,1,25,16777215,1617303451,0,3a811fe5,47270475279106051",唐九洲高位出道！夏日成团必有你！开开心心回家～
"98.35200,1,25,16777215,1617243066,0,3e65471e,47238816382058499",JoJo很温柔的
"46.49900,1,25,16777215,1617069603,0,4c4993e7,47147871531696131",好吓人5555但是好好笑啊哈哈哈哈哈哈哈
"39.55100,1,25,16777215,1617004377,0,dc7e6852,47113674521313287",他明明很害怕还是想去把它放下来
"19.92700,1,25,16777215,1617004328,0,dc7e6852,47113648577445891",当时就觉得他好善良啊
"56.09700,1,25,16777215,1616855224,0,ef259068,47035475135299591",九洲真的好善良！！
"0.91800,1,25,16777215,1615178857,0,1630e84b,46156576185122819",借您吉言
"43.49100,1,25,16777215,1615130816,0,772b1fb5,46131389009494023",吵架第一名
"35.99100,1,25,16777215,1615130808,0,772b1fb5,46131384920571909",老温干啥啥不行
"6.31100,1,25,16777215,1615130757,0,772b1fb5,46131357705306115",借你吉言
"6.90900,1,25,16777215,1615130645,0,67fe674,46131299176415239",借你吉言
"10.06600,1,25,16777215,1615130560,0,c871ac23,46131254489776135",哈哈哈哈哈哈哈
"5.56600,1,25,16777215,1615130555,0,c871ac23,46131251949600771",借你吉言
"171.87900,1,25,16777215,1616919982,0,c1af02a1,47069427138560007",屁桃成桃屁了
"56.39800,1,25,16777215,1617545620,0,d8a04319,47397441747025923",这狗子真难
"52.00200,1,25,16777215,1617513113,0,f45216c4,47380398696038403",欢欢：我是工具狗
"48.14500,1,25,16777215,1617503767,0,72a3310b,47375498827268099",我也叫欢欢
"27.73000,1,25,16777215,1617460206,0,620b6d50,47352659943882757",狗子：我是狗，你们也好不到哪里去
"51.31000,1,25,16777215,1617234623,0,3fdd957,47234389610856455",什么剧？
"38.21800,1,25,16777215,1616929115,0,7056fa63,47074215697842181",我爷爷奶奶也是这样，斗嘴狠，可关心也最深
"48.29900,1,25,16777215,1616902118,0,ece223b6,47060061271883781",王管家
"65.42200,1,25,16777215,1616840862,0,1c6b5e6c,47027945505030149",好家伙，狗子竟然是我
"53.12100,1,25,16777215,1616829651,0,86fca4a4,47022067774652423",要京片子那味
"31.08800,1,25,16777215,1616824820,0,45d81466,47019534958723079",话中话羡慕
"34.66100,1,25,16777215,1616724819,0,7816b72d,46967105284734979",啊靠我叫欢欢
"63.22200,1,25,16777215,1616718527,0,3af3d97,46963806959042563",这么好的感情，不值得高兴吗？
"61.29200,5,25,15138834,1616647934,0,a64f4a4a,46926795436457991",笑的那个人，你怎么想的？
"63.01200,1,25,16777215,1616636973,0,66ec26b4,46921048778080261",好可爱！！！！
"46.24200,1,25,16777215,1616557478,0,c0c1ae52,46879370446372869",狗：？？？？？？
"47.49100,1,25,16777215,1616515701,0,a69dd79b,46857467202633731",秀啊
"28.60300,1,25,16777215,1616506748,0,2e18961c,46852773584568323",天天狗粮管饱
"38.10500,1,25,16777215,1616504849,0,a9d9be1f,46851778104262659",牛大妈
"44.80800,1,25,16777215,1616475917,0,ad122147,46836609080885251",哈哈哈哈哈
"47.06700,1,25,16777215,1616375900,0,5901024,46784171253694471",哈哈
"6.60200,1,25,16777215,1616373083,0,c249abee,46782694578716677",致敬！
"26.40800,1,25,16777215,1616314074,0,adf80794,46751756942049287",狗子全场MVP
"52.66100,1,25,16777215,1616302216,0,255a1660,46745539867836485",可怜的工具狗子
"47.29600,1,25,16777215,1616257521,0,ca95aad2,46722106867056643",哈哈哈哈哈
"56.92100,1,25,16777215,1616245176,0,4630e64d,46715634642321411",狗子，我太难了
"53.54400,5,25,15138834,1616229299,0,b8acc096,46707310090780679",感动
"45.20300,1,25,16777215,1616225456,0,5008ef99,46705295574433797",哈哈哈哈
"62.34000,1,25,16777215,1616216378,0,bf84f861,46700535931207687",羡慕爷爷奶奶
"44.58300,1,25,16777215,1616216226,0,854c01f1,46700456212692999",哈哈哈
"64.54400,1,25,16777215,1616199165,0,9f213331,46691511234985991",感情的导线
"61.46100,1,25,16777215,1616171365,0,a73d2ee1,46676936318517255",牛大妈？
"18.80100,1,25,16777215,1616169951,0,9b60a303,46676194629779463",这辈子值了
"46.40100,1,25,16777215,1616168957,0,2fb75866,46675674033291267",狗:杀了我吧！
"45.17200,1,25,16777215,1616165742,0,efd5d981,46673988062543875",好可爱
"35.93600,1,25,16777215,1616163916,0,f6fe2125,46673030808076295",洗爪子
"1.74200,1,25,16777215,1616162180,0,54898023,46672120766791687",8
"54.93300,1,25,16777215,1616123611,0,593d1e46,46651899568979975",谭鱼头
"37.61900,1,25,16777215,1615990252,0,2c4960e0,46581980809658371",王喜光
"3.55200,1,25,16777215,1615909982,0,25fe08cf,46539896194596869",6
"6.37200,1,25,16777215,1615558183,0,176d17f2,46355452443230213",666
"37.05900,1,25,16777215,1615302800,0,176d17f2,46221558148497415",淦
"30.61300,1,25,16777215,1615302794,0,176d17f2,46221554793054211",啥手速
"18.18000,1,25,16777215,1615302781,0,176d17f2,46221548247842823",牛皮
"11.38200,1,25,16777215,1615302775,0,176d17f2,46221544670101511",666
"7.29700,1,25,16777215,1615302770,0,176d17f2,46221542542016519",哈哈哈
"3.43200,1,25,16777215,1615302255,0,2ba319b9,46221272371167235",666
"6.82100,1,25,16777215,1615219326,0,176d17f2,46177793456209925",666
"56.00100,1,25,16777215,1615130793,0,2ba319b9,46131376954540035",淦
"44.50100,1,25,16777215,1615130782,0,2ba319b9,46131370941480963",燃起来了
"39.50100,1,25,16777215,1615130777,0,2ba319b9,46131368267087875",热血
"28.50100,1,25,16777215,1615130766,0,2ba319b9,46131362516697091",这都fans
"20.00000,1,25,16777215,1615130757,0,2ba319b9,46131358035607555",666
"14.00000,1,25,16777215,1615130751,0,2ba319b9,46131354799177735",这么秀的吗
"7.00000,1,25,16777215,1615130744,0,2ba319b9,46131351057858563",牛批
"56.44400,1,25,16777215,1615130375,0,176d17f2,46131157522710535",暴躁
"36.77500,1,25,16777215,1615130355,0,176d17f2,46131147188469765",怎么看到的
"29.02500,1,25,16777215,1615130347,0,176d17f2,46131143133626373",秀儿
"21.22000,1,25,16777215,1615130339,0,176d17f2,46131139044179975",666
"15.41700,1,25,16777215,1615130334,0,176d17f2,46131136002260995",真带感
"7.16100,1,25,16777215,1615130325,0,176d17f2,46131131670069253",来了来了
"55.48800,1,25,16777215,1615130148,0,176d17f2,46131038493081605",看不到影子
"48.68600,1,25,16777215,1615130141,0,176d17f2,46131034965147655",6666
"43.09500,1,25,16777215,1615130135,0,176d17f2,46131032004493317",rnm！燃起来了
"14.48300,1,25,16777215,1615130107,0,176d17f2,46131016999895045",我去
"7.03000,1,25,16777215,1615130099,0,176d17f2,46131013075599367",必须首页
"1835.70900,1,25,16777215,1622833032,0,f3211f9b,50169568147537923",日本跳岛
"982.92000,1,25,16777215,1622720961,0,7c92cbaf,50110810770374661",提前巴格拉季昂
"1432.81300,1,25,16777215,1622473494,0,efc38b5,49981066627252227",重大的进展？
"920.27400,1,25,16777215,1621679204,0,fe016436,49564630150807557",？我生日？
"1752.52300,5,25,15138834,1621608887,0,d5afd2ed,49527763686129669",老罗科索夫斯基了
"1.93900,1,25,41194,1621087819,0,c60256eb,49254573897416711",bgm. fleeing from the war
"511.10300,1,25,16777215,1621050780,0,52996614,49235155007569927",麦克阿瑟又跑啦
"1711.62000,1,25,16777215,1620129538,0,6a7bbf11,48752158553145349",乳德suki
"766.48300,1,25,16777215,1620128193,0,6a7bbf11,48751453726048259",啊这……德军黄条都不足一半了
"15.69000,1,25,16777215,1619676307,0,39923901,48514535172603911",求求大家三连吧！过3K就下一期了，想看
"1650.22900,1,25,16777215,1619084318,0,af791d8e,48204162585853957",挺进明斯克
"1730.12400,1,25,16777215,1618497254,0,ac4aeb84,47896371870040071",这恐怖的兵力
"492.99800,1,25,16777215,1618180729,0,4961e25c,47730421826846727",战地5的BGM
"1499.01800,1,25,15138834,1617613109,0,49f17f14,47432825267290115",求生欲极强哈哈哈 闭口不谈沉睡的东方龙
"996.33800,1,25,15138834,1617612567,0,49f17f14,47432541038706695",燃起来了！！！
"313.45800,1,25,15138834,1617611624,0,49f17f14,47432046943404039", 绝 地 英 灵
"2059.46900,1,25,16777215,1617274662,0,51e8883c,47255381731704837",布尔乔亚进行曲
"1378.62800,1,25,16777215,1617273970,0,51e8883c,47255018934894595",这是白匪最强大
"196.46400,1,25,16777215,1617257642,0,352bbbd2,47246458310098947",电影里不要插播游戏
"257.66900,1,25,16777215,1617243374,0,2324c128,47238977674543107",朱可夫木大了
"1111.72200,1,25,16777215,1617028392,0,2b492435,47126265054887939",t44不吊着锤，可怕
"2072.15600,1,25,16777215,1617023256,0,31c7d779,47123572549746691",英国真拉胯
"2176.70100,1,25,16777215,1616999077,0,4fbc46a2,47110895449931783",但愿远东没问题
"1334.28200,1,25,15138834,1616923904,0,c9368af0,47071483524022277",将赤旗插遍整个欧洲！
"0.67100,1,25,16777215,1616915252,0,ef3b27ac,47066947412557831",这个片头是啥啊
"1888.36400,1,25,16777215,1616853000,0,ce62ce37,47034309286559751",弹幕护体
"838.90400,1,25,16777215,1616828452,0,f67a684c,47021438927896581",因为英美死的人多。
"455.13200,1,25,16777215,1616679226,0,448430da,46943201863401477",自信点，就是的
"526.38900,1,25,16777215,1616656689,0,ac89cd0b,46931385657065477",i will be back
"77.87000,1,25,16777215,1616645794,0,2fe68ef0,46925673603792903",我看到了那个强大的人
"1175.12800,1,25,16777215,1616484853,0,e58d65af,46841294460289029",所以说英国也不是省油的灯
"1138.87000,1,25,16777215,1616484804,0,e58d65af,46841268296744965",雪
"927.51000,1,25,16777215,1616484590,0,e58d65af,46841156222320647",伟大的卫国战争看多了
"773.38100,1,25,16777215,1616484429,0,e58d65af,46841071712337923",斯摩棱斯克维捷布斯克勒热夫
"1643.44100,5,25,11890,1616315704,0,650542,46752611512614917",来自中国的吴指挥官
"995.49300,1,25,16777215,1616253092,0,5c5010d3,46719784567963653",巴格拉季昂
"735.00700,1,25,16777215,1616252931,0,5c5010d3,46719700200587267",草，还原历史（虽然历史上勒热夫的德军撤了）
"479.31400,1,25,16777215,1616075830,0,602c2a73,46626848500613123",巴格多里奥
"2074.61800,1,25,16777215,1615988898,0,2324c128,46581271250337799",大英药丸
"290.99800,1,25,16777215,1615987021,0,2324c128,46580287087312903",朱可夫被献祭了，但是托洛茨基跑出来了
"262.47900,1,25,16777215,1615975498,0,26c03a42,46574245335007235",求此处bgm
"264.50300,1,25,16777215,1615929874,0,dea7c743,46550325441069061",就挺突然的
"966.44300,1,25,16777215,1615896684,0,301c454f,46532924276736071",波罗的海沿岸战役
"543.80200,1,25,16777215,1615884083,0,e3dd262d,46526317822214151",这个时空里的日本着实有点牛逼
"209.19400,1,25,16777215,1615883527,0,e3dd262d,46526026328047619",lube的歌
"191.03800,1,25,16777215,1615883508,0,e3dd262d,46526016119635971",散了吧散了吧
"2047.81700,1,25,16777215,1615869683,0,145eb4b3,46518767970156549",这苏德战争损失十几万还行
"1025.32700,1,25,16777215,1615860375,0,1c5ceed,46513887893782533",德械苏军师
"2069.70400,1,25,16777215,1615831903,0,602c637d,46498960492724231",大英连印度都丢了
"1627.79000,1,25,16777215,1615831447,0,602c637d,46498721202438151",白俄罗斯阳台
"1385.82700,1,25,16777215,1615831195,0,602c637d,46498589332471813",改称俄军了
"297.28500,1,25,16777215,1615813243,0,d3e076ee,46489177164349443",托司机还活着超工业化不得把乌克兰整成许蒂希非洲？
"1600.42000,1,25,16777215,1615741281,0,e91e3caf,46451448612388871",简单说就是歼灭战失败了
"1100.44400,1,25,16777215,1615686540,0,2c54efc7,46422748246310915",费拉不堪的盟军
"676.42800,1,25,16777215,1615686313,0,2c54efc7,46422629252857859",好家伙，还有一千万后辈人力，怎么输
"1327.48500,1,25,16777215,1615686087,0,1c8dc49b,46422510568734723",解放整个欧洲了
"1600.69200,1,25,16777215,1615678392,0,c211ef81,46418476183584775",推到了河南？！
"1328.31200,1,25,16777215,1615654115,0,fc98bf95,46405748473724935",好家伙，
"1026.79100,1,25,16777215,1615640625,0,a0e56c22,46398675751010311",苏联罐头，不好吃，缴获的德国罐头，好吃
"317.05700,5,25,16777215,1615637535,0,e02634ed,46397055420071941",德国正在高加索地区发起进攻这个新闻也太不真实了
"2156.03100,1,25,16777215,1615635303,0,82f2667b,46395885314637831",好紧张
"2116.70000,1,25,16777215,1615618711,0,b5dfb589,46387186375327747",苏联在伊朗建立的政府，后，撤出
"1739.44300,1,25,16777215,1615618244,0,b5dfb589,46386941720526853",sabaton的歌，名字忘了
"1647.88300,1,25,16777215,1615618140,0,b5dfb589,46386886763610115",草
"1375.50800,1,25,16777215,1615617761,0,b5dfb589,46386688569638915",是柳拜，前面反了
"1361.34800,1,25,16777215,1615617726,0,b5dfb589,46386670098448391",红军最强大
"1334.86800,1,25,16777215,1615617695,0,b5dfb589,46386653773168645",英国殖民地没参战？
"1186.98800,1,25,16777215,1615617527,0,b5dfb589,46386565577965571",我们是人民的军队
"2122.33100,1,25,16777215,1615602543,0,3ecd2f53,46378709704245251",中立没用，伊朗已经投降日本了
"24.25900,1,25,16777215,1615602235,0,8c95fb19,46378548280688645",毫无波澜
"417.69400,1,25,16777215,1615552954,0,b5dfb589,46352710538100739",提前了一年
"231.80700,1,25,16777215,1615552637,0,b5dfb589,46352544743030789",这里的黎明静悄悄
"157.95200,1,25,16777215,1615552096,0,b5dfb589,46352261147262981",乌拉！
"65.61200,1,25,16777215,1615552003,0,b5dfb589,46352211964329989",大部分是纪录片伟大的卫国战争的画面
"147.60500,1,25,16777215,1615550832,0,a92c7574,46351597987430407",ypa!!!!!!
"1189.08000,5,25,15138834,1615550484,0,6ac720c8,46351416014929927",BGM:我们是人民的军队
"1058.17300,1,25,16777215,1615550231,0,66954185,46351283306102789",切尔卡瑟在哪里？
"738.92700,1,25,16777215,1615454382,0,393f77d0,46301030541950979",火星行动
"1467.12800,1,25,16777215,1615438820,0,a10e0f9b,46292871705264133",看了就没了
"1083.13900,1,25,16777215,1615438447,0,a10e0f9b,46292675945037829",蒙哥马利呢？
"682.38500,1,25,16777215,1615394357,0,693a8043,46269560459362307",绞肉
"845.80500,1,25,16777215,1615387838,0,7967bd6,46266142225858567",死的多。。
"1094.84500,1,25,16777215,1615385233,0,86fc7210,46264776569913349",英国菜鸡
"412.55900,1,25,16777215,1615382418,0,95eda25f,46263301037359107",？？？？？
"188.28000,1,25,16646914,1615358899,0,3531a7a4,46250970220855301",正片结束，大家下集见。
"1459.23500,1,25,16777215,1615355431,0,7eb7f82b,46249152080248835",不敢看hhh
"843.07900,1,25,16777215,1615346855,0,a34fd53e,46244655294054407",因为死的人多
"13.91300,1,25,16777215,1615341448,0,2649f6b3,46241820587327495",百万片头
"1368.61100,1,25,16777215,1615341102,0,ae034bf4,46241639161135109",bgm突变
"616.77000,1,25,16777215,1615340312,0,ae034bf4,46241225074278403",唯一的关键就在东线，其他无足轻重
"369.39800,1,25,16777215,1615339715,0,ae034bf4,46240912375808007",哈哈哈哈嘲讽
"2051.67100,5,25,16707842,1615309366,0,d500280a,46225000411168771", 金坷垃！给～他！
"838.30300,1,25,16777215,1615308089,0,d500280a,46224330766942213",英美分这么高？
"2071.94500,1,25,16777215,1615306682,0,23cfd34a,46223593357443075",日本人力可能要危
"675.72100,1,25,16777215,1615305258,0,23cfd34a,46222846592548871",反过来了
"615.44400,1,25,16777215,1615305129,0,1d5fca7d,46222779236220933",十段邀击
"292.31900,1,25,16777215,1615304855,0,23cfd34a,46222635489558531",有一说一，拖司机真的活着的话对整个红军都有buff的
"186.52600,1,25,16777215,1615300990,0,11105900,46220609174634499",正片结束，
"714.36100,1,25,16777215,1615300329,0,ea1dcddd,46220262496534531",果然又是维捷布斯克2333
"607.63500,1,25,16777215,1615300178,0,fab13a50,46220183436525571",阿拉曼是德意联军推进到的最远处
"249.91000,1,25,16777215,1615299764,0,fab13a50,46219966037884933",熟悉的勒热夫突出部
"2080.13900,1,25,16777215,1615299167,0,fdca04a1,46219653160108039",bgm有点意思
"2032.61200,1,25,16777215,1615297280,0,3ecd2f53,46218663784611843",应该是贝当在港口都放了守军
"1084.00700,1,25,16777215,1615297177,0,3ecd2f53,46218609702207491",这个时间线隆美尔打赢了阿拉曼战役，大英药丸
"288.12300,1,25,16777215,1615291863,0,495b5d62,46215823689252871",拖司机活着就离谱
"1703.58200,1,25,16777215,1615284802,0,1e7d8a8d,46212121917652997",撤退闪电战生草
"1544.00400,1,25,16777215,1615284609,0,1e7d8a8d,46212020509868037",绝了
"156.18000,1,25,16777215,1615282076,0,985649fa,46210692477353987",乌拉
"1355.10500,1,25,16777215,1615279604,0,6ae99c27,46209396802846723",还原历史
"1331.11600,1,25,16777215,1615252647,0,4f644411,46195263346311175",草
"211.75600,1,25,16777215,1615220153,0,4cf3cc4b,46178227252101125",这个突出部好显眼啊
"763.03000,1,25,16777215,1615214484,0,4d288d1b,46175254922395653",粉红毛毛熊
"23.15000,1,25,16777215,1615214357,0,db570cd9,46175188524466179",2010年上海世博会波兰馆的波兰历史视频
"1025.54100,1,25,16777215,1615209773,0,f0e7c776,46172785092329477",钳形攻势昂
"1629.69400,1,25,16777215,1615209664,0,b467ef7f,46172728110612487",巴格拉季昂
"1381.50900,1,25,16777215,1615209609,0,7a3c2487,46172698902003715",lube版本的红军最强大歌词都改了
"1106.80000,1,25,16777215,1615208287,0,c9052f68,46172005896552453",这装备穿越了
"1098.20000,1,25,16777215,1615208227,0,c9052f68,46171974384222213",这盟军太废了
"284.37100,1,25,16777215,1615207746,0,c9052f68,46171722570268677",这是献祭了朱可夫复活了其他人
"1230.60600,1,25,16707842,1615207610,0,f9b8ddd2,46171651042705475",好玩不过嫂子
"2207.68900,1,25,16777215,1615207108,0,691e8485,46171387954462727",库尔兰半岛没有人了
"2113.96700,1,25,16777215,1615207055,0,691e8485,46171360146227205",好在阿富汗是中立的
"2050.44600,1,25,16777215,1615207013,0,691e8485,46171338072129539",迷之沉默
"1657.07600,1,25,16777215,1615206739,0,691e8485,46171194304495619",黑人将军生草
"1583.19200,1,25,16777215,1615206679,0,691e8485,46171163085766663",道加瓦河，学习了
"501.56500,1,25,16777215,1615206553,0,4e2376df,46171096860327941",双面人格
"2114.30600,1,25,16777215,1615205428,0,3903e134,46170506995433475",这块地哪来的
"1712.61300,1,25,16777215,1615202629,0,4bedb049,46169039825272835",反向突击
"910.58100,1,25,16777215,1615201517,0,9b4e21ed,46168456525512709",伟大祖国的叛徒
"300.23900,1,25,16777215,1615200726,0,ccf20914,46168041943728131",历史虚无主义
"631.43600,5,25,15138834,1615198743,0,5df30d09,46167001950322757",果先生才是抗德主力
"434.15600,5,25,15138834,1615198518,0,5df30d09,46166884106108933",这反应也太超前了
"185.75600,5,25,15138834,1615198235,0,5df30d09,46166735922397191",正片结束
"895.68900,1,25,16777215,1615196324,0,fac51c4a,46165734081953799",一开口就是老德棍了doge
"1376.50900,1,25,16777215,1615192850,0,606fcc4f,46163912730607623",但是lube的更激情
"1233.14000,1,25,16777215,1615192718,0,606fcc4f,46163843513057285",我们是人民的军队，好评
"268.70900,1,25,16777215,1615192583,0,4d288d1b,46163772569026567",？？？？
"294.15000,1,25,16777215,1615188191,0,ad7a8431,46161470135730181",我说呢，朱可夫怎么没了
"1638.16700,1,25,16777215,1615186049,0,923de390,46160346709753863",右岸乌克兰战役
"1611.82000,1,25,16777215,1615186022,0,923de390,46160332888997891",主要是车少了，给来六个装甲师和十个摩步应该就兜住了
"988.21400,1,25,16777215,1615185318,0,923de390,46159963561656325",草，1942年的波罗的海战役
"929.36600,1,25,16777215,1615185259,0,923de390,46159932734046215",开战一周年
"793.43800,1,25,16777215,1615185123,0,923de390,46159861467054087",德棍现在装备都不满了，太惨了
"752.47500,1,25,16777215,1615185082,0,923de390,46159839967576069",斯摩棱斯克战役
"654.23900,1,25,16777215,1615184984,0,923de390,46159788479348739",曼施坦因：德里在印度！
"270.38500,1,25,16777215,1615184588,0,923de390,46159580732325891",哈哈哈哈，朱可夫
"1016.99100,1,25,16777215,1615184079,0,dac07359,46159313939988485",好家伙 口粮没有一个罐头是自己的
"1414.28600,1,25,16777215,1615182567,0,32254b9e,46158521150472199",这盟军不行啊
"1363.84600,1,25,16777215,1615181805,0,80c89890,46158121619947523",红军最强大，起飞
"621.86100,1,25,16777215,1615178989,0,7e319ede,46156645330321413",好家伙
"388.50100,1,25,16777215,1615178750,0,7e319ede,46156520336916487",一千多就离谱
"332.10100,1,25,16777215,1615178687,0,7e319ede,46156487341899783",明明离油田还有那么远
"280.40900,1,25,16777215,1615178676,0,5162230d,46156481166835715",还洗活了一些战神
"250.18100,1,25,16777215,1615178597,0,7e319ede,46156439710859271",哈哈哈
"13.89900,1,25,16777215,1615178061,0,71298b10,46156158687772679",正片
"9.45900,1,25,16777215,1615178032,0,7e319ede,46156143596666883",终于啊
"622.68500,1,25,16777215,1615177222,0,7f11e844,46155718801227781",提前两年的十突可还行
"891.67100,1,25,16777215,1615174663,0,ace6bc12,46154377193848835",苏军？果先森，你嘴瓢了
"995.61900,1,25,16777215,1615174469,0,34a6292d,46154275582640133",全歼北方集团军群
"742.53900,1,25,16777215,1615174456,0,ace6bc12,46154268961406979",大饺子
"721.36000,1,25,16777215,1615174056,0,bbd11958,46154058869243909",六一攻势失败了
"184.31200,1,25,15772458,1615173121,0,670048ec,46153568924729349",正片结束
"184.31200,1,25,16777215,1615173111,0,670048ec,46153563829174277",正片结束
"19.46000,1,25,16777215,1615172635,0,467b8078,46153313927299079",更了
"1601.54200,1,25,16777215,1615171855,0,76ca90dc,46152905267871747",河南？（doge）
"1370.99200,1,25,16777215,1615171641,0,76ca90dc,46152792907710467",我觉得拜柳版不如亚历山大红旗歌舞团的
"1222.47100,1,25,16777215,1615171477,0,76ca90dc,46152706766667779",好吃不过饺子
"4.45000,1,25,16777215,1615170121,0,76ca90dc,46151995916550147",有生之年
"1655.76600,1,25,16777215,1615169754,0,d86b5cb9,46151803754512389",2333
"340.52600,1,25,41194,1615169088,0,8d43022e,46151454548295683",隔着一个乌克兰打高加索
"111.99100,1,25,16777215,1615169057,0,9937d716,46151438335737859",来了来了
"290.06600,1,25,15138834,1615169023,0,8d43022e,46151420477440003",那托司机还在就离谱
"188.09900,1,25,16777215,1615168646,0,e15302cc,46151222957703171",正片结束（狗头）
"892.92400,1,25,16777215,1615167795,0,12c6ae45,46150776427380743",这德三一个集团军算是废了
"188.38000,1,25,16777215,1615165479,0,f1e0e79f,46149562329989127",好家伙，3分钟的片头
"1538.40400,1,25,16777215,1615165046,0,2e8f2a3f,46149335322722309",？
"1364.71800,1,25,16777215,1615163837,0,9e0eb6a4,46148701335846919",红军最强大
"19.09300,1,25,16777215,1615161520,0,a5326fc,46147486586765317",这个画面出自哪里啊
"990.90500,1,25,16777215,1615150577,0,f5cf593b,46141749445787651",库尔兰武装战俘营？
"627.43800,1,25,16777215,1615147687,0,8b16f8b3,46140234172727301",十次突击要开始了嘛
"212.09000,1,25,16777215,1615143105,0,404a07b7,46137831800176643",正片结束
"1999.50400,1,25,16777215,1615142025,0,42fbec6f,46137265471094789",草
"40.53000,1,25,11890,1615140500,0,38b0af32,46136466047238147",臣等正欲安寝，陛下何故更新
"262.94100,1,25,16777215,1615140236,0,42fbec6f,46136327403470855",啊这
"451.34200,1,25,16777215,1615139885,0,39923901,46136143619555333",bgm好像是战地5代的主旋律吧
"27.50200,1,25,16777215,1615139456,0,39923901,46135918982594565",更了！
"194.42000,1,25,16777215,1615138814,0,448430da,46135582296375303",青果！青果！青果！
"555.10300,1,25,16777215,1615136277,0,c9368af0,46134252100648963",巴布亚新几内亚
"991.49000,1,25,16777215,1615136269,0,ecbaf323,46134248011202563",这就来巴格拉季昂了？
"208.13800,1,25,16777215,1615135198,0,2ebe53ab,46133686098722819",？
"470.71600,1,25,16777215,1615135129,0,4526b5c1,46133650173460487",社保主义（错乱）
"436.87900,1,25,16777215,1615134961,0,49e00f97,46133562064240647",报道出了偏差
"228.39400,1,25,16777215,1615134493,0,d95eaaa,46133316556947463",lube好评
"892.74800,1,25,16777215,1615134247,0,cf797851,46133187686432773",苏军大草（你就是伟大祖国的叛徒）
"891.18100,1,25,16777215,1615134196,0,7457a09c,46133161131769861",和围我自己（雾）
"866.24800,1,25,16777215,1615134195,0,cf797851,46133160557674567",勒热夫歼灭战
"201.80100,1,25,16777215,1615134048,0,13162e63,46133083265040387",正片看完了心满意足离开
"483.16500,1,25,16777215,1615133725,0,cf797851,46132913997086727",好像战地一的bgm
"894.67600,1,25,16777215,1615133348,0,b2491eea,46132716173262855",苏军
"956.44500,1,25,16777215,1615133326,0,42a4c77e,46132705084047367",巴格拉季昂行动！
"304.37300,1,25,16777215,1615133239,0,65a2f474,46132659267043335",好家伙，这是英灵殿?
"470.51800,1,25,16777215,1615133119,0,d3755d6a,46132596111310855",巴多格里奥
"18.86800,1,25,16777215,1615133085,0,48874bf4,46132578592227333",卧槽 更新了？
"549.34300,1,25,16777215,1615133049,0,da487397,46132559826911237",不是巴布亚岛吧，是新几内亚岛
"340.75300,1,25,16777215,1615132924,0,1d0f948c,46132494034534407",三徳子这装备度打得动啥
"240.31200,1,25,16777215,1615132831,0,e04489b1,46132445409968133",洗了个脑
"335.89600,1,25,16777215,1615132784,0,b2491eea,46132420666195975",哪里都是高加索（狗头）
"331.15600,1,25,16777215,1615132762,0,b2491eea,46132409289146373",“高加索”
"191.53600,1,25,16777215,1615132607,0,b2491eea,46132327744536581",正片结束了散了散了
"188.79600,1,25,16777215,1615132594,0,b2491eea,46132321074544643",在？为什么在电影里插播游戏？
"1469.29100,1,25,16777215,1615172456,0,e0722fb7,46153220090757127",这豹纹裤子
"584.56400,1,25,16777215,1615148487,0,93b87e9a,46140653513474051",全村的希望23333
"290.24700,1,25,16777215,1615138397,0,c668d1c0,46135363715465219",天使的群嘲wwwww
"1038.39700,1,25,16777215,1615136193,0,98f702a,46134207802507271",前摇过长
"19.53200,1,25,16777215,1615132662,0,71e9cd19,46132356595056645",T8军团
"197.90800,1,25,16777215,1615132198,0,98f702a,46132113492672519",哈哈哈哈哈结了婚姓氏都不用换
"40.05300,1,25,16777215,1616671328,0,f1a1ed55,46939061043593219",你这是欧黄吗？
"175.29700,1,25,16777215,1615187336,0,3202d887,46161021680222215",加油
"165.20700,1,25,16777215,1615187326,0,3202d887,46161016489771013",加油
"122.51800,1,25,16777215,1615169716,0,895a1d66,46151783665369091",哈哈哈哈哈哈哈哈哈哈哈哈哈哈哈哈哈哈哈哈哈哈哈哈哈哈哈哈哈哈哈哈哈哈哈哈哈哈
"367.05800,1,25,16777215,1620892040,0,79b271af,49151929606471685",cao
"334.42000,1,25,16777215,1617760366,0,5c23a879,47510030326956035",我要杀了这两个狗男人！
"108.00900,1,25,16777215,1617631566,0,1f613dd7,47442501952339975",大龙，你得去看看眼科啊
"376.61900,1,25,16777215,1615725326,0,bbf5ec65,46443083320524807",在一起在一起
"366.30000,1,25,16777215,1615725308,0,bbf5ec65,46443073856077831",哇哇哇
"327.61400,1,25,16777215,1615264733,0,a03758d3,46201599929876485",狗男人
"381.83500,1,25,16777215,1615184972,0,28d46ee7,46159782048956421",两边开车
"367.07900,1,25,16777215,1615176289,0,7626e703,46155229856006149",天呐，露出姨母的微笑
"331.97000,1,25,16777215,1615176219,0,7626e703,46155192888459269",绝美同框！
"221.72100,1,25,16777215,1615176102,0,7626e703,46155131763294215",我们辛儿没跑多远就被抓住了
"202.21500,1,25,16777215,1615174877,0,f0c0f0e5,46154489548767237",魔帝羡羡造就了四人的悲剧呀
"0.64600,1,25,16777215,1621943624,0,da1d3c1f,49703262190305287",一给莫呀哈哈哈哈哈哈哈哈哈哈哈哈
"8.30800,5,25,8700107,1615828695,0,d66a26c7,46497278286888963",纸条：珉豪马上出来
"6.32000,1,25,16777215,1615376701,0,572ebc29,46260303667658755",哈哈哈哈哈哈
"9.80100,1,25,16777215,1615302186,0,33d388dc,46221235870236679",笑死
"6.03100,1,25,16777215,1615288004,0,558bbe92,46213800881291267",“珉豪来了”
"11.93400,1,25,16777215,1615197196,0,8a59e836,46166191068676103",哈哈哈哈哈哈哈哈就tm离谱
"4.63100,1,25,16777215,1615189439,0,2ae845a8,46162123935973381",开幕雷击
"13.11300,1,25,16777215,1615184297,0,11b30c70,46159428361650179",呀哈哈哈
"7.18100,1,25,16777215,1615140455,0,64aed27f,46136442355712005",翻译：珉豪马上出来
"9.54700,1,25,16777215,1615137928,0,481e1c94,46135117498286085",什么意思呀
"422.93600,1,25,16777215,1615344578,0,b73d1bbb,46243461969477635",吸血鬼来事了
"410.47500,1,25,16777215,1615343899,0,b73d1bbb,46243105881980931",太狠了
"303.31400,1,25,16777215,1615343781,0,b73d1bbb,46243043628023813",哈哈哈哈
"68.73700,1,25,16777215,1615343490,0,b73d1bbb,46242891306106883",打野狂喜
"33.99300,1,25,16777215,1615343391,0,b73d1bbb,46242839590862851",卧槽
"424.71100,1,25,16777215,1615179009,0,7f878a3,46156655737962503",这吸血鬼
"301.73500,1,25,16777215,1615158037,0,aa0f8062,46145660484845575",有点尴尬
"724.31800,1,25,16777215,1615139843,0,99fe6b8,46136121906167815",帅的
"527.43800,1,25,16777215,1615139655,0,99fe6b8,46136022952050693",这都没死就离谱
"53.20300,1,25,16777215,1617731992,0,fc59813b,47495154182389767",草草草
"4.36800,1,25,16777215,1617602506,0,e50c15a,47427266544664583",年应该是四川口音才对啊（狗头
"34.97900,1,25,16777215,1617336385,0,4e9861d8,47287742060036103",好姐姐
"35.47700,1,25,16777215,1617194370,0,c7c3ae89,47213285481119749",量子二踢脚
"54.40200,1,25,16777215,1615962658,0,13dc30cf,46567513757057027",我T M 谢谢你啊
"43.92400,1,25,15138834,1615951378,0,cf1b6473,46561599622217733",A big fking hole coming right now！
"36.25200,1,25,16777215,1615256409,0,e32c430,46197235705184261",好耶
"54.50000,1,25,16777215,1615215651,0,99c23708,46175866850377731",宝友！介钥匙可不兴用啊！
"51.18700,5,25,15138834,1615205855,0,82f4748f,46170730914643971",妈耶，钥匙可不能用啊
"46.97900,1,25,16777215,1615202736,0,857fa17e,46169095563378693",盲猜二脚踢
"50.26200,5,25,15138834,1615201491,0,1c99768c,46168442811711493",爆破贴片（彩虹六号的）
"50.94100,1,25,16777215,1615199539,0,7271b38d,46167419581366277",草
"30.44400,1,25,16777215,1615199507,0,7271b38d,46167402819354629",神笔马良
"52.21700,1,25,16777215,1615198900,0,88fa73a2,46167084763185159",草
"6.53900,1,25,16777215,1615198813,0,3bdb37e8,46167038888509443",zei钥匙可不兴用啊宝友
"52.54000,1,25,16777215,1615198718,0,2e53f5ee,46166988837879811",？
"78.31300,1,25,16777215,1615337722,0,ebb3463f,46239866978566151",我是先出无影，最后极光
"21.02000,1,25,16777215,1615167291,0,ba456026,46150512147955717",一刀两断
"208.02600,1,25,16777215,1615152669,0,277ace3a,46142846281973765",拐走爹爹再拐走女儿
"32.46400,1,25,16777215,1615152481,0,277ace3a,46142747371896835",第一把断刀
"5.53100,1,25,16777215,1615152448,0,277ace3a,46142730368712709",她爸爸身子弱她担心
"222.75800,1,25,16777215,1617238244,0,d371f926,47236287897272323",白色，易脏，难以清理。
"175.01000,1,25,16777215,1617238149,0,d371f926,47236238269743107",4K！
"150.92600,1,25,16777215,1617238110,0,d371f926,47236218093568003",游戏太少了
"122.02600,1,25,16777215,1617238065,0,d371f926,47236194328641539",价格越贵！
"102.94000,1,25,16777215,1617238036,0,d371f926,47236179157843975",应该！
"0.00000,1,25,16777215,1615805021,0,156094a8,46484866359361539",確實還有這裡面沒提到的外設
"31.24600,1,25,16777215,1615609227,0,2a97fa24,46382213918883843",这游戏值得白金
"2.10600,1,25,16777215,1615709879,0,c018bab0,46434984432500739",好看
"16.94800,1,25,16777215,1615709872,0,c018bab0,46434981104844807",好看
"14.39600,1,25,16777215,1615130206,0,a568f5d2,46131068816850951",我死了
"85.53900,1,25,16777215,1617093064,0,67d097d4,47160172196921351",我赌他刚才死了
"79.74600,1,25,16777215,1617019744,0,1ebcacd9,47121731387654149",有本事继续录啊
"121.88000,1,25,16777215,1621956130,0,cc6cbff5,49709819009957891",gan
"12.39900,1,25,16777215,1616508377,0,154f5daa,46853627769257987",啊啊啊啊啊啊看我发现了什么！
"27.74500,1,25,16777215,1616220419,0,8837f93f,46702654399709187",永远的凯伽
"88.37400,1,25,16777215,1615384807,0,bc4194d,46264553421930503",草
"26.82600,1,25,16777215,1615913155,0,1d998d95,46541559739973637",老婆的腹肌好美
"13.70700,1,25,16777215,1615895956,0,8bf7ea10,46532542424678405",原来只有一块腹肌不是我的原因
"21.86500,1,25,16777215,1615870944,0,1764ad17,46519429317525509",这身条也太靓了
"17.29300,1,25,16777215,1615718707,0,40f306a9,46439613008969735",所以有人只能是六块不能成八块
"26.43500,1,25,14811775,1615467728,0,835f3e34,46308027618295813",老婆的胸肌好大啊
"29.70000,1,25,16777215,1615273436,0,4d0712e9,46206162614353923",老婆的好对称
"6.35300,1,25,16777215,1615273400,0,4d0712e9,46206144087064583",老婆
"26.25900,1,25,16777215,1615209470,0,e289191c,46172626429673479",还真是一个八块，一个六块
"26.28400,1,25,16777215,1615208434,0,434d3d71,46172083110019075",老婆！！
"19.39900,1,25,16777215,1615204412,0,940a8ad3,46169974379642885",哈哈哈哈哈哈这样啊
"21.04500,1,25,16777215,1615204342,0,43e0cf91,46169937832050693",我不信除非给我看
"22.68400,1,25,16777215,1615133126,0,e289191c,46132600164057095",wow
"9.73600,1,25,16777215,1615132849,0,e289191c,46132454777421829",原来是这样的吗
"3.76400,1,25,16777215,1615356066,0,1291dc4,46249484757237763",道理我都懂，这bgm是现场的吗
"181.60900,1,25,16777215,1615722718,0,ad65c3d4,46441715792871429",汝听人言否
"155.77100,1,25,16777215,1615393333,0,92aae3ca,46269023436931075",厉害了 哈哈哈
"138.42300,1,25,16777215,1615393316,0,92aae3ca,46269014383525893",不愧是你
"168.31300,1,25,16777215,1615132387,0,1b5426f7,46132212430012421",你是真的6，手动滑稽
"64.05400,1,25,16777215,1615360841,0,9e89ea6e,46251988059947011",神翻译
"7.24900,1,25,16777215,1618553931,0,9005597e,47926087208402949",表哥表哥
"39.92100,1,25,16777215,1615313084,0,b173fa06,46226949678301187",一时分不清应该先羡慕人还是羡慕猫猫
